-- ============================================
-- Script de Base de Datos ProgSENA
-- Versión Final con Auditoría - Ejecutable en MySQL
-- ============================================

SET @OLD_UNIQUE_CHECKS=@@UNIQUE_CHECKS, UNIQUE_CHECKS=0;
SET @OLD_FOREIGN_KEY_CHECKS=@@FOREIGN_KEY_CHECKS, FOREIGN_KEY_CHECKS=0;
SET @OLD_SQL_MODE=@@SQL_MODE, SQL_MODE='ONLY_FULL_GROUP_BY,STRICT_TRANS_TABLES,NO_ZERO_IN_DATE,NO_ZERO_DATE,ERROR_FOR_DIVISION_BY_ZERO,NO_ENGINE_SUBSTITUTION';

-- ============================================
-- 1. CREAR/RECREAR BASE DE DATOS
-- ============================================
DROP DATABASE IF EXISTS ProgSENA;
CREATE DATABASE ProgSENA CHARACTER SET utf8mb4 COLLATE utf8mb4_unicode_ci;
USE ProgSENA;

-- ============================================
-- 2. CREAR TABLAS PRINCIPALES
-- ============================================

-- Tabla: titulo_programa (Tecnologo, Tecnico, Auxiliar)
CREATE TABLE titulo_programa (
  titpro_id INT NOT NULL AUTO_INCREMENT,
  titpro_nombre VARCHAR(45) NOT NULL,
  PRIMARY KEY (titpro_id)
) ENGINE=InnoDB DEFAULT CHARSET=utf8mb4 COLLATE=utf8mb4_unicode_ci;

-- Tabla: programa
CREATE TABLE programa (
  prog_codigo INT NOT NULL,
  prog_denominacion VARCHAR(100) NOT NULL,
  TIT_PROGRAMA_titpro_id INT NOT NULL,
  prog_tipo VARCHAR(30) NOT NULL,
  prog_version VARCHAR(20) DEFAULT NULL,
  CENTRO_FORMACION_cent_id INT DEFAULT NULL,
  PRIMARY KEY (prog_codigo),
  INDEX fk_PROGRAMA_TIPO_PROGRAMA_idx (TIT_PROGRAMA_titpro_id ASC),
  INDEX fk_PROGRAMA_CENTRO_FORMACION1_idx (CENTRO_FORMACION_cent_id ASC),
  CONSTRAINT fk_PROGRAMA_TIPO_PROGRAMA
    FOREIGN KEY (TIT_PROGRAMA_titpro_id)
    REFERENCES titulo_programa (titpro_id)
    ON DELETE NO ACTION
    ON UPDATE NO ACTION,
  CONSTRAINT fk_PROGRAMA_CENTRO_FORMACION1
    FOREIGN KEY (CENTRO_FORMACION_cent_id)
    REFERENCES CENTRO_FORMACION (cent_id)
    ON DELETE NO ACTION
    ON UPDATE NO ACTION
) ENGINE=InnoDB DEFAULT CHARSET=utf8mb4 COLLATE=utf8mb4_unicode_ci;

-- Tabla: COMPETENCIA
CREATE TABLE COMPETENCIA (
  comp_id INT NOT NULL AUTO_INCREMENT,
  comp_nombre_corto VARCHAR(30) NOT NULL,
  comp_horas INT NOT NULL,
  comp_nombre_unidad_competencia VARCHAR(200) NOT NULL,
  PRIMARY KEY (comp_id)
) ENGINE=InnoDB DEFAULT CHARSET=utf8mb4 COLLATE=utf8mb4_unicode_ci;

-- Tabla: CENTRO_FORMACION
CREATE TABLE CENTRO_FORMACION (
  cent_id INT NOT NULL AUTO_INCREMENT,
  cent_nombre VARCHAR(100) NOT NULL,
  cent_correo VARCHAR(45) NOT NULL,
  cent_password VARCHAR(255) NOT NULL,
  PRIMARY KEY (cent_id)
) ENGINE=InnoDB DEFAULT CHARSET=utf8mb4 COLLATE=utf8mb4_unicode_ci;

-- Tabla: COORDINACION
CREATE TABLE COORDINACION (
  coord_id INT NOT NULL AUTO_INCREMENT,
  coord_descripcion VARCHAR(45) NOT NULL,
  CENTRO_FORMACION_cent_id INT NOT NULL,
  coord_nombre_coordinador VARCHAR(45) NOT NULL,
  coord_correo VARCHAR(45) NOT NULL,
  coord_password VARCHAR(255) NOT NULL,
  PRIMARY KEY (coord_id),
  INDEX fk_COORDINACION_CENTRO_FORMACION1_idx (CENTRO_FORMACION_cent_id ASC),
  CONSTRAINT fk_COORDINACION_CENTRO_FORMACION1
    FOREIGN KEY (CENTRO_FORMACION_cent_id)
    REFERENCES CENTRO_FORMACION (cent_id)
    ON DELETE NO ACTION
    ON UPDATE NO ACTION
) ENGINE=InnoDB DEFAULT CHARSET=utf8mb4 COLLATE=utf8mb4_unicode_ci;

-- Tabla: INSTRUCTOR
CREATE TABLE INSTRUCTOR (
  inst_id INT NOT NULL AUTO_INCREMENT,
  inst_nombres VARCHAR(45) NOT NULL,
  inst_apellidos VARCHAR(45) NOT NULL,
  inst_correo VARCHAR(45) NOT NULL,
  inst_telefono BIGINT NOT NULL,
  CENTRO_FORMACION_cent_id INT NOT NULL,
  inst_password VARCHAR(255) NOT NULL,
  PRIMARY KEY (inst_id),
  INDEX fk_INSTRUCTOR_CENTRO_FORMACION1_idx (CENTRO_FORMACION_cent_id ASC),
  CONSTRAINT fk_INSTRUCTOR_CENTRO_FORMACION1
    FOREIGN KEY (CENTRO_FORMACION_cent_id)
    REFERENCES CENTRO_FORMACION (cent_id)
    ON DELETE NO ACTION
    ON UPDATE NO ACTION
) ENGINE=InnoDB DEFAULT CHARSET=utf8mb4 COLLATE=utf8mb4_unicode_ci;

-- Tabla: COMPETENCIA_PROGRAMA
CREATE TABLE COMPETENCIA_PROGRAMA (
  PROGRAMA_prog_id INT NOT NULL,
  COMPETENCIA_comp_id INT NOT NULL,
  PRIMARY KEY (PROGRAMA_prog_id, COMPETENCIA_comp_id),
  INDEX fk_COMPETENCIA_PROGRAMA_COMPETENCIA1_idx (COMPETENCIA_comp_id ASC),
  CONSTRAINT fk_COMPETENCIA_PROGRAMA_PROGRAMA1
    FOREIGN KEY (PROGRAMA_prog_id)
    REFERENCES PROGRAMA (prog_codigo)
    ON DELETE CASCADE
    ON UPDATE CASCADE,
  CONSTRAINT fk_COMPETENCIA_PROGRAMA_COMPETENCIA1
    FOREIGN KEY (COMPETENCIA_comp_id)
    REFERENCES COMPETENCIA (comp_id)
    ON DELETE CASCADE
    ON UPDATE CASCADE
) ENGINE=InnoDB DEFAULT CHARSET=utf8mb4 COLLATE=utf8mb4_unicode_ci;

-- Tabla: FICHA
CREATE TABLE FICHA (
  fich_id INT NOT NULL,
  PROGRAMA_prog_id INT NOT NULL,
  INSTRUCTOR_inst_id_lider INT NOT NULL,
  fich_jornada VARCHAR(20) NOT NULL,
  COORDINACION_coord_id INT NOT NULL,
  fich_fecha_ini_lectiva DATE NOT NULL,
  fich_fecha_fin_lectiva DATE NOT NULL,
  PRIMARY KEY (fich_id),
  INDEX fk_FICHA_PROGRAMA1_idx (PROGRAMA_prog_id ASC),
  INDEX fk_FICHA_INSTRUCTOR1_idx (INSTRUCTOR_inst_id_lider ASC),
  INDEX fk_FICHA_COORDINACION1_idx (COORDINACION_coord_id ASC),
  CONSTRAINT fk_FICHA_PROGRAMA1
    FOREIGN KEY (PROGRAMA_prog_id)
    REFERENCES PROGRAMA (prog_codigo)
    ON DELETE NO ACTION
    ON UPDATE NO ACTION,
  CONSTRAINT fk_FICHA_INSTRUCTOR1
    FOREIGN KEY (INSTRUCTOR_inst_id_lider)
    REFERENCES INSTRUCTOR (inst_id)
    ON DELETE NO ACTION
    ON UPDATE NO ACTION,
  CONSTRAINT fk_FICHA_COORDINACION1
    FOREIGN KEY (COORDINACION_coord_id)
    REFERENCES COORDINACION (coord_id)
    ON DELETE NO ACTION
    ON UPDATE NO ACTION
) ENGINE=InnoDB DEFAULT CHARSET=utf8mb4 COLLATE=utf8mb4_unicode_ci;

-- Tabla: SEDE
CREATE TABLE SEDE (
  sede_id INT NOT NULL AUTO_INCREMENT,
  sede_nombre VARCHAR(45) NOT NULL,
  PRIMARY KEY (sede_id)
) ENGINE=InnoDB DEFAULT CHARSET=utf8mb4 COLLATE=utf8mb4_unicode_ci;

-- Tabla: AMBIENTE
CREATE TABLE AMBIENTE (
  amb_id VARCHAR(5) NOT NULL,
  amb_nombre VARCHAR(45) NULL,
  SEDE_sede_id INT NOT NULL,
  PRIMARY KEY (amb_id),
  INDEX fk_AMBIENTE_SEDE1_idx (SEDE_sede_id ASC),
  CONSTRAINT fk_AMBIENTE_SEDE1
    FOREIGN KEY (SEDE_sede_id)
    REFERENCES SEDE (sede_id)
    ON DELETE CASCADE
    ON UPDATE CASCADE
) ENGINE=InnoDB DEFAULT CHARSET=utf8mb4 COLLATE=utf8mb4_unicode_ci;

-- Tabla: ASIGNACION
CREATE TABLE ASIGNACION (
  ASIG_ID INT NOT NULL AUTO_INCREMENT,
  INSTRUCTOR_inst_id INT NOT NULL,
  asig_fecha_ini DATETIME NOT NULL,
  asig_fecha_fin DATETIME NOT NULL,
  FICHA_fich_id INT NOT NULL,
  AMBIENTE_amb_id VARCHAR(5) NOT NULL,
  COMPETENCIA_comp_id INT NOT NULL,
  PRIMARY KEY (ASIG_ID),
  INDEX fk_ASIGNACION_INSTRUCTOR1_idx (INSTRUCTOR_inst_id ASC),
  INDEX fk_ASIGNACION_FICHA1_idx (FICHA_fich_id ASC),
  INDEX fk_ASIGNACION_AMBIENTE1_idx (AMBIENTE_amb_id ASC),
  INDEX fk_ASIGNACION_COMPETENCIA1_idx (COMPETENCIA_comp_id ASC),
  CONSTRAINT fk_ASIGNACION_INSTRUCTOR1
    FOREIGN KEY (INSTRUCTOR_inst_id)
    REFERENCES INSTRUCTOR (inst_id)
    ON DELETE NO ACTION
    ON UPDATE NO ACTION,
  CONSTRAINT fk_ASIGNACION_FICHA1
    FOREIGN KEY (FICHA_fich_id)
    REFERENCES FICHA (fich_id)
    ON DELETE CASCADE
    ON UPDATE CASCADE,
  CONSTRAINT fk_ASIGNACION_AMBIENTE1
    FOREIGN KEY (AMBIENTE_amb_id)
    REFERENCES AMBIENTE (amb_id)
    ON DELETE NO ACTION
    ON UPDATE NO ACTION,
  CONSTRAINT fk_ASIGNACION_COMPETENCIA1
    FOREIGN KEY (COMPETENCIA_comp_id)
    REFERENCES COMPETENCIA (comp_id)
    ON DELETE NO ACTION
    ON UPDATE NO ACTION
) ENGINE=InnoDB DEFAULT CHARSET=utf8mb4 COLLATE=utf8mb4_unicode_ci;

-- Tabla: DETALLE_ASIGNACION
CREATE TABLE DETALLE_ASIGNACION (
  detasig_id INT NOT NULL AUTO_INCREMENT,
  ASIGNACION_ASIG_ID INT NOT NULL,
  detasig_fecha DATE NOT NULL,
  detasig_hora_ini TIME NOT NULL,
  detasig_hora_fin TIME NOT NULL,
  PRIMARY KEY (detasig_id),
  INDEX fk_DETALLE_ASIGNACION_ASIGNACION1_idx (ASIGNACION_ASIG_ID ASC),
  CONSTRAINT fk_DETALLE_ASIGNACION_ASIGNACION1
    FOREIGN KEY (ASIGNACION_ASIG_ID)
    REFERENCES ASIGNACION (ASIG_ID)
    ON DELETE CASCADE
    ON UPDATE CASCADE
) ENGINE=InnoDB DEFAULT CHARSET=utf8mb4 COLLATE=utf8mb4_unicode_ci;

-- ============================================
-- TABLA DE AUDITORÍA PARA ASIGNACION
-- ============================================

-- Tabla: AUDITORIA_ASIGNACION
CREATE TABLE AUDITORIA_ASIGNACION (
  audit_id INT NOT NULL AUTO_INCREMENT,
  asig_id INT NOT NULL,
  datos_anteriores JSON NULL COMMENT 'Datos antes del cambio (NULL para INSERT)',
  datos_nuevos JSON NULL COMMENT 'Datos después del cambio (NULL para DELETE)',
  audit_fecha_hora DATETIME NOT NULL DEFAULT CURRENT_TIMESTAMP COMMENT 'Fecha y hora de la acción',
  audit_usuario_correo VARCHAR(45) NOT NULL COMMENT 'Correo del usuario que realizó la acción',
  audit_accion ENUM('INSERT', 'UPDATE', 'DELETE') NOT NULL COMMENT 'Tipo de operación realizada',
  audit_uuid VARCHAR(36) NULL COMMENT 'UUID para agrupar acciones relacionadas',
  PRIMARY KEY (audit_id),
  INDEX idx_asig_id (asig_id),
  INDEX idx_fecha_hora (audit_fecha_hora),
  INDEX idx_accion (audit_accion),
  INDEX idx_usuario (audit_usuario_correo)
) ENGINE=InnoDB DEFAULT CHARSET=utf8mb4 COLLATE=utf8mb4_unicode_ci
COMMENT='Tabla de auditoría para registrar cambios en ASIGNACION';

-- Tabla: INSTRUCTOR_COMPETENCIA
CREATE TABLE INSTRUCTOR_COMPETENCIA (
  inscomp_id INT NOT NULL AUTO_INCREMENT,
  INSTRUCTOR_inst_id INT NOT NULL,
  COMPETENCIA_PROGRAMA_PROGRAMA_prog_id INT NOT NULL,
  COMPETENCIA_PROGRAMA_COMPETENCIA_comp_id INT NOT NULL,
  inscomp_vigencia DATE NOT NULL,
  PRIMARY KEY (inscomp_id),
  INDEX fk_INSTRUCTOR_COMPETENCIA_INSTRUCTOR1_idx (INSTRUCTOR_inst_id ASC),
  INDEX fk_INSTRUCTOR_COMPETENCIA_COMPETENCIA_PROGRAMA1_idx (COMPETENCIA_PROGRAMA_PROGRAMA_prog_id ASC, COMPETENCIA_PROGRAMA_COMPETENCIA_comp_id ASC),
  CONSTRAINT fk_INSTRUCTOR_COMPETENCIA_INSTRUCTOR1
    FOREIGN KEY (INSTRUCTOR_inst_id)
    REFERENCES INSTRUCTOR (inst_id)
    ON DELETE CASCADE
    ON UPDATE CASCADE,
  CONSTRAINT fk_INSTRUCTOR_COMPETENCIA_COMPETENCIA_PROGRAMA1
    FOREIGN KEY (COMPETENCIA_PROGRAMA_PROGRAMA_prog_id, COMPETENCIA_PROGRAMA_COMPETENCIA_comp_id)
    REFERENCES COMPETENCIA_PROGRAMA (PROGRAMA_prog_id, COMPETENCIA_comp_id)
    ON DELETE CASCADE
    ON UPDATE CASCADE
) ENGINE=InnoDB DEFAULT CHARSET=utf8mb4 COLLATE=utf8mb4_unicode_ci;

-- ============================================
-- TRIGGERS DE AUDITORÍA PARA ASIGNACION
-- ============================================

-- Trigger para INSERT: Registra nuevas asignaciones
DELIMITER $$
CREATE TRIGGER trg_auditoria_asignacion_insert
AFTER INSERT ON ASIGNACION
FOR EACH ROW
BEGIN
  INSERT INTO AUDITORIA_ASIGNACION (
    asig_id,
    datos_anteriores,
    datos_nuevos,
    audit_fecha_hora,
    audit_usuario_correo,
    audit_accion,
    audit_uuid
  ) VALUES (
    NEW.ASIG_ID,
    NULL,
    JSON_OBJECT(
      'INSTRUCTOR_inst_id', NEW.INSTRUCTOR_inst_id,
      'asig_fecha_ini', NEW.asig_fecha_ini,
      'asig_fecha_fin', NEW.asig_fecha_fin,
      'FICHA_fich_id', NEW.FICHA_fich_id,
      'AMBIENTE_amb_id', NEW.AMBIENTE_amb_id,
      'COMPETENCIA_comp_id', NEW.COMPETENCIA_comp_id
    ),
    NOW(),
    IFNULL(@usuario_correo, 'sistema@sena.edu.co'),
    'INSERT',
    @audit_uuid
  );
END$$
DELIMITER ;

-- Trigger para UPDATE: Registra modificaciones
DELIMITER $$
CREATE TRIGGER trg_auditoria_asignacion_update
AFTER UPDATE ON ASIGNACION
FOR EACH ROW
BEGIN
  INSERT INTO AUDITORIA_ASIGNACION (
    asig_id,
    datos_anteriores,
    datos_nuevos,
    audit_fecha_hora,
    audit_usuario_correo,
    audit_accion,
    audit_uuid
  ) VALUES (
    NEW.ASIG_ID,
    JSON_OBJECT(
      'INSTRUCTOR_inst_id', OLD.INSTRUCTOR_inst_id,
      'asig_fecha_ini', OLD.asig_fecha_ini,
      'asig_fecha_fin', OLD.asig_fecha_fin,
      'FICHA_fich_id', OLD.FICHA_fich_id,
      'AMBIENTE_amb_id', OLD.AMBIENTE_amb_id,
      'COMPETENCIA_comp_id', OLD.COMPETENCIA_comp_id
    ),
    JSON_OBJECT(
      'INSTRUCTOR_inst_id', NEW.INSTRUCTOR_inst_id,
      'asig_fecha_ini', NEW.asig_fecha_ini,
      'asig_fecha_fin', NEW.asig_fecha_fin,
      'FICHA_fich_id', NEW.FICHA_fich_id,
      'AMBIENTE_amb_id', NEW.AMBIENTE_amb_id,
      'COMPETENCIA_comp_id', NEW.COMPETENCIA_comp_id
    ),
    NOW(),
    IFNULL(@usuario_correo, 'sistema@sena.edu.co'),
    'UPDATE',
    @audit_uuid
  );
END$$
DELIMITER ;

-- Trigger para DELETE: Registra eliminaciones
DELIMITER $$
CREATE TRIGGER trg_auditoria_asignacion_delete
BEFORE DELETE ON ASIGNACION
FOR EACH ROW
BEGIN
  INSERT INTO AUDITORIA_ASIGNACION (
    asig_id,
    datos_anteriores,
    datos_nuevos,
    audit_fecha_hora,
    audit_usuario_correo,
    audit_accion,
    audit_uuid
  ) VALUES (
    OLD.ASIG_ID,
    JSON_OBJECT(
      'INSTRUCTOR_inst_id', OLD.INSTRUCTOR_inst_id,
      'asig_fecha_ini', OLD.asig_fecha_ini,
      'asig_fecha_fin', OLD.asig_fecha_fin,
      'FICHA_fich_id', OLD.FICHA_fich_id,
      'AMBIENTE_amb_id', OLD.AMBIENTE_amb_id,
      'COMPETENCIA_comp_id', OLD.COMPETENCIA_comp_id
    ),
    NULL,
    NOW(),
    IFNULL(@usuario_correo, 'sistema@sena.edu.co'),
    'DELETE',
    @audit_uuid
  );
END$$
DELIMITER ;

-- ============================================
-- TRIGGERS DE AUDITORIA PARA DETALLE_ASIGNACION
-- ============================================

-- Trigger para INSERT en DETALLE_ASIGNACION
DELIMITER $
CREATE TRIGGER trg_auditoria_detalle_insert
AFTER INSERT ON DETALLE_ASIGNACION
FOR EACH ROW
BEGIN
  INSERT INTO AUDITORIA_ASIGNACION (
    asig_id, datos_anteriores, datos_nuevos,
    audit_fecha_hora, audit_usuario_correo, audit_accion, audit_uuid
  ) VALUES (
    NEW.ASIGNACION_ASIG_ID,
    NULL,
    JSON_OBJECT(
      'detasig_id',         NEW.detasig_id,
      'ASIGNACION_ASIG_ID', NEW.ASIGNACION_ASIG_ID,
      'detasig_fecha',      NEW.detasig_fecha,
      'detasig_hora_ini',   NEW.detasig_hora_ini,
      'detasig_hora_fin',   NEW.detasig_hora_fin
    ),
    NOW(),
    IFNULL(@usuario_correo, 'sistema@sena.edu.co'),
    'INSERT',
    @audit_uuid
  );
END$
DELIMITER ;

-- Trigger para UPDATE en DETALLE_ASIGNACION
DELIMITER $
CREATE TRIGGER trg_auditoria_detalle_update
AFTER UPDATE ON DETALLE_ASIGNACION
FOR EACH ROW
BEGIN
  INSERT INTO AUDITORIA_ASIGNACION (
    asig_id, datos_anteriores, datos_nuevos,
    audit_fecha_hora, audit_usuario_correo, audit_accion, audit_uuid
  ) VALUES (
    NEW.ASIGNACION_ASIG_ID,
    JSON_OBJECT(
      'detasig_id',         OLD.detasig_id,
      'ASIGNACION_ASIG_ID', OLD.ASIGNACION_ASIG_ID,
      'detasig_fecha',      OLD.detasig_fecha,
      'detasig_hora_ini',   OLD.detasig_hora_ini,
      'detasig_hora_fin',   OLD.detasig_hora_fin
    ),
    JSON_OBJECT(
      'detasig_id',         NEW.detasig_id,
      'ASIGNACION_ASIG_ID', NEW.ASIGNACION_ASIG_ID,
      'detasig_fecha',      NEW.detasig_fecha,
      'detasig_hora_ini',   NEW.detasig_hora_ini,
      'detasig_hora_fin',   NEW.detasig_hora_fin
    ),
    NOW(),
    IFNULL(@usuario_correo, 'sistema@sena.edu.co'),
    'UPDATE',
    @audit_uuid
  );
END$
DELIMITER ;

-- Trigger para DELETE en DETALLE_ASIGNACION
DELIMITER $
CREATE TRIGGER trg_auditoria_detalle_delete
BEFORE DELETE ON DETALLE_ASIGNACION
FOR EACH ROW
BEGIN
  INSERT INTO AUDITORIA_ASIGNACION (
    asig_id, datos_anteriores, datos_nuevos,
    audit_fecha_hora, audit_usuario_correo, audit_accion, audit_uuid
  ) VALUES (
    OLD.ASIGNACION_ASIG_ID,
    JSON_OBJECT(
      'detasig_id',         OLD.detasig_id,
      'ASIGNACION_ASIG_ID', OLD.ASIGNACION_ASIG_ID,
      'detasig_fecha',      OLD.detasig_fecha,
      'detasig_hora_ini',   OLD.detasig_hora_ini,
      'detasig_hora_fin',   OLD.detasig_hora_fin
    ),
    NULL,
    NOW(),
    IFNULL(@usuario_correo, 'sistema@sena.edu.co'),
    'DELETE',
    @audit_uuid
  );
END$
DELIMITER ;

-- 3. INSERTAR DATOS DE EJEMPLO
-- ============================================

-- ── TÍTULOS DE PROGRAMA ──────────────────────────────────────────────────────
-- IDs: 1=Técnico, 2=Tecnólogo, 3=Especialización Tecnológica,
--      4=Curso Complementario, 5=Operario y/o Auxiliar
INSERT INTO titulo_programa (titpro_nombre) VALUES 
('Técnico'),
('Tecnólogo'),
('Especialización Tecnológica'),
('Curso Complementario'),
('Operario y/o Auxiliar');

-- ── PROGRAMAS ────────────────────────────────────────────────────────────────
INSERT INTO programa (prog_codigo, prog_denominacion, TIT_PROGRAMA_titpro_id, prog_tipo, prog_version, CENTRO_FORMACION_cent_id) VALUES 
(228106, 'Análisis y Desarrollo de Software', 2, 'Presencial', '1', 1),
(228118, 'Gestión de Redes de Datos', 2, 'Presencial', '1', 1),
(934108, 'Sistemas', 1, 'Presencial', '1', 1),
(300501, 'Gestión de Proyectos de Software', 3, 'Virtual', '1', 1),
(500101, 'Auxiliar Contable y Financiero', 1, 'Presencial', '1', 1),
(934130, 'Mecánica Automotriz', 4, 'Presencial', '1', 2),
(300502, 'Seguridad Informática', 5, 'Virtual', '1', 2),
(400101, 'Inglés para el Trabajo', 4, 'A distancia', '1', 2),
(400102, 'Emprendimiento e Innovación', 4, 'A distancia', '1', 2),
(500102, 'Operario de Mantenimiento Locativo', 4, 'Presencial', '1', 2);

-- IDs: 1=Inglés, 2=Ética, 3=Comunicación, 4=Cultura Física, 5=Der.Fundamentales,
--      6=Medio Ambiente, 7=SST, 8=Emprendimiento, 9=Investigación,
--      10=Matemáticas, 11=Tecnologías, 12=Liderazgo
INSERT INTO competencia (comp_nombre_corto, comp_horas, comp_nombre_unidad_competencia) VALUES 
('INGLES',            48,  'Comprender textos en inglés en forma escrita y auditiva'),
('ETICA',             48,  'Promover la interacción idónea consigo mismo, con los demás y con la naturaleza en los contextos laboral y social'),
('COMUNICACION',      48,  'Utilizar el lenguaje oral y escrito como instrumento de comunicación y aprendizaje'),
('CULTURA_FISICA',    48,  'Desarrollar permanentemente las habilidades psicomotrices y de pensamiento en la ejecución de los procesos de aprendizaje'),
('DER_FUNDAMENTALES', 48,  'Ejercer los derechos fundamentales del trabajo en el marco de la Constitución Política y los convenios internacionales'),
('MEDIO_AMBIENTE',    48,  'Promover la preservación y el uso sostenible de los recursos naturales y el medio ambiente'),
('SST',               48,  'Aplicar las normas de seguridad y salud en el trabajo en el desempeño de las actividades laborales'),
('EMPRENDIMIENTO',    48,  'Aplicar en la resolución de problemas reales del sector productivo los conocimientos y habilidades del programa de formación'),
('INVESTIGACION',     48,  'Desarrollar procesos de investigación aplicada en el área de conocimiento del programa de formación'),
('MATEMATICAS',       48,  'Aplicar conceptos matemáticos y estadísticos en la solución de problemas del contexto productivo'),
('TECNOLOGIAS',       48,  'Aplicar tecnologías de la información teniendo en cuenta las necesidades de la unidad productiva'),
('LIDERAZGO',         48,  'Ejercer el liderazgo en los procesos de trabajo colaborativo orientados al desarrollo humano integral');

-- ── CENTROS DE FORMACIÓN ─────────────────────────────────────────────────────
-- Password por defecto: password123
-- cent_id 1 = CIES, cent_id 2 = CEDRUM
INSERT INTO CENTRO_FORMACION (cent_nombre, cent_correo, cent_password) VALUES 
('CIES - Centro de Industria, Empresa y Servicios',   'cies@sena.edu.co',   '$2y$10$92IXUNpkjO0rOQ5byMi.Ye4oKoEa3Ro9llC/.og/at2.uheWG/igi'),
('CEDRUM - Centro de Desarrollo Agroempresarial',     'cedrum@sena.edu.co', '$2y$10$92IXUNpkjO0rOQ5byMi.Ye4oKoEa3Ro9llC/.og/at2.uheWG/igi');

-- ── COORDINACIONES (3 por centro) ────────────────────────────────────────────
-- CIES (cent_id=1): coord_id 1,2,3
-- CEDRUM (cent_id=2): coord_id 4,5,6
INSERT INTO COORDINACION (coord_descripcion, CENTRO_FORMACION_cent_id, coord_nombre_coordinador, coord_correo, coord_password) VALUES 
('Coordinación TIC y Servicios',          1, 'Laura Milena Díaz Rojas',       'coord.tic@cies.sena.edu.co',       '$2y$10$92IXUNpkjO0rOQ5byMi.Ye4oKoEa3Ro9llC/.og/at2.uheWG/igi'),
('Coordinación Industria y Manufactura',  1, 'Hernán Darío Prada Cáceres',    'coord.industria@cies.sena.edu.co', '$2y$10$92IXUNpkjO0rOQ5byMi.Ye4oKoEa3Ro9llC/.og/at2.uheWG/igi'),
('Coordinación Gestión Empresarial',      1, 'Yolanda Suárez Contreras',      'coord.gestion@cies.sena.edu.co',   '$2y$10$92IXUNpkjO0rOQ5byMi.Ye4oKoEa3Ro9llC/.og/at2.uheWG/igi'),
('Coordinación Agropecuaria',             2, 'Fabio Enrique Mora Quintero',   'coord.agro@cedrum.sena.edu.co',    '$2y$10$92IXUNpkjO0rOQ5byMi.Ye4oKoEa3Ro9llC/.og/at2.uheWG/igi'),
('Coordinación Ambiental',                2, 'Claudia Inés Vargas Peñaloza',  'coord.ambiental@cedrum.sena.edu.co','$2y$10$92IXUNpkjO0rOQ5byMi.Ye4oKoEa3Ro9llC/.og/at2.uheWG/igi'),
('Coordinación Desarrollo Rural',         2, 'Jorge Armando Rueda Téllez',    'coord.rural@cedrum.sena.edu.co',   '$2y$10$92IXUNpkjO0rOQ5byMi.Ye4oKoEa3Ro9llC/.og/at2.uheWG/igi');

-- ── INSTRUCTORES ─────────────────────────────────────────────────────────────
-- CIES (cent_id=1): inst_id 1-8  (8 instructores)
-- CEDRUM (cent_id=2): inst_id 9-15 (7 instructores)
INSERT INTO INSTRUCTOR (inst_nombres, inst_apellidos, inst_correo, inst_telefono, CENTRO_FORMACION_cent_id, inst_password) VALUES 
-- CIES
('Carlos Andrés',  'Peña Villamizar',    'carlos.pena@cies.sena.edu.co',      3175001001, 1, '$2y$10$92IXUNpkjO0rOQ5byMi.Ye4oKoEa3Ro9llC/.og/at2.uheWG/igi'),
('Diana Marcela',  'Cáceres Ortiz',      'diana.caceres@cies.sena.edu.co',    3175001002, 1, '$2y$10$92IXUNpkjO0rOQ5byMi.Ye4oKoEa3Ro9llC/.og/at2.uheWG/igi'),
('Jhon Fredy',     'Rangel Sepúlveda',   'jhon.rangel@cies.sena.edu.co',      3175001003, 1, '$2y$10$92IXUNpkjO0rOQ5byMi.Ye4oKoEa3Ro9llC/.og/at2.uheWG/igi'),
('Adriana',        'Suárez Maldonado',   'adriana.suarez@cies.sena.edu.co',   3175001004, 1, '$2y$10$92IXUNpkjO0rOQ5byMi.Ye4oKoEa3Ro9llC/.og/at2.uheWG/igi'),
('Mauricio',       'Delgado Contreras',  'mauricio.delgado@cies.sena.edu.co', 3175001005, 1, '$2y$10$92IXUNpkjO0rOQ5byMi.Ye4oKoEa3Ro9llC/.og/at2.uheWG/igi'),
('Paola Fernanda', 'Niño Guerrero',      'paola.nino@cies.sena.edu.co',       3175001006, 1, '$2y$10$92IXUNpkjO0rOQ5byMi.Ye4oKoEa3Ro9llC/.og/at2.uheWG/igi'),
('Rodrigo',        'Hernández Jaimes',   'rodrigo.hernandez@cies.sena.edu.co',3175001007, 1, '$2y$10$92IXUNpkjO0rOQ5byMi.Ye4oKoEa3Ro9llC/.og/at2.uheWG/igi'),
('Sonia Milena',   'Rueda Castellanos',  'sonia.rueda@cies.sena.edu.co',      3175001008, 1, '$2y$10$92IXUNpkjO0rOQ5byMi.Ye4oKoEa3Ro9llC/.og/at2.uheWG/igi'),
-- CEDRUM
('Fabián',         'Mora Angarita',      'fabian.mora@cedrum.sena.edu.co',    3175002001, 2, '$2y$10$92IXUNpkjO0rOQ5byMi.Ye4oKoEa3Ro9llC/.og/at2.uheWG/igi'),
('Luz Dary',       'Quintero Pabón',     'luz.quintero@cedrum.sena.edu.co',   3175002002, 2, '$2y$10$92IXUNpkjO0rOQ5byMi.Ye4oKoEa3Ro9llC/.og/at2.uheWG/igi'),
('Néstor Iván',    'Cárdenas Flórez',    'nestor.cardenas@cedrum.sena.edu.co',3175002003, 2, '$2y$10$92IXUNpkjO0rOQ5byMi.Ye4oKoEa3Ro9llC/.og/at2.uheWG/igi'),
('Yenny Paola',    'Serrano Duarte',     'yenny.serrano@cedrum.sena.edu.co',  3175002004, 2, '$2y$10$92IXUNpkjO0rOQ5byMi.Ye4oKoEa3Ro9llC/.og/at2.uheWG/igi'),
('Álvaro',         'Chaparro Medina',    'alvaro.chaparro@cedrum.sena.edu.co',3175002005, 2, '$2y$10$92IXUNpkjO0rOQ5byMi.Ye4oKoEa3Ro9llC/.og/at2.uheWG/igi'),
('Marcela',        'Torrado Becerra',    'marcela.torrado@cedrum.sena.edu.co',3175002006, 2, '$2y$10$92IXUNpkjO0rOQ5byMi.Ye4oKoEa3Ro9llC/.og/at2.uheWG/igi'),
('Gustavo',        'Patiño Valderrama',  'gustavo.patino@cedrum.sena.edu.co', 3175002007, 2, '$2y$10$92IXUNpkjO0rOQ5byMi.Ye4oKoEa3Ro9llC/.og/at2.uheWG/igi');

-- ── COMPETENCIA_PROGRAMA ─────────────────────────────────────────────────────
-- Las 12 competencias transversales aplican a todos los programas
INSERT INTO COMPETENCIA_PROGRAMA (PROGRAMA_prog_id, COMPETENCIA_comp_id) VALUES 
-- 228106 Análisis y Desarrollo de Software
(228106,1),(228106,2),(228106,3),(228106,4),(228106,5),(228106,6),(228106,7),(228106,8),(228106,9),(228106,10),(228106,11),(228106,12),
-- 228118 Gestión de Redes de Datos
(228118,1),(228118,2),(228118,3),(228118,4),(228118,5),(228118,6),(228118,7),(228118,8),(228118,9),(228118,10),(228118,11),(228118,12),
-- 934108 Sistemas
(934108,1),(934108,2),(934108,3),(934108,4),(934108,5),(934108,6),(934108,7),(934108,8),(934108,9),(934108,10),(934108,11),(934108,12),
-- 934130 Mecánica Automotriz
(934130,1),(934130,2),(934130,3),(934130,4),(934130,5),(934130,6),(934130,7),(934130,8),(934130,9),(934130,10),(934130,11),(934130,12),
-- 300501 Gestión de Proyectos de Software
(300501,1),(300501,2),(300501,3),(300501,4),(300501,5),(300501,6),(300501,7),(300501,8),(300501,9),(300501,10),(300501,11),(300501,12),
-- 300502 Seguridad Informática
(300502,1),(300502,2),(300502,3),(300502,4),(300502,5),(300502,6),(300502,7),(300502,8),(300502,9),(300502,10),(300502,11),(300502,12),
-- 400101 Inglés para el Trabajo
(400101,1),(400101,2),(400101,3),(400101,4),(400101,5),(400101,6),(400101,7),(400101,8),(400101,9),(400101,10),(400101,11),(400101,12),
-- 400102 Emprendimiento e Innovación
(400102,1),(400102,2),(400102,3),(400102,4),(400102,5),(400102,6),(400102,7),(400102,8),(400102,9),(400102,10),(400102,11),(400102,12),
-- 500101 Auxiliar Contable y Financiero
(500101,1),(500101,2),(500101,3),(500101,4),(500101,5),(500101,6),(500101,7),(500101,8),(500101,9),(500101,10),(500101,11),(500101,12),
-- 500102 Operario de Mantenimiento Locativo
(500102,1),(500102,2),(500102,3),(500102,4),(500102,5),(500102,6),(500102,7),(500102,8),(500102,9),(500102,10),(500102,11),(500102,12);

-- ── FICHAS ───────────────────────────────────────────────────────────────────
-- Coordinaciones CIES: coord_id 1 (TIC), 2 (Industria), 3 (Gestión)
-- Coordinaciones CEDRUM: coord_id 4 (Agro), 5 (Ambiental), 6 (Rural)
-- Instructores CIES: 1-8 | CEDRUM: 9-15
-- Jornadas: Mañana, Tarde, Noche, Mixta
INSERT INTO FICHA (fich_id, PROGRAMA_prog_id, INSTRUCTOR_inst_id_lider, fich_jornada, COORDINACION_coord_id, fich_fecha_ini_lectiva, fich_fecha_fin_lectiva) VALUES 
-- Coord 1 - TIC y Servicios (CIES) — 4 fichas
(2750001, 228106, 1, 'Mañana',  1, '2025-09-01', '2027-02-28'),
(2750002, 228118, 2, 'Tarde',   1, '2025-09-01', '2027-02-28'),
(2750003, 228106, 3, 'Noche',   1, '2026-03-01', '2027-08-31'),
(2750004, 300501, 1, 'Mixta',   1, '2026-03-01', '2026-12-31'),
-- Coord 2 - Industria y Manufactura (CIES) — 5 fichas
(2750005, 934130, 4, 'Mañana',  2, '2025-09-01', '2026-08-31'),
(2750006, 934108, 5, 'Tarde',   2, '2025-09-01', '2026-08-31'),
(2750007, 934130, 6, 'Noche',   2, '2026-03-01', '2027-02-28'),
(2750008, 500102, 4, 'Mañana',  2, '2026-03-01', '2026-12-31'),
(2750009, 934108, 7, 'Mixta',   2, '2026-03-01', '2026-12-31'),
-- Coord 3 - Gestión Empresarial (CIES) — 3 fichas
(2750010, 500101, 8, 'Mañana',  3, '2025-09-01', '2026-08-31'),
(2750011, 400102, 6, 'Tarde',   3, '2026-03-01', '2026-12-31'),
(2750012, 500101, 5, 'Noche',   3, '2026-03-01', '2026-12-31'),
-- Coord 4 - Agropecuaria (CEDRUM) — 4 fichas
(2750013, 228118, 9,  'Mañana', 4, '2025-09-01', '2027-02-28'),
(2750014, 300502, 10, 'Tarde',  4, '2025-09-01', '2027-02-28'),
(2750015, 228118, 11, 'Noche',  4, '2026-03-01', '2027-08-31'),
(2750016, 400101, 9,  'Mixta',  4, '2026-03-01', '2026-12-31'),
-- Coord 5 - Ambiental (CEDRUM) — 3 fichas
(2750017, 934108, 12, 'Mañana', 5, '2025-09-01', '2026-08-31'),
(2750018, 500102, 13, 'Tarde',  5, '2026-03-01', '2026-12-31'),
(2750019, 934108, 14, 'Mixta',  5, '2026-03-01', '2026-12-31'),
-- Coord 6 - Desarrollo Rural (CEDRUM) — 6 fichas
(2750020, 934130, 15, 'Mañana', 6, '2025-09-01', '2026-08-31'),
(2750021, 500101, 9,  'Tarde',  6, '2025-09-01', '2026-08-31'),
(2750022, 934130, 10, 'Noche',  6, '2026-03-01', '2027-02-28'),
(2750023, 400102, 11, 'Mañana', 6, '2026-03-01', '2026-12-31'),
(2750024, 500102, 12, 'Tarde',  6, '2026-03-01', '2026-12-31'),
(2750025, 934130, 13, 'Mixta',  6, '2026-03-01', '2027-02-28');

-- ── SEDES (Norte de Santander) ───────────────────────────────────────────────
-- sede_id: 1=Cúcuta, 2=Ocaña, 3=Pamplona, 4=Villa del Rosario, 5=Los Patios
INSERT INTO SEDE (sede_nombre) VALUES 
('Cúcuta - Sede Principal'),
('Ocaña'),
('Pamplona'),
('Villa del Rosario'),
('Los Patios');

-- ── AMBIENTES ────────────────────────────────────────────────────────────────
-- amb_id: máx 5 chars, únicos
INSERT INTO AMBIENTE (amb_id, amb_nombre, SEDE_sede_id) VALUES 
-- Cúcuta (sede_id=1) — 8 ambientes
('C101', 'Laboratorio de Sistemas 1',    1),
('C102', 'Laboratorio de Sistemas 2',    1),
('C103', 'Laboratorio de Redes',         1),
('C104', 'Aula Teórica 101',             1),
('C105', 'Aula Teórica 102',             1),
('C106', 'Taller de Mecánica',           1),
('C107', 'Aula Multimedial',             1),
('C108', 'Sala de Conferencias',         1),
-- Ocaña (sede_id=2) — 6 ambientes
('O201', 'Laboratorio de Cómputo 1',     2),
('O202', 'Laboratorio de Cómputo 2',     2),
('O203', 'Aula Teórica 201',             2),
('O204', 'Aula Teórica 202',             2),
('O205', 'Taller Polivalente',           2),
('O206', 'Sala de Bienestar',            2),
-- Pamplona (sede_id=3) — 5 ambientes
('P301', 'Laboratorio de Sistemas',      3),
('P302', 'Aula Teórica 301',             3),
('P303', 'Aula Teórica 302',             3),
('P304', 'Taller de Mantenimiento',      3),
('P305', 'Sala de Reuniones',            3),
-- Villa del Rosario (sede_id=4) — 4 ambientes
('V401', 'Laboratorio de Cómputo',       4),
('V402', 'Aula Teórica 401',             4),
('V403', 'Aula Teórica 402',             4),
('V404', 'Taller Polivalente',           4),
-- Los Patios (sede_id=5) — 4 ambientes
('L501', 'Laboratorio de Sistemas',      5),
('L502', 'Aula Teórica 501',             5),
('L503', 'Aula Teórica 502',             5),
('L504', 'Taller de Mecánica',           5);

-- ── INSTRUCTOR_COMPETENCIA ───────────────────────────────────────────────────
-- 1 competencia por instructor. Registrado en todos los programas de su centro
-- donde esa competencia es transversal (comp_id 1-12).
-- CIES (inst 1-8): comp 1,2,3,4,5,6,7,8 | CEDRUM (inst 9-15): comp 1,9,10,11,12,2,3
INSERT INTO INSTRUCTOR_COMPETENCIA (INSTRUCTOR_inst_id, COMPETENCIA_PROGRAMA_PROGRAMA_prog_id, COMPETENCIA_PROGRAMA_COMPETENCIA_comp_id, inscomp_vigencia) VALUES
(1,228106,1,'2028-12-31'),
(1,228118,1,'2028-12-31'),
(1,300501,1,'2028-12-31'),
(1,934108,1,'2028-12-31'),
(1,934130,1,'2028-12-31'),
(1,500101,1,'2028-12-31'),
(1,500102,1,'2028-12-31'),
(1,400101,1,'2028-12-31'),
(1,400102,1,'2028-12-31'),
(2,228106,2,'2028-12-31'),
(2,228118,2,'2028-12-31'),
(2,300501,2,'2028-12-31'),
(2,934108,2,'2028-12-31'),
(2,934130,2,'2028-12-31'),
(2,500101,2,'2028-12-31'),
(2,500102,2,'2028-12-31'),
(2,400101,2,'2028-12-31'),
(2,400102,2,'2028-12-31'),
(3,228106,3,'2028-12-31'),
(3,228118,3,'2028-12-31'),
(3,300501,3,'2028-12-31'),
(3,934108,3,'2028-12-31'),
(3,934130,3,'2028-12-31'),
(3,500101,3,'2028-12-31'),
(3,500102,3,'2028-12-31'),
(3,400101,3,'2028-12-31'),
(3,400102,3,'2028-12-31'),
(4,228106,4,'2028-12-31'),
(4,228118,4,'2028-12-31'),
(4,300501,4,'2028-12-31'),
(4,934108,4,'2028-12-31'),
(4,934130,4,'2028-12-31'),
(4,500101,4,'2028-12-31'),
(4,500102,4,'2028-12-31'),
(4,400101,4,'2028-12-31'),
(4,400102,4,'2028-12-31'),
(5,228106,5,'2028-12-31'),
(5,228118,5,'2028-12-31'),
(5,300501,5,'2028-12-31'),
(5,934108,5,'2028-12-31'),
(5,934130,5,'2028-12-31'),
(5,500101,5,'2028-12-31'),
(5,500102,5,'2028-12-31'),
(5,400101,5,'2028-12-31'),
(5,400102,5,'2028-12-31'),
(6,228106,6,'2028-12-31'),
(6,228118,6,'2028-12-31'),
(6,300501,6,'2028-12-31'),
(6,934108,6,'2028-12-31'),
(6,934130,6,'2028-12-31'),
(6,500101,6,'2028-12-31'),
(6,500102,6,'2028-12-31'),
(6,400101,6,'2028-12-31'),
(6,400102,6,'2028-12-31'),
(7,228106,7,'2028-12-31'),
(7,228118,7,'2028-12-31'),
(7,300501,7,'2028-12-31'),
(7,934108,7,'2028-12-31'),
(7,934130,7,'2028-12-31'),
(7,500101,7,'2028-12-31'),
(7,500102,7,'2028-12-31'),
(7,400101,7,'2028-12-31'),
(7,400102,7,'2028-12-31'),
(8,228106,8,'2028-12-31'),
(8,228118,8,'2028-12-31'),
(8,300501,8,'2028-12-31'),
(8,934108,8,'2028-12-31'),
(8,934130,8,'2028-12-31'),
(8,500101,8,'2028-12-31'),
(8,500102,8,'2028-12-31'),
(8,400101,8,'2028-12-31'),
(8,400102,8,'2028-12-31'),
(9,228118,1,'2028-12-31'),
(9,300502,1,'2028-12-31'),
(9,400101,1,'2028-12-31'),
(9,934108,1,'2028-12-31'),
(9,934130,1,'2028-12-31'),
(9,500101,1,'2028-12-31'),
(9,500102,1,'2028-12-31'),
(9,400102,1,'2028-12-31'),
(10,228118,9,'2028-12-31'),
(10,300502,9,'2028-12-31'),
(10,400101,9,'2028-12-31'),
(10,934108,9,'2028-12-31'),
(10,934130,9,'2028-12-31'),
(10,500101,9,'2028-12-31'),
(10,500102,9,'2028-12-31'),
(10,400102,9,'2028-12-31'),
(11,228118,10,'2028-12-31'),
(11,300502,10,'2028-12-31'),
(11,400101,10,'2028-12-31'),
(11,934108,10,'2028-12-31'),
(11,934130,10,'2028-12-31'),
(11,500101,10,'2028-12-31'),
(11,500102,10,'2028-12-31'),
(11,400102,10,'2028-12-31'),
(12,228118,11,'2028-12-31'),
(12,300502,11,'2028-12-31'),
(12,400101,11,'2028-12-31'),
(12,934108,11,'2028-12-31'),
(12,934130,11,'2028-12-31'),
(12,500101,11,'2028-12-31'),
(12,500102,11,'2028-12-31'),
(12,400102,11,'2028-12-31'),
(13,228118,12,'2028-12-31'),
(13,300502,12,'2028-12-31'),
(13,400101,12,'2028-12-31'),
(13,934108,12,'2028-12-31'),
(13,934130,12,'2028-12-31'),
(13,500101,12,'2028-12-31'),
(13,500102,12,'2028-12-31'),
(13,400102,12,'2028-12-31'),
(14,228118,2,'2028-12-31'),
(14,300502,2,'2028-12-31'),
(14,400101,2,'2028-12-31'),
(14,934108,2,'2028-12-31'),
(14,934130,2,'2028-12-31'),
(14,500101,2,'2028-12-31'),
(14,500102,2,'2028-12-31'),
(14,400102,2,'2028-12-31'),
(15,228118,3,'2028-12-31'),
(15,300502,3,'2028-12-31'),
(15,400101,3,'2028-12-31'),
(15,934108,3,'2028-12-31'),
(15,934130,3,'2028-12-31'),
(15,500101,3,'2028-12-31'),
(15,500102,3,'2028-12-31'),
(15,400102,3,'2028-12-31');

-- ASIGNACIONES (125 registros) Feb-Jun 2026: max 4 fichas/instructor/mes, sin solapamiento
INSERT INTO ASIGNACION (INSTRUCTOR_inst_id, asig_fecha_ini, asig_fecha_fin, FICHA_fich_id, AMBIENTE_amb_id, COMPETENCIA_comp_id) VALUES
(1,'2026-02-02 06:00:00','2026-02-28 08:00:00',2750001,'C101',1),
(2,'2026-03-02 06:00:00','2026-03-28 08:00:00',2750001,'C101',2),
(3,'2026-04-01 06:00:00','2026-04-28 08:00:00',2750001,'C101',3),
(4,'2026-05-04 06:00:00','2026-05-30 08:00:00',2750001,'C101',4),
(5,'2026-06-01 06:00:00','2026-06-27 08:00:00',2750001,'C101',5),
(1,'2026-02-02 12:00:00','2026-02-28 14:00:00',2750002,'C101',1),
(2,'2026-03-02 12:00:00','2026-03-28 14:00:00',2750002,'C101',2),
(3,'2026-04-01 12:00:00','2026-04-28 14:00:00',2750002,'C101',3),
(4,'2026-05-04 12:00:00','2026-05-30 14:00:00',2750002,'C101',4),
(5,'2026-06-01 12:00:00','2026-06-27 14:00:00',2750002,'C101',5),
(1,'2026-02-02 18:00:00','2026-02-28 20:00:00',2750003,'C101',1),
(2,'2026-03-02 18:00:00','2026-03-28 20:00:00',2750003,'C101',2),
(3,'2026-04-01 18:00:00','2026-04-28 20:00:00',2750003,'C101',3),
(4,'2026-05-04 18:00:00','2026-05-30 20:00:00',2750003,'C101',4),
(5,'2026-06-01 18:00:00','2026-06-27 20:00:00',2750003,'C101',5),
(1,'2026-02-02 08:00:00','2026-02-28 10:00:00',2750004,'C101',1),
(2,'2026-03-02 08:00:00','2026-03-28 10:00:00',2750004,'C101',2),
(3,'2026-04-01 08:00:00','2026-04-28 10:00:00',2750004,'C101',3),
(4,'2026-05-04 08:00:00','2026-05-30 10:00:00',2750004,'C101',4),
(5,'2026-06-01 08:00:00','2026-06-27 10:00:00',2750004,'C101',5),
(9,'2026-02-02 06:00:00','2026-02-28 08:00:00',2750005,'C105',1),
(14,'2026-03-02 06:00:00','2026-03-28 08:00:00',2750005,'C105',2),
(15,'2026-04-01 06:00:00','2026-04-28 08:00:00',2750005,'C105',3),
(5,'2026-05-04 06:00:00','2026-05-30 08:00:00',2750005,'C105',5),
(4,'2026-06-01 06:00:00','2026-06-27 08:00:00',2750005,'C105',4),
(9,'2026-02-02 12:00:00','2026-02-28 14:00:00',2750006,'C105',1),
(14,'2026-03-02 12:00:00','2026-03-28 14:00:00',2750006,'C105',2),
(15,'2026-04-01 12:00:00','2026-04-28 14:00:00',2750006,'C105',3),
(5,'2026-05-04 12:00:00','2026-05-30 14:00:00',2750006,'C105',5),
(4,'2026-06-01 12:00:00','2026-06-27 14:00:00',2750006,'C105',4),
(9,'2026-02-02 18:00:00','2026-02-28 20:00:00',2750007,'C105',1),
(14,'2026-03-02 18:00:00','2026-03-28 20:00:00',2750007,'C105',2),
(15,'2026-04-01 18:00:00','2026-04-28 20:00:00',2750007,'C105',3),
(5,'2026-05-04 18:00:00','2026-05-30 20:00:00',2750007,'C105',5),
(4,'2026-06-01 18:00:00','2026-06-27 20:00:00',2750007,'C105',4),
(9,'2026-02-02 08:00:00','2026-02-28 10:00:00',2750008,'C105',1),
(14,'2026-03-02 08:00:00','2026-03-28 10:00:00',2750008,'C105',2),
(15,'2026-04-01 08:00:00','2026-04-28 10:00:00',2750008,'C105',3),
(5,'2026-05-04 08:00:00','2026-05-30 10:00:00',2750008,'C105',5),
(4,'2026-06-01 08:00:00','2026-06-27 10:00:00',2750008,'C105',4),
(2,'2026-02-02 07:00:00','2026-02-28 09:00:00',2750009,'C105',2),
(1,'2026-03-02 07:00:00','2026-03-28 09:00:00',2750009,'C105',1),
(4,'2026-04-01 07:00:00','2026-04-28 09:00:00',2750009,'C105',4),
(3,'2026-05-04 07:00:00','2026-05-30 09:00:00',2750009,'C105',3),
(6,'2026-06-01 07:00:00','2026-06-27 09:00:00',2750009,'C105',6),
(2,'2026-02-02 09:00:00','2026-02-28 11:00:00',2750010,'C104',2),
(1,'2026-03-02 09:00:00','2026-03-28 11:00:00',2750010,'C104',1),
(4,'2026-04-01 09:00:00','2026-04-28 11:00:00',2750010,'C104',4),
(3,'2026-05-04 09:00:00','2026-05-30 11:00:00',2750010,'C104',3),
(6,'2026-06-01 09:00:00','2026-06-27 11:00:00',2750010,'C104',6),
(2,'2026-02-02 12:00:00','2026-02-28 14:00:00',2750011,'C104',2),
(1,'2026-03-02 12:00:00','2026-03-28 14:00:00',2750011,'C104',1),
(4,'2026-04-01 12:00:00','2026-04-28 14:00:00',2750011,'C104',4),
(3,'2026-05-04 12:00:00','2026-05-30 14:00:00',2750011,'C104',3),
(6,'2026-06-01 12:00:00','2026-06-27 14:00:00',2750011,'C104',6),
(2,'2026-02-02 18:00:00','2026-02-28 20:00:00',2750012,'C104',2),
(1,'2026-03-02 18:00:00','2026-03-28 20:00:00',2750012,'C104',1),
(4,'2026-04-01 18:00:00','2026-04-28 20:00:00',2750012,'C104',4),
(3,'2026-05-04 18:00:00','2026-05-30 20:00:00',2750012,'C104',3),
(6,'2026-06-01 18:00:00','2026-06-27 20:00:00',2750012,'C104',6),
(14,'2026-02-02 06:00:00','2026-02-28 08:00:00',2750013,'O201',2),
(9,'2026-03-02 06:00:00','2026-03-28 08:00:00',2750013,'O201',1),
(5,'2026-04-01 06:00:00','2026-04-28 08:00:00',2750013,'O201',5),
(15,'2026-05-04 06:00:00','2026-05-30 08:00:00',2750013,'O201',3),
(7,'2026-06-01 06:00:00','2026-06-27 08:00:00',2750013,'O201',7),
(14,'2026-02-02 12:00:00','2026-02-28 14:00:00',2750014,'O201',2),
(9,'2026-03-02 12:00:00','2026-03-28 14:00:00',2750014,'O201',1),
(5,'2026-04-01 12:00:00','2026-04-28 14:00:00',2750014,'O201',5),
(15,'2026-05-04 12:00:00','2026-05-30 14:00:00',2750014,'O201',3),
(7,'2026-06-01 12:00:00','2026-06-27 14:00:00',2750014,'O201',7),
(14,'2026-02-02 18:00:00','2026-02-28 20:00:00',2750015,'O201',2),
(9,'2026-03-02 18:00:00','2026-03-28 20:00:00',2750015,'O201',1),
(5,'2026-04-01 18:00:00','2026-04-28 20:00:00',2750015,'O201',5),
(15,'2026-05-04 18:00:00','2026-05-30 20:00:00',2750015,'O201',3),
(7,'2026-06-01 18:00:00','2026-06-27 20:00:00',2750015,'O201',7),
(14,'2026-02-02 08:00:00','2026-02-28 10:00:00',2750016,'O201',2),
(9,'2026-03-02 08:00:00','2026-03-28 10:00:00',2750016,'O201',1),
(5,'2026-04-01 08:00:00','2026-04-28 10:00:00',2750016,'O201',5),
(15,'2026-05-04 08:00:00','2026-05-30 10:00:00',2750016,'O201',3),
(7,'2026-06-01 08:00:00','2026-06-27 10:00:00',2750016,'O201',7),
(3,'2026-02-02 06:00:00','2026-02-28 08:00:00',2750017,'P301',3),
(4,'2026-03-02 06:00:00','2026-03-28 08:00:00',2750017,'P301',4),
(1,'2026-04-01 06:00:00','2026-04-28 08:00:00',2750017,'P301',1),
(2,'2026-05-04 06:00:00','2026-05-30 08:00:00',2750017,'P301',2),
(8,'2026-06-01 06:00:00','2026-06-27 08:00:00',2750017,'P301',8),
(3,'2026-02-02 12:00:00','2026-02-28 14:00:00',2750018,'P301',3),
(4,'2026-03-02 12:00:00','2026-03-28 14:00:00',2750018,'P301',4),
(1,'2026-04-01 12:00:00','2026-04-28 14:00:00',2750018,'P301',1),
(2,'2026-05-04 12:00:00','2026-05-30 14:00:00',2750018,'P301',2),
(8,'2026-06-01 12:00:00','2026-06-27 14:00:00',2750018,'P301',8),
(3,'2026-02-02 08:00:00','2026-02-28 10:00:00',2750019,'P301',3),
(4,'2026-03-02 08:00:00','2026-03-28 10:00:00',2750019,'P301',4),
(1,'2026-04-01 08:00:00','2026-04-28 10:00:00',2750019,'P301',1),
(2,'2026-05-04 08:00:00','2026-05-30 10:00:00',2750019,'P301',2),
(8,'2026-06-01 08:00:00','2026-06-27 10:00:00',2750019,'P301',8),
(3,'2026-02-02 10:00:00','2026-02-28 12:00:00',2750020,'V401',3),
(4,'2026-03-02 10:00:00','2026-03-28 12:00:00',2750020,'V401',4),
(1,'2026-04-01 10:00:00','2026-04-28 12:00:00',2750020,'V401',1),
(2,'2026-05-04 10:00:00','2026-05-30 12:00:00',2750020,'V401',2),
(8,'2026-06-01 10:00:00','2026-06-27 12:00:00',2750020,'V401',8),
(15,'2026-02-02 12:00:00','2026-02-28 14:00:00',2750021,'V401',3),
(5,'2026-03-02 12:00:00','2026-03-28 14:00:00',2750021,'V401',5),
(9,'2026-04-01 12:00:00','2026-04-28 14:00:00',2750021,'V401',1),
(14,'2026-05-04 12:00:00','2026-05-30 14:00:00',2750021,'V401',2),
(10,'2026-06-01 12:00:00','2026-06-27 14:00:00',2750021,'V401',9),
(15,'2026-02-02 18:00:00','2026-02-28 20:00:00',2750022,'V401',3),
(5,'2026-03-02 18:00:00','2026-03-28 20:00:00',2750022,'V401',5),
(9,'2026-04-01 18:00:00','2026-04-28 20:00:00',2750022,'V401',1),
(14,'2026-05-04 18:00:00','2026-05-30 20:00:00',2750022,'V401',2),
(10,'2026-06-01 18:00:00','2026-06-27 20:00:00',2750022,'V401',9),
(15,'2026-02-02 06:00:00','2026-02-28 08:00:00',2750023,'V401',3),
(5,'2026-03-02 06:00:00','2026-03-28 08:00:00',2750023,'V401',5),
(9,'2026-04-01 06:00:00','2026-04-28 08:00:00',2750023,'V401',1),
(14,'2026-05-04 06:00:00','2026-05-30 08:00:00',2750023,'V401',2),
(10,'2026-06-01 06:00:00','2026-06-27 08:00:00',2750023,'V401',9),
(15,'2026-02-02 14:00:00','2026-02-28 16:00:00',2750024,'V401',3),
(5,'2026-03-02 14:00:00','2026-03-28 16:00:00',2750024,'V401',5),
(9,'2026-04-01 14:00:00','2026-04-28 16:00:00',2750024,'V401',1),
(14,'2026-05-04 14:00:00','2026-05-30 16:00:00',2750024,'V401',2),
(10,'2026-06-01 14:00:00','2026-06-27 16:00:00',2750024,'V401',9),
(4,'2026-02-02 07:00:00','2026-02-28 09:00:00',2750025,'V401',4),
(3,'2026-03-02 07:00:00','2026-03-28 09:00:00',2750025,'V401',3),
(2,'2026-04-01 07:00:00','2026-04-28 09:00:00',2750025,'V401',2),
(1,'2026-05-04 07:00:00','2026-05-30 09:00:00',2750025,'V401',1),
(11,'2026-06-01 07:00:00','2026-06-27 09:00:00',2750025,'V401',10);

-- DETALLE_ASIGNACION (3000 registros)
INSERT INTO DETALLE_ASIGNACION (ASIGNACION_ASIG_ID, detasig_fecha, detasig_hora_ini, detasig_hora_fin) VALUES
(1,'2026-02-02','06:00:00','08:00:00'),
(1,'2026-02-03','06:00:00','08:00:00'),
(1,'2026-02-04','06:00:00','08:00:00'),
(1,'2026-02-05','06:00:00','08:00:00'),
(1,'2026-02-06','06:00:00','08:00:00'),
(1,'2026-02-07','06:00:00','08:00:00'),
(1,'2026-02-09','06:00:00','08:00:00'),
(1,'2026-02-10','06:00:00','08:00:00'),
(1,'2026-02-11','06:00:00','08:00:00'),
(1,'2026-02-12','06:00:00','08:00:00'),
(1,'2026-02-13','06:00:00','08:00:00'),
(1,'2026-02-14','06:00:00','08:00:00'),
(1,'2026-02-16','06:00:00','08:00:00'),
(1,'2026-02-17','06:00:00','08:00:00'),
(1,'2026-02-18','06:00:00','08:00:00'),
(1,'2026-02-19','06:00:00','08:00:00'),
(1,'2026-02-20','06:00:00','08:00:00'),
(1,'2026-02-21','06:00:00','08:00:00'),
(1,'2026-02-23','06:00:00','08:00:00'),
(1,'2026-02-24','06:00:00','08:00:00'),
(1,'2026-02-25','06:00:00','08:00:00'),
(1,'2026-02-26','06:00:00','08:00:00'),
(1,'2026-02-27','06:00:00','08:00:00'),
(1,'2026-02-28','06:00:00','08:00:00'),
(2,'2026-03-02','06:00:00','08:00:00'),
(2,'2026-03-03','06:00:00','08:00:00'),
(2,'2026-03-04','06:00:00','08:00:00'),
(2,'2026-03-05','06:00:00','08:00:00'),
(2,'2026-03-06','06:00:00','08:00:00'),
(2,'2026-03-07','06:00:00','08:00:00'),
(2,'2026-03-09','06:00:00','08:00:00'),
(2,'2026-03-10','06:00:00','08:00:00'),
(2,'2026-03-11','06:00:00','08:00:00'),
(2,'2026-03-12','06:00:00','08:00:00'),
(2,'2026-03-13','06:00:00','08:00:00'),
(2,'2026-03-14','06:00:00','08:00:00'),
(2,'2026-03-16','06:00:00','08:00:00'),
(2,'2026-03-17','06:00:00','08:00:00'),
(2,'2026-03-18','06:00:00','08:00:00'),
(2,'2026-03-19','06:00:00','08:00:00'),
(2,'2026-03-20','06:00:00','08:00:00'),
(2,'2026-03-21','06:00:00','08:00:00'),
(2,'2026-03-23','06:00:00','08:00:00'),
(2,'2026-03-24','06:00:00','08:00:00'),
(2,'2026-03-25','06:00:00','08:00:00'),
(2,'2026-03-26','06:00:00','08:00:00'),
(2,'2026-03-27','06:00:00','08:00:00'),
(2,'2026-03-28','06:00:00','08:00:00'),
(3,'2026-04-01','06:00:00','08:00:00'),
(3,'2026-04-02','06:00:00','08:00:00'),
(3,'2026-04-03','06:00:00','08:00:00'),
(3,'2026-04-04','06:00:00','08:00:00'),
(3,'2026-04-06','06:00:00','08:00:00'),
(3,'2026-04-07','06:00:00','08:00:00'),
(3,'2026-04-08','06:00:00','08:00:00'),
(3,'2026-04-09','06:00:00','08:00:00'),
(3,'2026-04-10','06:00:00','08:00:00'),
(3,'2026-04-11','06:00:00','08:00:00'),
(3,'2026-04-13','06:00:00','08:00:00'),
(3,'2026-04-14','06:00:00','08:00:00'),
(3,'2026-04-15','06:00:00','08:00:00'),
(3,'2026-04-16','06:00:00','08:00:00'),
(3,'2026-04-17','06:00:00','08:00:00'),
(3,'2026-04-18','06:00:00','08:00:00'),
(3,'2026-04-20','06:00:00','08:00:00'),
(3,'2026-04-21','06:00:00','08:00:00'),
(3,'2026-04-22','06:00:00','08:00:00'),
(3,'2026-04-23','06:00:00','08:00:00'),
(3,'2026-04-24','06:00:00','08:00:00'),
(3,'2026-04-25','06:00:00','08:00:00'),
(3,'2026-04-27','06:00:00','08:00:00'),
(3,'2026-04-28','06:00:00','08:00:00'),
(4,'2026-05-04','06:00:00','08:00:00'),
(4,'2026-05-05','06:00:00','08:00:00'),
(4,'2026-05-06','06:00:00','08:00:00'),
(4,'2026-05-07','06:00:00','08:00:00'),
(4,'2026-05-08','06:00:00','08:00:00'),
(4,'2026-05-09','06:00:00','08:00:00'),
(4,'2026-05-11','06:00:00','08:00:00'),
(4,'2026-05-12','06:00:00','08:00:00'),
(4,'2026-05-13','06:00:00','08:00:00'),
(4,'2026-05-14','06:00:00','08:00:00'),
(4,'2026-05-15','06:00:00','08:00:00'),
(4,'2026-05-16','06:00:00','08:00:00'),
(4,'2026-05-18','06:00:00','08:00:00'),
(4,'2026-05-19','06:00:00','08:00:00'),
(4,'2026-05-20','06:00:00','08:00:00'),
(4,'2026-05-21','06:00:00','08:00:00'),
(4,'2026-05-22','06:00:00','08:00:00'),
(4,'2026-05-23','06:00:00','08:00:00'),
(4,'2026-05-25','06:00:00','08:00:00'),
(4,'2026-05-26','06:00:00','08:00:00'),
(4,'2026-05-27','06:00:00','08:00:00'),
(4,'2026-05-28','06:00:00','08:00:00'),
(4,'2026-05-29','06:00:00','08:00:00'),
(4,'2026-05-30','06:00:00','08:00:00'),
(5,'2026-06-01','06:00:00','08:00:00'),
(5,'2026-06-02','06:00:00','08:00:00'),
(5,'2026-06-03','06:00:00','08:00:00'),
(5,'2026-06-04','06:00:00','08:00:00'),
(5,'2026-06-05','06:00:00','08:00:00'),
(5,'2026-06-06','06:00:00','08:00:00'),
(5,'2026-06-08','06:00:00','08:00:00'),
(5,'2026-06-09','06:00:00','08:00:00'),
(5,'2026-06-10','06:00:00','08:00:00'),
(5,'2026-06-11','06:00:00','08:00:00'),
(5,'2026-06-12','06:00:00','08:00:00'),
(5,'2026-06-13','06:00:00','08:00:00'),
(5,'2026-06-15','06:00:00','08:00:00'),
(5,'2026-06-16','06:00:00','08:00:00'),
(5,'2026-06-17','06:00:00','08:00:00'),
(5,'2026-06-18','06:00:00','08:00:00'),
(5,'2026-06-19','06:00:00','08:00:00'),
(5,'2026-06-20','06:00:00','08:00:00'),
(5,'2026-06-22','06:00:00','08:00:00'),
(5,'2026-06-23','06:00:00','08:00:00'),
(5,'2026-06-24','06:00:00','08:00:00'),
(5,'2026-06-25','06:00:00','08:00:00'),
(5,'2026-06-26','06:00:00','08:00:00'),
(5,'2026-06-27','06:00:00','08:00:00'),
(6,'2026-02-02','12:00:00','14:00:00'),
(6,'2026-02-03','12:00:00','14:00:00'),
(6,'2026-02-04','12:00:00','14:00:00'),
(6,'2026-02-05','12:00:00','14:00:00'),
(6,'2026-02-06','12:00:00','14:00:00'),
(6,'2026-02-07','12:00:00','14:00:00'),
(6,'2026-02-09','12:00:00','14:00:00'),
(6,'2026-02-10','12:00:00','14:00:00'),
(6,'2026-02-11','12:00:00','14:00:00'),
(6,'2026-02-12','12:00:00','14:00:00'),
(6,'2026-02-13','12:00:00','14:00:00'),
(6,'2026-02-14','12:00:00','14:00:00'),
(6,'2026-02-16','12:00:00','14:00:00'),
(6,'2026-02-17','12:00:00','14:00:00'),
(6,'2026-02-18','12:00:00','14:00:00'),
(6,'2026-02-19','12:00:00','14:00:00'),
(6,'2026-02-20','12:00:00','14:00:00'),
(6,'2026-02-21','12:00:00','14:00:00'),
(6,'2026-02-23','12:00:00','14:00:00'),
(6,'2026-02-24','12:00:00','14:00:00'),
(6,'2026-02-25','12:00:00','14:00:00'),
(6,'2026-02-26','12:00:00','14:00:00'),
(6,'2026-02-27','12:00:00','14:00:00'),
(6,'2026-02-28','12:00:00','14:00:00'),
(7,'2026-03-02','12:00:00','14:00:00'),
(7,'2026-03-03','12:00:00','14:00:00'),
(7,'2026-03-04','12:00:00','14:00:00'),
(7,'2026-03-05','12:00:00','14:00:00'),
(7,'2026-03-06','12:00:00','14:00:00'),
(7,'2026-03-07','12:00:00','14:00:00'),
(7,'2026-03-09','12:00:00','14:00:00'),
(7,'2026-03-10','12:00:00','14:00:00'),
(7,'2026-03-11','12:00:00','14:00:00'),
(7,'2026-03-12','12:00:00','14:00:00'),
(7,'2026-03-13','12:00:00','14:00:00'),
(7,'2026-03-14','12:00:00','14:00:00'),
(7,'2026-03-16','12:00:00','14:00:00'),
(7,'2026-03-17','12:00:00','14:00:00'),
(7,'2026-03-18','12:00:00','14:00:00'),
(7,'2026-03-19','12:00:00','14:00:00'),
(7,'2026-03-20','12:00:00','14:00:00'),
(7,'2026-03-21','12:00:00','14:00:00'),
(7,'2026-03-23','12:00:00','14:00:00'),
(7,'2026-03-24','12:00:00','14:00:00'),
(7,'2026-03-25','12:00:00','14:00:00'),
(7,'2026-03-26','12:00:00','14:00:00'),
(7,'2026-03-27','12:00:00','14:00:00'),
(7,'2026-03-28','12:00:00','14:00:00'),
(8,'2026-04-01','12:00:00','14:00:00'),
(8,'2026-04-02','12:00:00','14:00:00'),
(8,'2026-04-03','12:00:00','14:00:00'),
(8,'2026-04-04','12:00:00','14:00:00'),
(8,'2026-04-06','12:00:00','14:00:00'),
(8,'2026-04-07','12:00:00','14:00:00'),
(8,'2026-04-08','12:00:00','14:00:00'),
(8,'2026-04-09','12:00:00','14:00:00'),
(8,'2026-04-10','12:00:00','14:00:00'),
(8,'2026-04-11','12:00:00','14:00:00'),
(8,'2026-04-13','12:00:00','14:00:00'),
(8,'2026-04-14','12:00:00','14:00:00'),
(8,'2026-04-15','12:00:00','14:00:00'),
(8,'2026-04-16','12:00:00','14:00:00'),
(8,'2026-04-17','12:00:00','14:00:00'),
(8,'2026-04-18','12:00:00','14:00:00'),
(8,'2026-04-20','12:00:00','14:00:00'),
(8,'2026-04-21','12:00:00','14:00:00'),
(8,'2026-04-22','12:00:00','14:00:00'),
(8,'2026-04-23','12:00:00','14:00:00'),
(8,'2026-04-24','12:00:00','14:00:00'),
(8,'2026-04-25','12:00:00','14:00:00'),
(8,'2026-04-27','12:00:00','14:00:00'),
(8,'2026-04-28','12:00:00','14:00:00'),
(9,'2026-05-04','12:00:00','14:00:00'),
(9,'2026-05-05','12:00:00','14:00:00'),
(9,'2026-05-06','12:00:00','14:00:00'),
(9,'2026-05-07','12:00:00','14:00:00'),
(9,'2026-05-08','12:00:00','14:00:00'),
(9,'2026-05-09','12:00:00','14:00:00'),
(9,'2026-05-11','12:00:00','14:00:00'),
(9,'2026-05-12','12:00:00','14:00:00'),
(9,'2026-05-13','12:00:00','14:00:00'),
(9,'2026-05-14','12:00:00','14:00:00'),
(9,'2026-05-15','12:00:00','14:00:00'),
(9,'2026-05-16','12:00:00','14:00:00'),
(9,'2026-05-18','12:00:00','14:00:00'),
(9,'2026-05-19','12:00:00','14:00:00'),
(9,'2026-05-20','12:00:00','14:00:00'),
(9,'2026-05-21','12:00:00','14:00:00'),
(9,'2026-05-22','12:00:00','14:00:00'),
(9,'2026-05-23','12:00:00','14:00:00'),
(9,'2026-05-25','12:00:00','14:00:00'),
(9,'2026-05-26','12:00:00','14:00:00'),
(9,'2026-05-27','12:00:00','14:00:00'),
(9,'2026-05-28','12:00:00','14:00:00'),
(9,'2026-05-29','12:00:00','14:00:00'),
(9,'2026-05-30','12:00:00','14:00:00'),
(10,'2026-06-01','12:00:00','14:00:00'),
(10,'2026-06-02','12:00:00','14:00:00'),
(10,'2026-06-03','12:00:00','14:00:00'),
(10,'2026-06-04','12:00:00','14:00:00'),
(10,'2026-06-05','12:00:00','14:00:00'),
(10,'2026-06-06','12:00:00','14:00:00'),
(10,'2026-06-08','12:00:00','14:00:00'),
(10,'2026-06-09','12:00:00','14:00:00'),
(10,'2026-06-10','12:00:00','14:00:00'),
(10,'2026-06-11','12:00:00','14:00:00'),
(10,'2026-06-12','12:00:00','14:00:00'),
(10,'2026-06-13','12:00:00','14:00:00'),
(10,'2026-06-15','12:00:00','14:00:00'),
(10,'2026-06-16','12:00:00','14:00:00'),
(10,'2026-06-17','12:00:00','14:00:00'),
(10,'2026-06-18','12:00:00','14:00:00'),
(10,'2026-06-19','12:00:00','14:00:00'),
(10,'2026-06-20','12:00:00','14:00:00'),
(10,'2026-06-22','12:00:00','14:00:00'),
(10,'2026-06-23','12:00:00','14:00:00'),
(10,'2026-06-24','12:00:00','14:00:00'),
(10,'2026-06-25','12:00:00','14:00:00'),
(10,'2026-06-26','12:00:00','14:00:00'),
(10,'2026-06-27','12:00:00','14:00:00'),
(11,'2026-02-02','18:00:00','20:00:00'),
(11,'2026-02-03','18:00:00','20:00:00'),
(11,'2026-02-04','18:00:00','20:00:00'),
(11,'2026-02-05','18:00:00','20:00:00'),
(11,'2026-02-06','18:00:00','20:00:00'),
(11,'2026-02-07','18:00:00','20:00:00'),
(11,'2026-02-09','18:00:00','20:00:00'),
(11,'2026-02-10','18:00:00','20:00:00'),
(11,'2026-02-11','18:00:00','20:00:00'),
(11,'2026-02-12','18:00:00','20:00:00'),
(11,'2026-02-13','18:00:00','20:00:00'),
(11,'2026-02-14','18:00:00','20:00:00'),
(11,'2026-02-16','18:00:00','20:00:00'),
(11,'2026-02-17','18:00:00','20:00:00'),
(11,'2026-02-18','18:00:00','20:00:00'),
(11,'2026-02-19','18:00:00','20:00:00'),
(11,'2026-02-20','18:00:00','20:00:00'),
(11,'2026-02-21','18:00:00','20:00:00'),
(11,'2026-02-23','18:00:00','20:00:00'),
(11,'2026-02-24','18:00:00','20:00:00'),
(11,'2026-02-25','18:00:00','20:00:00'),
(11,'2026-02-26','18:00:00','20:00:00'),
(11,'2026-02-27','18:00:00','20:00:00'),
(11,'2026-02-28','18:00:00','20:00:00'),
(12,'2026-03-02','18:00:00','20:00:00'),
(12,'2026-03-03','18:00:00','20:00:00'),
(12,'2026-03-04','18:00:00','20:00:00'),
(12,'2026-03-05','18:00:00','20:00:00'),
(12,'2026-03-06','18:00:00','20:00:00'),
(12,'2026-03-07','18:00:00','20:00:00'),
(12,'2026-03-09','18:00:00','20:00:00'),
(12,'2026-03-10','18:00:00','20:00:00'),
(12,'2026-03-11','18:00:00','20:00:00'),
(12,'2026-03-12','18:00:00','20:00:00'),
(12,'2026-03-13','18:00:00','20:00:00'),
(12,'2026-03-14','18:00:00','20:00:00'),
(12,'2026-03-16','18:00:00','20:00:00'),
(12,'2026-03-17','18:00:00','20:00:00'),
(12,'2026-03-18','18:00:00','20:00:00'),
(12,'2026-03-19','18:00:00','20:00:00'),
(12,'2026-03-20','18:00:00','20:00:00'),
(12,'2026-03-21','18:00:00','20:00:00'),
(12,'2026-03-23','18:00:00','20:00:00'),
(12,'2026-03-24','18:00:00','20:00:00'),
(12,'2026-03-25','18:00:00','20:00:00'),
(12,'2026-03-26','18:00:00','20:00:00'),
(12,'2026-03-27','18:00:00','20:00:00'),
(12,'2026-03-28','18:00:00','20:00:00'),
(13,'2026-04-01','18:00:00','20:00:00'),
(13,'2026-04-02','18:00:00','20:00:00'),
(13,'2026-04-03','18:00:00','20:00:00'),
(13,'2026-04-04','18:00:00','20:00:00'),
(13,'2026-04-06','18:00:00','20:00:00'),
(13,'2026-04-07','18:00:00','20:00:00'),
(13,'2026-04-08','18:00:00','20:00:00'),
(13,'2026-04-09','18:00:00','20:00:00'),
(13,'2026-04-10','18:00:00','20:00:00'),
(13,'2026-04-11','18:00:00','20:00:00'),
(13,'2026-04-13','18:00:00','20:00:00'),
(13,'2026-04-14','18:00:00','20:00:00'),
(13,'2026-04-15','18:00:00','20:00:00'),
(13,'2026-04-16','18:00:00','20:00:00'),
(13,'2026-04-17','18:00:00','20:00:00'),
(13,'2026-04-18','18:00:00','20:00:00'),
(13,'2026-04-20','18:00:00','20:00:00'),
(13,'2026-04-21','18:00:00','20:00:00'),
(13,'2026-04-22','18:00:00','20:00:00'),
(13,'2026-04-23','18:00:00','20:00:00'),
(13,'2026-04-24','18:00:00','20:00:00'),
(13,'2026-04-25','18:00:00','20:00:00'),
(13,'2026-04-27','18:00:00','20:00:00'),
(13,'2026-04-28','18:00:00','20:00:00'),
(14,'2026-05-04','18:00:00','20:00:00'),
(14,'2026-05-05','18:00:00','20:00:00'),
(14,'2026-05-06','18:00:00','20:00:00'),
(14,'2026-05-07','18:00:00','20:00:00'),
(14,'2026-05-08','18:00:00','20:00:00'),
(14,'2026-05-09','18:00:00','20:00:00'),
(14,'2026-05-11','18:00:00','20:00:00'),
(14,'2026-05-12','18:00:00','20:00:00'),
(14,'2026-05-13','18:00:00','20:00:00'),
(14,'2026-05-14','18:00:00','20:00:00'),
(14,'2026-05-15','18:00:00','20:00:00'),
(14,'2026-05-16','18:00:00','20:00:00'),
(14,'2026-05-18','18:00:00','20:00:00'),
(14,'2026-05-19','18:00:00','20:00:00'),
(14,'2026-05-20','18:00:00','20:00:00'),
(14,'2026-05-21','18:00:00','20:00:00'),
(14,'2026-05-22','18:00:00','20:00:00'),
(14,'2026-05-23','18:00:00','20:00:00'),
(14,'2026-05-25','18:00:00','20:00:00'),
(14,'2026-05-26','18:00:00','20:00:00'),
(14,'2026-05-27','18:00:00','20:00:00'),
(14,'2026-05-28','18:00:00','20:00:00'),
(14,'2026-05-29','18:00:00','20:00:00'),
(14,'2026-05-30','18:00:00','20:00:00'),
(15,'2026-06-01','18:00:00','20:00:00'),
(15,'2026-06-02','18:00:00','20:00:00'),
(15,'2026-06-03','18:00:00','20:00:00'),
(15,'2026-06-04','18:00:00','20:00:00'),
(15,'2026-06-05','18:00:00','20:00:00'),
(15,'2026-06-06','18:00:00','20:00:00'),
(15,'2026-06-08','18:00:00','20:00:00'),
(15,'2026-06-09','18:00:00','20:00:00'),
(15,'2026-06-10','18:00:00','20:00:00'),
(15,'2026-06-11','18:00:00','20:00:00'),
(15,'2026-06-12','18:00:00','20:00:00'),
(15,'2026-06-13','18:00:00','20:00:00'),
(15,'2026-06-15','18:00:00','20:00:00'),
(15,'2026-06-16','18:00:00','20:00:00'),
(15,'2026-06-17','18:00:00','20:00:00'),
(15,'2026-06-18','18:00:00','20:00:00'),
(15,'2026-06-19','18:00:00','20:00:00'),
(15,'2026-06-20','18:00:00','20:00:00'),
(15,'2026-06-22','18:00:00','20:00:00'),
(15,'2026-06-23','18:00:00','20:00:00'),
(15,'2026-06-24','18:00:00','20:00:00'),
(15,'2026-06-25','18:00:00','20:00:00'),
(15,'2026-06-26','18:00:00','20:00:00'),
(15,'2026-06-27','18:00:00','20:00:00'),
(16,'2026-02-02','08:00:00','10:00:00'),
(16,'2026-02-03','08:00:00','10:00:00'),
(16,'2026-02-04','08:00:00','10:00:00'),
(16,'2026-02-05','08:00:00','10:00:00'),
(16,'2026-02-06','08:00:00','10:00:00'),
(16,'2026-02-07','08:00:00','10:00:00'),
(16,'2026-02-09','08:00:00','10:00:00'),
(16,'2026-02-10','08:00:00','10:00:00'),
(16,'2026-02-11','08:00:00','10:00:00'),
(16,'2026-02-12','08:00:00','10:00:00'),
(16,'2026-02-13','08:00:00','10:00:00'),
(16,'2026-02-14','08:00:00','10:00:00'),
(16,'2026-02-16','08:00:00','10:00:00'),
(16,'2026-02-17','08:00:00','10:00:00'),
(16,'2026-02-18','08:00:00','10:00:00'),
(16,'2026-02-19','08:00:00','10:00:00'),
(16,'2026-02-20','08:00:00','10:00:00'),
(16,'2026-02-21','08:00:00','10:00:00'),
(16,'2026-02-23','08:00:00','10:00:00'),
(16,'2026-02-24','08:00:00','10:00:00'),
(16,'2026-02-25','08:00:00','10:00:00'),
(16,'2026-02-26','08:00:00','10:00:00'),
(16,'2026-02-27','08:00:00','10:00:00'),
(16,'2026-02-28','08:00:00','10:00:00'),
(17,'2026-03-02','08:00:00','10:00:00'),
(17,'2026-03-03','08:00:00','10:00:00'),
(17,'2026-03-04','08:00:00','10:00:00'),
(17,'2026-03-05','08:00:00','10:00:00'),
(17,'2026-03-06','08:00:00','10:00:00'),
(17,'2026-03-07','08:00:00','10:00:00'),
(17,'2026-03-09','08:00:00','10:00:00'),
(17,'2026-03-10','08:00:00','10:00:00'),
(17,'2026-03-11','08:00:00','10:00:00'),
(17,'2026-03-12','08:00:00','10:00:00'),
(17,'2026-03-13','08:00:00','10:00:00'),
(17,'2026-03-14','08:00:00','10:00:00'),
(17,'2026-03-16','08:00:00','10:00:00'),
(17,'2026-03-17','08:00:00','10:00:00'),
(17,'2026-03-18','08:00:00','10:00:00'),
(17,'2026-03-19','08:00:00','10:00:00'),
(17,'2026-03-20','08:00:00','10:00:00'),
(17,'2026-03-21','08:00:00','10:00:00'),
(17,'2026-03-23','08:00:00','10:00:00'),
(17,'2026-03-24','08:00:00','10:00:00'),
(17,'2026-03-25','08:00:00','10:00:00'),
(17,'2026-03-26','08:00:00','10:00:00'),
(17,'2026-03-27','08:00:00','10:00:00'),
(17,'2026-03-28','08:00:00','10:00:00'),
(18,'2026-04-01','08:00:00','10:00:00'),
(18,'2026-04-02','08:00:00','10:00:00'),
(18,'2026-04-03','08:00:00','10:00:00'),
(18,'2026-04-04','08:00:00','10:00:00'),
(18,'2026-04-06','08:00:00','10:00:00'),
(18,'2026-04-07','08:00:00','10:00:00'),
(18,'2026-04-08','08:00:00','10:00:00'),
(18,'2026-04-09','08:00:00','10:00:00'),
(18,'2026-04-10','08:00:00','10:00:00'),
(18,'2026-04-11','08:00:00','10:00:00'),
(18,'2026-04-13','08:00:00','10:00:00'),
(18,'2026-04-14','08:00:00','10:00:00'),
(18,'2026-04-15','08:00:00','10:00:00'),
(18,'2026-04-16','08:00:00','10:00:00'),
(18,'2026-04-17','08:00:00','10:00:00'),
(18,'2026-04-18','08:00:00','10:00:00'),
(18,'2026-04-20','08:00:00','10:00:00'),
(18,'2026-04-21','08:00:00','10:00:00'),
(18,'2026-04-22','08:00:00','10:00:00'),
(18,'2026-04-23','08:00:00','10:00:00'),
(18,'2026-04-24','08:00:00','10:00:00'),
(18,'2026-04-25','08:00:00','10:00:00'),
(18,'2026-04-27','08:00:00','10:00:00'),
(18,'2026-04-28','08:00:00','10:00:00'),
(19,'2026-05-04','08:00:00','10:00:00'),
(19,'2026-05-05','08:00:00','10:00:00'),
(19,'2026-05-06','08:00:00','10:00:00'),
(19,'2026-05-07','08:00:00','10:00:00'),
(19,'2026-05-08','08:00:00','10:00:00'),
(19,'2026-05-09','08:00:00','10:00:00'),
(19,'2026-05-11','08:00:00','10:00:00'),
(19,'2026-05-12','08:00:00','10:00:00'),
(19,'2026-05-13','08:00:00','10:00:00'),
(19,'2026-05-14','08:00:00','10:00:00'),
(19,'2026-05-15','08:00:00','10:00:00'),
(19,'2026-05-16','08:00:00','10:00:00'),
(19,'2026-05-18','08:00:00','10:00:00'),
(19,'2026-05-19','08:00:00','10:00:00'),
(19,'2026-05-20','08:00:00','10:00:00'),
(19,'2026-05-21','08:00:00','10:00:00'),
(19,'2026-05-22','08:00:00','10:00:00'),
(19,'2026-05-23','08:00:00','10:00:00'),
(19,'2026-05-25','08:00:00','10:00:00'),
(19,'2026-05-26','08:00:00','10:00:00'),
(19,'2026-05-27','08:00:00','10:00:00'),
(19,'2026-05-28','08:00:00','10:00:00'),
(19,'2026-05-29','08:00:00','10:00:00'),
(19,'2026-05-30','08:00:00','10:00:00'),
(20,'2026-06-01','08:00:00','10:00:00'),
(20,'2026-06-02','08:00:00','10:00:00'),
(20,'2026-06-03','08:00:00','10:00:00'),
(20,'2026-06-04','08:00:00','10:00:00'),
(20,'2026-06-05','08:00:00','10:00:00'),
(20,'2026-06-06','08:00:00','10:00:00'),
(20,'2026-06-08','08:00:00','10:00:00'),
(20,'2026-06-09','08:00:00','10:00:00'),
(20,'2026-06-10','08:00:00','10:00:00'),
(20,'2026-06-11','08:00:00','10:00:00'),
(20,'2026-06-12','08:00:00','10:00:00'),
(20,'2026-06-13','08:00:00','10:00:00'),
(20,'2026-06-15','08:00:00','10:00:00'),
(20,'2026-06-16','08:00:00','10:00:00'),
(20,'2026-06-17','08:00:00','10:00:00'),
(20,'2026-06-18','08:00:00','10:00:00'),
(20,'2026-06-19','08:00:00','10:00:00'),
(20,'2026-06-20','08:00:00','10:00:00'),
(20,'2026-06-22','08:00:00','10:00:00'),
(20,'2026-06-23','08:00:00','10:00:00'),
(20,'2026-06-24','08:00:00','10:00:00'),
(20,'2026-06-25','08:00:00','10:00:00'),
(20,'2026-06-26','08:00:00','10:00:00'),
(20,'2026-06-27','08:00:00','10:00:00'),
(21,'2026-02-02','06:00:00','08:00:00'),
(21,'2026-02-03','06:00:00','08:00:00'),
(21,'2026-02-04','06:00:00','08:00:00'),
(21,'2026-02-05','06:00:00','08:00:00'),
(21,'2026-02-06','06:00:00','08:00:00'),
(21,'2026-02-07','06:00:00','08:00:00'),
(21,'2026-02-09','06:00:00','08:00:00'),
(21,'2026-02-10','06:00:00','08:00:00'),
(21,'2026-02-11','06:00:00','08:00:00'),
(21,'2026-02-12','06:00:00','08:00:00'),
(21,'2026-02-13','06:00:00','08:00:00'),
(21,'2026-02-14','06:00:00','08:00:00'),
(21,'2026-02-16','06:00:00','08:00:00'),
(21,'2026-02-17','06:00:00','08:00:00'),
(21,'2026-02-18','06:00:00','08:00:00'),
(21,'2026-02-19','06:00:00','08:00:00'),
(21,'2026-02-20','06:00:00','08:00:00'),
(21,'2026-02-21','06:00:00','08:00:00'),
(21,'2026-02-23','06:00:00','08:00:00'),
(21,'2026-02-24','06:00:00','08:00:00'),
(21,'2026-02-25','06:00:00','08:00:00'),
(21,'2026-02-26','06:00:00','08:00:00'),
(21,'2026-02-27','06:00:00','08:00:00'),
(21,'2026-02-28','06:00:00','08:00:00'),
(22,'2026-03-02','06:00:00','08:00:00'),
(22,'2026-03-03','06:00:00','08:00:00'),
(22,'2026-03-04','06:00:00','08:00:00'),
(22,'2026-03-05','06:00:00','08:00:00'),
(22,'2026-03-06','06:00:00','08:00:00'),
(22,'2026-03-07','06:00:00','08:00:00'),
(22,'2026-03-09','06:00:00','08:00:00'),
(22,'2026-03-10','06:00:00','08:00:00'),
(22,'2026-03-11','06:00:00','08:00:00'),
(22,'2026-03-12','06:00:00','08:00:00'),
(22,'2026-03-13','06:00:00','08:00:00'),
(22,'2026-03-14','06:00:00','08:00:00'),
(22,'2026-03-16','06:00:00','08:00:00'),
(22,'2026-03-17','06:00:00','08:00:00'),
(22,'2026-03-18','06:00:00','08:00:00'),
(22,'2026-03-19','06:00:00','08:00:00'),
(22,'2026-03-20','06:00:00','08:00:00'),
(22,'2026-03-21','06:00:00','08:00:00'),
(22,'2026-03-23','06:00:00','08:00:00'),
(22,'2026-03-24','06:00:00','08:00:00'),
(22,'2026-03-25','06:00:00','08:00:00'),
(22,'2026-03-26','06:00:00','08:00:00'),
(22,'2026-03-27','06:00:00','08:00:00'),
(22,'2026-03-28','06:00:00','08:00:00'),
(23,'2026-04-01','06:00:00','08:00:00'),
(23,'2026-04-02','06:00:00','08:00:00'),
(23,'2026-04-03','06:00:00','08:00:00'),
(23,'2026-04-04','06:00:00','08:00:00'),
(23,'2026-04-06','06:00:00','08:00:00'),
(23,'2026-04-07','06:00:00','08:00:00'),
(23,'2026-04-08','06:00:00','08:00:00'),
(23,'2026-04-09','06:00:00','08:00:00'),
(23,'2026-04-10','06:00:00','08:00:00'),
(23,'2026-04-11','06:00:00','08:00:00'),
(23,'2026-04-13','06:00:00','08:00:00'),
(23,'2026-04-14','06:00:00','08:00:00'),
(23,'2026-04-15','06:00:00','08:00:00'),
(23,'2026-04-16','06:00:00','08:00:00'),
(23,'2026-04-17','06:00:00','08:00:00'),
(23,'2026-04-18','06:00:00','08:00:00'),
(23,'2026-04-20','06:00:00','08:00:00'),
(23,'2026-04-21','06:00:00','08:00:00'),
(23,'2026-04-22','06:00:00','08:00:00'),
(23,'2026-04-23','06:00:00','08:00:00'),
(23,'2026-04-24','06:00:00','08:00:00'),
(23,'2026-04-25','06:00:00','08:00:00'),
(23,'2026-04-27','06:00:00','08:00:00'),
(23,'2026-04-28','06:00:00','08:00:00'),
(24,'2026-05-04','06:00:00','08:00:00'),
(24,'2026-05-05','06:00:00','08:00:00'),
(24,'2026-05-06','06:00:00','08:00:00'),
(24,'2026-05-07','06:00:00','08:00:00'),
(24,'2026-05-08','06:00:00','08:00:00'),
(24,'2026-05-09','06:00:00','08:00:00'),
(24,'2026-05-11','06:00:00','08:00:00'),
(24,'2026-05-12','06:00:00','08:00:00'),
(24,'2026-05-13','06:00:00','08:00:00'),
(24,'2026-05-14','06:00:00','08:00:00'),
(24,'2026-05-15','06:00:00','08:00:00'),
(24,'2026-05-16','06:00:00','08:00:00'),
(24,'2026-05-18','06:00:00','08:00:00'),
(24,'2026-05-19','06:00:00','08:00:00'),
(24,'2026-05-20','06:00:00','08:00:00'),
(24,'2026-05-21','06:00:00','08:00:00'),
(24,'2026-05-22','06:00:00','08:00:00'),
(24,'2026-05-23','06:00:00','08:00:00'),
(24,'2026-05-25','06:00:00','08:00:00'),
(24,'2026-05-26','06:00:00','08:00:00'),
(24,'2026-05-27','06:00:00','08:00:00'),
(24,'2026-05-28','06:00:00','08:00:00'),
(24,'2026-05-29','06:00:00','08:00:00'),
(24,'2026-05-30','06:00:00','08:00:00'),
(25,'2026-06-01','06:00:00','08:00:00'),
(25,'2026-06-02','06:00:00','08:00:00'),
(25,'2026-06-03','06:00:00','08:00:00'),
(25,'2026-06-04','06:00:00','08:00:00'),
(25,'2026-06-05','06:00:00','08:00:00'),
(25,'2026-06-06','06:00:00','08:00:00'),
(25,'2026-06-08','06:00:00','08:00:00'),
(25,'2026-06-09','06:00:00','08:00:00'),
(25,'2026-06-10','06:00:00','08:00:00'),
(25,'2026-06-11','06:00:00','08:00:00'),
(25,'2026-06-12','06:00:00','08:00:00'),
(25,'2026-06-13','06:00:00','08:00:00'),
(25,'2026-06-15','06:00:00','08:00:00'),
(25,'2026-06-16','06:00:00','08:00:00'),
(25,'2026-06-17','06:00:00','08:00:00'),
(25,'2026-06-18','06:00:00','08:00:00'),
(25,'2026-06-19','06:00:00','08:00:00'),
(25,'2026-06-20','06:00:00','08:00:00'),
(25,'2026-06-22','06:00:00','08:00:00'),
(25,'2026-06-23','06:00:00','08:00:00'),
(25,'2026-06-24','06:00:00','08:00:00'),
(25,'2026-06-25','06:00:00','08:00:00'),
(25,'2026-06-26','06:00:00','08:00:00'),
(25,'2026-06-27','06:00:00','08:00:00'),
(26,'2026-02-02','12:00:00','14:00:00'),
(26,'2026-02-03','12:00:00','14:00:00'),
(26,'2026-02-04','12:00:00','14:00:00'),
(26,'2026-02-05','12:00:00','14:00:00'),
(26,'2026-02-06','12:00:00','14:00:00'),
(26,'2026-02-07','12:00:00','14:00:00'),
(26,'2026-02-09','12:00:00','14:00:00'),
(26,'2026-02-10','12:00:00','14:00:00'),
(26,'2026-02-11','12:00:00','14:00:00'),
(26,'2026-02-12','12:00:00','14:00:00'),
(26,'2026-02-13','12:00:00','14:00:00'),
(26,'2026-02-14','12:00:00','14:00:00'),
(26,'2026-02-16','12:00:00','14:00:00'),
(26,'2026-02-17','12:00:00','14:00:00'),
(26,'2026-02-18','12:00:00','14:00:00'),
(26,'2026-02-19','12:00:00','14:00:00'),
(26,'2026-02-20','12:00:00','14:00:00'),
(26,'2026-02-21','12:00:00','14:00:00'),
(26,'2026-02-23','12:00:00','14:00:00'),
(26,'2026-02-24','12:00:00','14:00:00'),
(26,'2026-02-25','12:00:00','14:00:00'),
(26,'2026-02-26','12:00:00','14:00:00'),
(26,'2026-02-27','12:00:00','14:00:00'),
(26,'2026-02-28','12:00:00','14:00:00'),
(27,'2026-03-02','12:00:00','14:00:00'),
(27,'2026-03-03','12:00:00','14:00:00'),
(27,'2026-03-04','12:00:00','14:00:00'),
(27,'2026-03-05','12:00:00','14:00:00'),
(27,'2026-03-06','12:00:00','14:00:00'),
(27,'2026-03-07','12:00:00','14:00:00'),
(27,'2026-03-09','12:00:00','14:00:00'),
(27,'2026-03-10','12:00:00','14:00:00'),
(27,'2026-03-11','12:00:00','14:00:00'),
(27,'2026-03-12','12:00:00','14:00:00'),
(27,'2026-03-13','12:00:00','14:00:00'),
(27,'2026-03-14','12:00:00','14:00:00'),
(27,'2026-03-16','12:00:00','14:00:00'),
(27,'2026-03-17','12:00:00','14:00:00'),
(27,'2026-03-18','12:00:00','14:00:00'),
(27,'2026-03-19','12:00:00','14:00:00'),
(27,'2026-03-20','12:00:00','14:00:00'),
(27,'2026-03-21','12:00:00','14:00:00'),
(27,'2026-03-23','12:00:00','14:00:00'),
(27,'2026-03-24','12:00:00','14:00:00'),
(27,'2026-03-25','12:00:00','14:00:00'),
(27,'2026-03-26','12:00:00','14:00:00'),
(27,'2026-03-27','12:00:00','14:00:00'),
(27,'2026-03-28','12:00:00','14:00:00'),
(28,'2026-04-01','12:00:00','14:00:00'),
(28,'2026-04-02','12:00:00','14:00:00'),
(28,'2026-04-03','12:00:00','14:00:00'),
(28,'2026-04-04','12:00:00','14:00:00'),
(28,'2026-04-06','12:00:00','14:00:00'),
(28,'2026-04-07','12:00:00','14:00:00'),
(28,'2026-04-08','12:00:00','14:00:00'),
(28,'2026-04-09','12:00:00','14:00:00'),
(28,'2026-04-10','12:00:00','14:00:00'),
(28,'2026-04-11','12:00:00','14:00:00'),
(28,'2026-04-13','12:00:00','14:00:00'),
(28,'2026-04-14','12:00:00','14:00:00'),
(28,'2026-04-15','12:00:00','14:00:00'),
(28,'2026-04-16','12:00:00','14:00:00'),
(28,'2026-04-17','12:00:00','14:00:00'),
(28,'2026-04-18','12:00:00','14:00:00'),
(28,'2026-04-20','12:00:00','14:00:00'),
(28,'2026-04-21','12:00:00','14:00:00'),
(28,'2026-04-22','12:00:00','14:00:00'),
(28,'2026-04-23','12:00:00','14:00:00'),
(28,'2026-04-24','12:00:00','14:00:00'),
(28,'2026-04-25','12:00:00','14:00:00'),
(28,'2026-04-27','12:00:00','14:00:00'),
(28,'2026-04-28','12:00:00','14:00:00'),
(29,'2026-05-04','12:00:00','14:00:00'),
(29,'2026-05-05','12:00:00','14:00:00'),
(29,'2026-05-06','12:00:00','14:00:00'),
(29,'2026-05-07','12:00:00','14:00:00'),
(29,'2026-05-08','12:00:00','14:00:00'),
(29,'2026-05-09','12:00:00','14:00:00'),
(29,'2026-05-11','12:00:00','14:00:00'),
(29,'2026-05-12','12:00:00','14:00:00'),
(29,'2026-05-13','12:00:00','14:00:00'),
(29,'2026-05-14','12:00:00','14:00:00'),
(29,'2026-05-15','12:00:00','14:00:00'),
(29,'2026-05-16','12:00:00','14:00:00'),
(29,'2026-05-18','12:00:00','14:00:00'),
(29,'2026-05-19','12:00:00','14:00:00'),
(29,'2026-05-20','12:00:00','14:00:00'),
(29,'2026-05-21','12:00:00','14:00:00'),
(29,'2026-05-22','12:00:00','14:00:00'),
(29,'2026-05-23','12:00:00','14:00:00'),
(29,'2026-05-25','12:00:00','14:00:00'),
(29,'2026-05-26','12:00:00','14:00:00'),
(29,'2026-05-27','12:00:00','14:00:00'),
(29,'2026-05-28','12:00:00','14:00:00'),
(29,'2026-05-29','12:00:00','14:00:00'),
(29,'2026-05-30','12:00:00','14:00:00'),
(30,'2026-06-01','12:00:00','14:00:00'),
(30,'2026-06-02','12:00:00','14:00:00'),
(30,'2026-06-03','12:00:00','14:00:00'),
(30,'2026-06-04','12:00:00','14:00:00'),
(30,'2026-06-05','12:00:00','14:00:00'),
(30,'2026-06-06','12:00:00','14:00:00'),
(30,'2026-06-08','12:00:00','14:00:00'),
(30,'2026-06-09','12:00:00','14:00:00'),
(30,'2026-06-10','12:00:00','14:00:00'),
(30,'2026-06-11','12:00:00','14:00:00'),
(30,'2026-06-12','12:00:00','14:00:00'),
(30,'2026-06-13','12:00:00','14:00:00'),
(30,'2026-06-15','12:00:00','14:00:00'),
(30,'2026-06-16','12:00:00','14:00:00'),
(30,'2026-06-17','12:00:00','14:00:00'),
(30,'2026-06-18','12:00:00','14:00:00'),
(30,'2026-06-19','12:00:00','14:00:00'),
(30,'2026-06-20','12:00:00','14:00:00'),
(30,'2026-06-22','12:00:00','14:00:00'),
(30,'2026-06-23','12:00:00','14:00:00'),
(30,'2026-06-24','12:00:00','14:00:00'),
(30,'2026-06-25','12:00:00','14:00:00'),
(30,'2026-06-26','12:00:00','14:00:00'),
(30,'2026-06-27','12:00:00','14:00:00'),
(31,'2026-02-02','18:00:00','20:00:00'),
(31,'2026-02-03','18:00:00','20:00:00'),
(31,'2026-02-04','18:00:00','20:00:00'),
(31,'2026-02-05','18:00:00','20:00:00'),
(31,'2026-02-06','18:00:00','20:00:00'),
(31,'2026-02-07','18:00:00','20:00:00'),
(31,'2026-02-09','18:00:00','20:00:00'),
(31,'2026-02-10','18:00:00','20:00:00'),
(31,'2026-02-11','18:00:00','20:00:00'),
(31,'2026-02-12','18:00:00','20:00:00'),
(31,'2026-02-13','18:00:00','20:00:00'),
(31,'2026-02-14','18:00:00','20:00:00'),
(31,'2026-02-16','18:00:00','20:00:00'),
(31,'2026-02-17','18:00:00','20:00:00'),
(31,'2026-02-18','18:00:00','20:00:00'),
(31,'2026-02-19','18:00:00','20:00:00'),
(31,'2026-02-20','18:00:00','20:00:00'),
(31,'2026-02-21','18:00:00','20:00:00'),
(31,'2026-02-23','18:00:00','20:00:00'),
(31,'2026-02-24','18:00:00','20:00:00'),
(31,'2026-02-25','18:00:00','20:00:00'),
(31,'2026-02-26','18:00:00','20:00:00'),
(31,'2026-02-27','18:00:00','20:00:00'),
(31,'2026-02-28','18:00:00','20:00:00'),
(32,'2026-03-02','18:00:00','20:00:00'),
(32,'2026-03-03','18:00:00','20:00:00'),
(32,'2026-03-04','18:00:00','20:00:00'),
(32,'2026-03-05','18:00:00','20:00:00'),
(32,'2026-03-06','18:00:00','20:00:00'),
(32,'2026-03-07','18:00:00','20:00:00'),
(32,'2026-03-09','18:00:00','20:00:00'),
(32,'2026-03-10','18:00:00','20:00:00'),
(32,'2026-03-11','18:00:00','20:00:00'),
(32,'2026-03-12','18:00:00','20:00:00'),
(32,'2026-03-13','18:00:00','20:00:00'),
(32,'2026-03-14','18:00:00','20:00:00'),
(32,'2026-03-16','18:00:00','20:00:00'),
(32,'2026-03-17','18:00:00','20:00:00'),
(32,'2026-03-18','18:00:00','20:00:00'),
(32,'2026-03-19','18:00:00','20:00:00'),
(32,'2026-03-20','18:00:00','20:00:00'),
(32,'2026-03-21','18:00:00','20:00:00'),
(32,'2026-03-23','18:00:00','20:00:00'),
(32,'2026-03-24','18:00:00','20:00:00'),
(32,'2026-03-25','18:00:00','20:00:00'),
(32,'2026-03-26','18:00:00','20:00:00'),
(32,'2026-03-27','18:00:00','20:00:00'),
(32,'2026-03-28','18:00:00','20:00:00'),
(33,'2026-04-01','18:00:00','20:00:00'),
(33,'2026-04-02','18:00:00','20:00:00'),
(33,'2026-04-03','18:00:00','20:00:00'),
(33,'2026-04-04','18:00:00','20:00:00'),
(33,'2026-04-06','18:00:00','20:00:00'),
(33,'2026-04-07','18:00:00','20:00:00'),
(33,'2026-04-08','18:00:00','20:00:00'),
(33,'2026-04-09','18:00:00','20:00:00'),
(33,'2026-04-10','18:00:00','20:00:00'),
(33,'2026-04-11','18:00:00','20:00:00'),
(33,'2026-04-13','18:00:00','20:00:00'),
(33,'2026-04-14','18:00:00','20:00:00'),
(33,'2026-04-15','18:00:00','20:00:00'),
(33,'2026-04-16','18:00:00','20:00:00'),
(33,'2026-04-17','18:00:00','20:00:00'),
(33,'2026-04-18','18:00:00','20:00:00'),
(33,'2026-04-20','18:00:00','20:00:00'),
(33,'2026-04-21','18:00:00','20:00:00'),
(33,'2026-04-22','18:00:00','20:00:00'),
(33,'2026-04-23','18:00:00','20:00:00'),
(33,'2026-04-24','18:00:00','20:00:00'),
(33,'2026-04-25','18:00:00','20:00:00'),
(33,'2026-04-27','18:00:00','20:00:00'),
(33,'2026-04-28','18:00:00','20:00:00'),
(34,'2026-05-04','18:00:00','20:00:00'),
(34,'2026-05-05','18:00:00','20:00:00'),
(34,'2026-05-06','18:00:00','20:00:00'),
(34,'2026-05-07','18:00:00','20:00:00'),
(34,'2026-05-08','18:00:00','20:00:00'),
(34,'2026-05-09','18:00:00','20:00:00'),
(34,'2026-05-11','18:00:00','20:00:00'),
(34,'2026-05-12','18:00:00','20:00:00'),
(34,'2026-05-13','18:00:00','20:00:00'),
(34,'2026-05-14','18:00:00','20:00:00'),
(34,'2026-05-15','18:00:00','20:00:00'),
(34,'2026-05-16','18:00:00','20:00:00'),
(34,'2026-05-18','18:00:00','20:00:00'),
(34,'2026-05-19','18:00:00','20:00:00'),
(34,'2026-05-20','18:00:00','20:00:00'),
(34,'2026-05-21','18:00:00','20:00:00'),
(34,'2026-05-22','18:00:00','20:00:00'),
(34,'2026-05-23','18:00:00','20:00:00'),
(34,'2026-05-25','18:00:00','20:00:00'),
(34,'2026-05-26','18:00:00','20:00:00'),
(34,'2026-05-27','18:00:00','20:00:00'),
(34,'2026-05-28','18:00:00','20:00:00'),
(34,'2026-05-29','18:00:00','20:00:00'),
(34,'2026-05-30','18:00:00','20:00:00'),
(35,'2026-06-01','18:00:00','20:00:00'),
(35,'2026-06-02','18:00:00','20:00:00'),
(35,'2026-06-03','18:00:00','20:00:00'),
(35,'2026-06-04','18:00:00','20:00:00'),
(35,'2026-06-05','18:00:00','20:00:00'),
(35,'2026-06-06','18:00:00','20:00:00'),
(35,'2026-06-08','18:00:00','20:00:00'),
(35,'2026-06-09','18:00:00','20:00:00'),
(35,'2026-06-10','18:00:00','20:00:00'),
(35,'2026-06-11','18:00:00','20:00:00'),
(35,'2026-06-12','18:00:00','20:00:00'),
(35,'2026-06-13','18:00:00','20:00:00'),
(35,'2026-06-15','18:00:00','20:00:00'),
(35,'2026-06-16','18:00:00','20:00:00'),
(35,'2026-06-17','18:00:00','20:00:00'),
(35,'2026-06-18','18:00:00','20:00:00'),
(35,'2026-06-19','18:00:00','20:00:00'),
(35,'2026-06-20','18:00:00','20:00:00'),
(35,'2026-06-22','18:00:00','20:00:00'),
(35,'2026-06-23','18:00:00','20:00:00'),
(35,'2026-06-24','18:00:00','20:00:00'),
(35,'2026-06-25','18:00:00','20:00:00'),
(35,'2026-06-26','18:00:00','20:00:00'),
(35,'2026-06-27','18:00:00','20:00:00'),
(36,'2026-02-02','08:00:00','10:00:00'),
(36,'2026-02-03','08:00:00','10:00:00'),
(36,'2026-02-04','08:00:00','10:00:00'),
(36,'2026-02-05','08:00:00','10:00:00'),
(36,'2026-02-06','08:00:00','10:00:00'),
(36,'2026-02-07','08:00:00','10:00:00'),
(36,'2026-02-09','08:00:00','10:00:00'),
(36,'2026-02-10','08:00:00','10:00:00'),
(36,'2026-02-11','08:00:00','10:00:00'),
(36,'2026-02-12','08:00:00','10:00:00'),
(36,'2026-02-13','08:00:00','10:00:00'),
(36,'2026-02-14','08:00:00','10:00:00'),
(36,'2026-02-16','08:00:00','10:00:00'),
(36,'2026-02-17','08:00:00','10:00:00'),
(36,'2026-02-18','08:00:00','10:00:00'),
(36,'2026-02-19','08:00:00','10:00:00'),
(36,'2026-02-20','08:00:00','10:00:00'),
(36,'2026-02-21','08:00:00','10:00:00'),
(36,'2026-02-23','08:00:00','10:00:00'),
(36,'2026-02-24','08:00:00','10:00:00'),
(36,'2026-02-25','08:00:00','10:00:00'),
(36,'2026-02-26','08:00:00','10:00:00'),
(36,'2026-02-27','08:00:00','10:00:00'),
(36,'2026-02-28','08:00:00','10:00:00'),
(37,'2026-03-02','08:00:00','10:00:00'),
(37,'2026-03-03','08:00:00','10:00:00'),
(37,'2026-03-04','08:00:00','10:00:00'),
(37,'2026-03-05','08:00:00','10:00:00'),
(37,'2026-03-06','08:00:00','10:00:00'),
(37,'2026-03-07','08:00:00','10:00:00'),
(37,'2026-03-09','08:00:00','10:00:00'),
(37,'2026-03-10','08:00:00','10:00:00'),
(37,'2026-03-11','08:00:00','10:00:00'),
(37,'2026-03-12','08:00:00','10:00:00'),
(37,'2026-03-13','08:00:00','10:00:00'),
(37,'2026-03-14','08:00:00','10:00:00'),
(37,'2026-03-16','08:00:00','10:00:00'),
(37,'2026-03-17','08:00:00','10:00:00'),
(37,'2026-03-18','08:00:00','10:00:00'),
(37,'2026-03-19','08:00:00','10:00:00'),
(37,'2026-03-20','08:00:00','10:00:00'),
(37,'2026-03-21','08:00:00','10:00:00'),
(37,'2026-03-23','08:00:00','10:00:00'),
(37,'2026-03-24','08:00:00','10:00:00'),
(37,'2026-03-25','08:00:00','10:00:00'),
(37,'2026-03-26','08:00:00','10:00:00'),
(37,'2026-03-27','08:00:00','10:00:00'),
(37,'2026-03-28','08:00:00','10:00:00'),
(38,'2026-04-01','08:00:00','10:00:00'),
(38,'2026-04-02','08:00:00','10:00:00'),
(38,'2026-04-03','08:00:00','10:00:00'),
(38,'2026-04-04','08:00:00','10:00:00'),
(38,'2026-04-06','08:00:00','10:00:00'),
(38,'2026-04-07','08:00:00','10:00:00'),
(38,'2026-04-08','08:00:00','10:00:00'),
(38,'2026-04-09','08:00:00','10:00:00'),
(38,'2026-04-10','08:00:00','10:00:00'),
(38,'2026-04-11','08:00:00','10:00:00'),
(38,'2026-04-13','08:00:00','10:00:00'),
(38,'2026-04-14','08:00:00','10:00:00'),
(38,'2026-04-15','08:00:00','10:00:00'),
(38,'2026-04-16','08:00:00','10:00:00'),
(38,'2026-04-17','08:00:00','10:00:00'),
(38,'2026-04-18','08:00:00','10:00:00'),
(38,'2026-04-20','08:00:00','10:00:00'),
(38,'2026-04-21','08:00:00','10:00:00'),
(38,'2026-04-22','08:00:00','10:00:00'),
(38,'2026-04-23','08:00:00','10:00:00'),
(38,'2026-04-24','08:00:00','10:00:00'),
(38,'2026-04-25','08:00:00','10:00:00'),
(38,'2026-04-27','08:00:00','10:00:00'),
(38,'2026-04-28','08:00:00','10:00:00'),
(39,'2026-05-04','08:00:00','10:00:00'),
(39,'2026-05-05','08:00:00','10:00:00'),
(39,'2026-05-06','08:00:00','10:00:00'),
(39,'2026-05-07','08:00:00','10:00:00'),
(39,'2026-05-08','08:00:00','10:00:00'),
(39,'2026-05-09','08:00:00','10:00:00'),
(39,'2026-05-11','08:00:00','10:00:00'),
(39,'2026-05-12','08:00:00','10:00:00'),
(39,'2026-05-13','08:00:00','10:00:00'),
(39,'2026-05-14','08:00:00','10:00:00'),
(39,'2026-05-15','08:00:00','10:00:00'),
(39,'2026-05-16','08:00:00','10:00:00'),
(39,'2026-05-18','08:00:00','10:00:00'),
(39,'2026-05-19','08:00:00','10:00:00'),
(39,'2026-05-20','08:00:00','10:00:00'),
(39,'2026-05-21','08:00:00','10:00:00'),
(39,'2026-05-22','08:00:00','10:00:00'),
(39,'2026-05-23','08:00:00','10:00:00'),
(39,'2026-05-25','08:00:00','10:00:00'),
(39,'2026-05-26','08:00:00','10:00:00'),
(39,'2026-05-27','08:00:00','10:00:00'),
(39,'2026-05-28','08:00:00','10:00:00'),
(39,'2026-05-29','08:00:00','10:00:00'),
(39,'2026-05-30','08:00:00','10:00:00'),
(40,'2026-06-01','08:00:00','10:00:00'),
(40,'2026-06-02','08:00:00','10:00:00'),
(40,'2026-06-03','08:00:00','10:00:00'),
(40,'2026-06-04','08:00:00','10:00:00'),
(40,'2026-06-05','08:00:00','10:00:00'),
(40,'2026-06-06','08:00:00','10:00:00'),
(40,'2026-06-08','08:00:00','10:00:00'),
(40,'2026-06-09','08:00:00','10:00:00'),
(40,'2026-06-10','08:00:00','10:00:00'),
(40,'2026-06-11','08:00:00','10:00:00'),
(40,'2026-06-12','08:00:00','10:00:00'),
(40,'2026-06-13','08:00:00','10:00:00'),
(40,'2026-06-15','08:00:00','10:00:00'),
(40,'2026-06-16','08:00:00','10:00:00'),
(40,'2026-06-17','08:00:00','10:00:00'),
(40,'2026-06-18','08:00:00','10:00:00'),
(40,'2026-06-19','08:00:00','10:00:00'),
(40,'2026-06-20','08:00:00','10:00:00'),
(40,'2026-06-22','08:00:00','10:00:00'),
(40,'2026-06-23','08:00:00','10:00:00'),
(40,'2026-06-24','08:00:00','10:00:00'),
(40,'2026-06-25','08:00:00','10:00:00'),
(40,'2026-06-26','08:00:00','10:00:00'),
(40,'2026-06-27','08:00:00','10:00:00'),
(41,'2026-02-02','07:00:00','09:00:00'),
(41,'2026-02-03','07:00:00','09:00:00'),
(41,'2026-02-04','07:00:00','09:00:00'),
(41,'2026-02-05','07:00:00','09:00:00'),
(41,'2026-02-06','07:00:00','09:00:00'),
(41,'2026-02-07','07:00:00','09:00:00'),
(41,'2026-02-09','07:00:00','09:00:00'),
(41,'2026-02-10','07:00:00','09:00:00'),
(41,'2026-02-11','07:00:00','09:00:00'),
(41,'2026-02-12','07:00:00','09:00:00'),
(41,'2026-02-13','07:00:00','09:00:00'),
(41,'2026-02-14','07:00:00','09:00:00'),
(41,'2026-02-16','07:00:00','09:00:00'),
(41,'2026-02-17','07:00:00','09:00:00'),
(41,'2026-02-18','07:00:00','09:00:00'),
(41,'2026-02-19','07:00:00','09:00:00'),
(41,'2026-02-20','07:00:00','09:00:00'),
(41,'2026-02-21','07:00:00','09:00:00'),
(41,'2026-02-23','07:00:00','09:00:00'),
(41,'2026-02-24','07:00:00','09:00:00'),
(41,'2026-02-25','07:00:00','09:00:00'),
(41,'2026-02-26','07:00:00','09:00:00'),
(41,'2026-02-27','07:00:00','09:00:00'),
(41,'2026-02-28','07:00:00','09:00:00'),
(42,'2026-03-02','07:00:00','09:00:00'),
(42,'2026-03-03','07:00:00','09:00:00'),
(42,'2026-03-04','07:00:00','09:00:00'),
(42,'2026-03-05','07:00:00','09:00:00'),
(42,'2026-03-06','07:00:00','09:00:00'),
(42,'2026-03-07','07:00:00','09:00:00'),
(42,'2026-03-09','07:00:00','09:00:00'),
(42,'2026-03-10','07:00:00','09:00:00'),
(42,'2026-03-11','07:00:00','09:00:00'),
(42,'2026-03-12','07:00:00','09:00:00'),
(42,'2026-03-13','07:00:00','09:00:00'),
(42,'2026-03-14','07:00:00','09:00:00'),
(42,'2026-03-16','07:00:00','09:00:00'),
(42,'2026-03-17','07:00:00','09:00:00'),
(42,'2026-03-18','07:00:00','09:00:00'),
(42,'2026-03-19','07:00:00','09:00:00'),
(42,'2026-03-20','07:00:00','09:00:00'),
(42,'2026-03-21','07:00:00','09:00:00'),
(42,'2026-03-23','07:00:00','09:00:00'),
(42,'2026-03-24','07:00:00','09:00:00'),
(42,'2026-03-25','07:00:00','09:00:00'),
(42,'2026-03-26','07:00:00','09:00:00'),
(42,'2026-03-27','07:00:00','09:00:00'),
(42,'2026-03-28','07:00:00','09:00:00'),
(43,'2026-04-01','07:00:00','09:00:00'),
(43,'2026-04-02','07:00:00','09:00:00'),
(43,'2026-04-03','07:00:00','09:00:00'),
(43,'2026-04-04','07:00:00','09:00:00'),
(43,'2026-04-06','07:00:00','09:00:00'),
(43,'2026-04-07','07:00:00','09:00:00'),
(43,'2026-04-08','07:00:00','09:00:00'),
(43,'2026-04-09','07:00:00','09:00:00'),
(43,'2026-04-10','07:00:00','09:00:00'),
(43,'2026-04-11','07:00:00','09:00:00'),
(43,'2026-04-13','07:00:00','09:00:00'),
(43,'2026-04-14','07:00:00','09:00:00'),
(43,'2026-04-15','07:00:00','09:00:00'),
(43,'2026-04-16','07:00:00','09:00:00'),
(43,'2026-04-17','07:00:00','09:00:00'),
(43,'2026-04-18','07:00:00','09:00:00'),
(43,'2026-04-20','07:00:00','09:00:00'),
(43,'2026-04-21','07:00:00','09:00:00'),
(43,'2026-04-22','07:00:00','09:00:00'),
(43,'2026-04-23','07:00:00','09:00:00'),
(43,'2026-04-24','07:00:00','09:00:00'),
(43,'2026-04-25','07:00:00','09:00:00'),
(43,'2026-04-27','07:00:00','09:00:00'),
(43,'2026-04-28','07:00:00','09:00:00'),
(44,'2026-05-04','07:00:00','09:00:00'),
(44,'2026-05-05','07:00:00','09:00:00'),
(44,'2026-05-06','07:00:00','09:00:00'),
(44,'2026-05-07','07:00:00','09:00:00'),
(44,'2026-05-08','07:00:00','09:00:00'),
(44,'2026-05-09','07:00:00','09:00:00'),
(44,'2026-05-11','07:00:00','09:00:00'),
(44,'2026-05-12','07:00:00','09:00:00'),
(44,'2026-05-13','07:00:00','09:00:00'),
(44,'2026-05-14','07:00:00','09:00:00'),
(44,'2026-05-15','07:00:00','09:00:00'),
(44,'2026-05-16','07:00:00','09:00:00'),
(44,'2026-05-18','07:00:00','09:00:00'),
(44,'2026-05-19','07:00:00','09:00:00'),
(44,'2026-05-20','07:00:00','09:00:00'),
(44,'2026-05-21','07:00:00','09:00:00'),
(44,'2026-05-22','07:00:00','09:00:00'),
(44,'2026-05-23','07:00:00','09:00:00'),
(44,'2026-05-25','07:00:00','09:00:00'),
(44,'2026-05-26','07:00:00','09:00:00'),
(44,'2026-05-27','07:00:00','09:00:00'),
(44,'2026-05-28','07:00:00','09:00:00'),
(44,'2026-05-29','07:00:00','09:00:00'),
(44,'2026-05-30','07:00:00','09:00:00'),
(45,'2026-06-01','07:00:00','09:00:00'),
(45,'2026-06-02','07:00:00','09:00:00'),
(45,'2026-06-03','07:00:00','09:00:00'),
(45,'2026-06-04','07:00:00','09:00:00'),
(45,'2026-06-05','07:00:00','09:00:00'),
(45,'2026-06-06','07:00:00','09:00:00'),
(45,'2026-06-08','07:00:00','09:00:00'),
(45,'2026-06-09','07:00:00','09:00:00'),
(45,'2026-06-10','07:00:00','09:00:00'),
(45,'2026-06-11','07:00:00','09:00:00'),
(45,'2026-06-12','07:00:00','09:00:00'),
(45,'2026-06-13','07:00:00','09:00:00'),
(45,'2026-06-15','07:00:00','09:00:00'),
(45,'2026-06-16','07:00:00','09:00:00'),
(45,'2026-06-17','07:00:00','09:00:00'),
(45,'2026-06-18','07:00:00','09:00:00'),
(45,'2026-06-19','07:00:00','09:00:00'),
(45,'2026-06-20','07:00:00','09:00:00'),
(45,'2026-06-22','07:00:00','09:00:00'),
(45,'2026-06-23','07:00:00','09:00:00'),
(45,'2026-06-24','07:00:00','09:00:00'),
(45,'2026-06-25','07:00:00','09:00:00'),
(45,'2026-06-26','07:00:00','09:00:00'),
(45,'2026-06-27','07:00:00','09:00:00'),
(46,'2026-02-02','09:00:00','11:00:00'),
(46,'2026-02-03','09:00:00','11:00:00'),
(46,'2026-02-04','09:00:00','11:00:00'),
(46,'2026-02-05','09:00:00','11:00:00'),
(46,'2026-02-06','09:00:00','11:00:00'),
(46,'2026-02-07','09:00:00','11:00:00'),
(46,'2026-02-09','09:00:00','11:00:00'),
(46,'2026-02-10','09:00:00','11:00:00'),
(46,'2026-02-11','09:00:00','11:00:00'),
(46,'2026-02-12','09:00:00','11:00:00'),
(46,'2026-02-13','09:00:00','11:00:00'),
(46,'2026-02-14','09:00:00','11:00:00'),
(46,'2026-02-16','09:00:00','11:00:00'),
(46,'2026-02-17','09:00:00','11:00:00'),
(46,'2026-02-18','09:00:00','11:00:00'),
(46,'2026-02-19','09:00:00','11:00:00'),
(46,'2026-02-20','09:00:00','11:00:00'),
(46,'2026-02-21','09:00:00','11:00:00'),
(46,'2026-02-23','09:00:00','11:00:00'),
(46,'2026-02-24','09:00:00','11:00:00'),
(46,'2026-02-25','09:00:00','11:00:00'),
(46,'2026-02-26','09:00:00','11:00:00'),
(46,'2026-02-27','09:00:00','11:00:00'),
(46,'2026-02-28','09:00:00','11:00:00'),
(47,'2026-03-02','09:00:00','11:00:00'),
(47,'2026-03-03','09:00:00','11:00:00'),
(47,'2026-03-04','09:00:00','11:00:00'),
(47,'2026-03-05','09:00:00','11:00:00'),
(47,'2026-03-06','09:00:00','11:00:00'),
(47,'2026-03-07','09:00:00','11:00:00'),
(47,'2026-03-09','09:00:00','11:00:00'),
(47,'2026-03-10','09:00:00','11:00:00'),
(47,'2026-03-11','09:00:00','11:00:00'),
(47,'2026-03-12','09:00:00','11:00:00'),
(47,'2026-03-13','09:00:00','11:00:00'),
(47,'2026-03-14','09:00:00','11:00:00'),
(47,'2026-03-16','09:00:00','11:00:00'),
(47,'2026-03-17','09:00:00','11:00:00'),
(47,'2026-03-18','09:00:00','11:00:00'),
(47,'2026-03-19','09:00:00','11:00:00'),
(47,'2026-03-20','09:00:00','11:00:00'),
(47,'2026-03-21','09:00:00','11:00:00'),
(47,'2026-03-23','09:00:00','11:00:00'),
(47,'2026-03-24','09:00:00','11:00:00'),
(47,'2026-03-25','09:00:00','11:00:00'),
(47,'2026-03-26','09:00:00','11:00:00'),
(47,'2026-03-27','09:00:00','11:00:00'),
(47,'2026-03-28','09:00:00','11:00:00'),
(48,'2026-04-01','09:00:00','11:00:00'),
(48,'2026-04-02','09:00:00','11:00:00'),
(48,'2026-04-03','09:00:00','11:00:00'),
(48,'2026-04-04','09:00:00','11:00:00'),
(48,'2026-04-06','09:00:00','11:00:00'),
(48,'2026-04-07','09:00:00','11:00:00'),
(48,'2026-04-08','09:00:00','11:00:00'),
(48,'2026-04-09','09:00:00','11:00:00'),
(48,'2026-04-10','09:00:00','11:00:00'),
(48,'2026-04-11','09:00:00','11:00:00'),
(48,'2026-04-13','09:00:00','11:00:00'),
(48,'2026-04-14','09:00:00','11:00:00'),
(48,'2026-04-15','09:00:00','11:00:00'),
(48,'2026-04-16','09:00:00','11:00:00'),
(48,'2026-04-17','09:00:00','11:00:00'),
(48,'2026-04-18','09:00:00','11:00:00'),
(48,'2026-04-20','09:00:00','11:00:00'),
(48,'2026-04-21','09:00:00','11:00:00'),
(48,'2026-04-22','09:00:00','11:00:00'),
(48,'2026-04-23','09:00:00','11:00:00'),
(48,'2026-04-24','09:00:00','11:00:00'),
(48,'2026-04-25','09:00:00','11:00:00'),
(48,'2026-04-27','09:00:00','11:00:00'),
(48,'2026-04-28','09:00:00','11:00:00'),
(49,'2026-05-04','09:00:00','11:00:00'),
(49,'2026-05-05','09:00:00','11:00:00'),
(49,'2026-05-06','09:00:00','11:00:00'),
(49,'2026-05-07','09:00:00','11:00:00'),
(49,'2026-05-08','09:00:00','11:00:00'),
(49,'2026-05-09','09:00:00','11:00:00'),
(49,'2026-05-11','09:00:00','11:00:00'),
(49,'2026-05-12','09:00:00','11:00:00'),
(49,'2026-05-13','09:00:00','11:00:00'),
(49,'2026-05-14','09:00:00','11:00:00'),
(49,'2026-05-15','09:00:00','11:00:00'),
(49,'2026-05-16','09:00:00','11:00:00'),
(49,'2026-05-18','09:00:00','11:00:00'),
(49,'2026-05-19','09:00:00','11:00:00'),
(49,'2026-05-20','09:00:00','11:00:00'),
(49,'2026-05-21','09:00:00','11:00:00'),
(49,'2026-05-22','09:00:00','11:00:00'),
(49,'2026-05-23','09:00:00','11:00:00'),
(49,'2026-05-25','09:00:00','11:00:00'),
(49,'2026-05-26','09:00:00','11:00:00'),
(49,'2026-05-27','09:00:00','11:00:00'),
(49,'2026-05-28','09:00:00','11:00:00'),
(49,'2026-05-29','09:00:00','11:00:00'),
(49,'2026-05-30','09:00:00','11:00:00'),
(50,'2026-06-01','09:00:00','11:00:00'),
(50,'2026-06-02','09:00:00','11:00:00'),
(50,'2026-06-03','09:00:00','11:00:00'),
(50,'2026-06-04','09:00:00','11:00:00'),
(50,'2026-06-05','09:00:00','11:00:00'),
(50,'2026-06-06','09:00:00','11:00:00'),
(50,'2026-06-08','09:00:00','11:00:00'),
(50,'2026-06-09','09:00:00','11:00:00'),
(50,'2026-06-10','09:00:00','11:00:00'),
(50,'2026-06-11','09:00:00','11:00:00'),
(50,'2026-06-12','09:00:00','11:00:00'),
(50,'2026-06-13','09:00:00','11:00:00'),
(50,'2026-06-15','09:00:00','11:00:00'),
(50,'2026-06-16','09:00:00','11:00:00'),
(50,'2026-06-17','09:00:00','11:00:00'),
(50,'2026-06-18','09:00:00','11:00:00'),
(50,'2026-06-19','09:00:00','11:00:00'),
(50,'2026-06-20','09:00:00','11:00:00'),
(50,'2026-06-22','09:00:00','11:00:00'),
(50,'2026-06-23','09:00:00','11:00:00'),
(50,'2026-06-24','09:00:00','11:00:00'),
(50,'2026-06-25','09:00:00','11:00:00'),
(50,'2026-06-26','09:00:00','11:00:00'),
(50,'2026-06-27','09:00:00','11:00:00'),
(51,'2026-02-02','12:00:00','14:00:00'),
(51,'2026-02-03','12:00:00','14:00:00'),
(51,'2026-02-04','12:00:00','14:00:00'),
(51,'2026-02-05','12:00:00','14:00:00'),
(51,'2026-02-06','12:00:00','14:00:00'),
(51,'2026-02-07','12:00:00','14:00:00'),
(51,'2026-02-09','12:00:00','14:00:00'),
(51,'2026-02-10','12:00:00','14:00:00'),
(51,'2026-02-11','12:00:00','14:00:00'),
(51,'2026-02-12','12:00:00','14:00:00'),
(51,'2026-02-13','12:00:00','14:00:00'),
(51,'2026-02-14','12:00:00','14:00:00'),
(51,'2026-02-16','12:00:00','14:00:00'),
(51,'2026-02-17','12:00:00','14:00:00'),
(51,'2026-02-18','12:00:00','14:00:00'),
(51,'2026-02-19','12:00:00','14:00:00'),
(51,'2026-02-20','12:00:00','14:00:00'),
(51,'2026-02-21','12:00:00','14:00:00'),
(51,'2026-02-23','12:00:00','14:00:00'),
(51,'2026-02-24','12:00:00','14:00:00'),
(51,'2026-02-25','12:00:00','14:00:00'),
(51,'2026-02-26','12:00:00','14:00:00'),
(51,'2026-02-27','12:00:00','14:00:00'),
(51,'2026-02-28','12:00:00','14:00:00'),
(52,'2026-03-02','12:00:00','14:00:00'),
(52,'2026-03-03','12:00:00','14:00:00'),
(52,'2026-03-04','12:00:00','14:00:00'),
(52,'2026-03-05','12:00:00','14:00:00'),
(52,'2026-03-06','12:00:00','14:00:00'),
(52,'2026-03-07','12:00:00','14:00:00'),
(52,'2026-03-09','12:00:00','14:00:00'),
(52,'2026-03-10','12:00:00','14:00:00'),
(52,'2026-03-11','12:00:00','14:00:00'),
(52,'2026-03-12','12:00:00','14:00:00'),
(52,'2026-03-13','12:00:00','14:00:00'),
(52,'2026-03-14','12:00:00','14:00:00'),
(52,'2026-03-16','12:00:00','14:00:00'),
(52,'2026-03-17','12:00:00','14:00:00'),
(52,'2026-03-18','12:00:00','14:00:00'),
(52,'2026-03-19','12:00:00','14:00:00'),
(52,'2026-03-20','12:00:00','14:00:00'),
(52,'2026-03-21','12:00:00','14:00:00'),
(52,'2026-03-23','12:00:00','14:00:00'),
(52,'2026-03-24','12:00:00','14:00:00'),
(52,'2026-03-25','12:00:00','14:00:00'),
(52,'2026-03-26','12:00:00','14:00:00'),
(52,'2026-03-27','12:00:00','14:00:00'),
(52,'2026-03-28','12:00:00','14:00:00'),
(53,'2026-04-01','12:00:00','14:00:00'),
(53,'2026-04-02','12:00:00','14:00:00'),
(53,'2026-04-03','12:00:00','14:00:00'),
(53,'2026-04-04','12:00:00','14:00:00'),
(53,'2026-04-06','12:00:00','14:00:00'),
(53,'2026-04-07','12:00:00','14:00:00'),
(53,'2026-04-08','12:00:00','14:00:00'),
(53,'2026-04-09','12:00:00','14:00:00'),
(53,'2026-04-10','12:00:00','14:00:00'),
(53,'2026-04-11','12:00:00','14:00:00'),
(53,'2026-04-13','12:00:00','14:00:00'),
(53,'2026-04-14','12:00:00','14:00:00'),
(53,'2026-04-15','12:00:00','14:00:00'),
(53,'2026-04-16','12:00:00','14:00:00'),
(53,'2026-04-17','12:00:00','14:00:00'),
(53,'2026-04-18','12:00:00','14:00:00'),
(53,'2026-04-20','12:00:00','14:00:00'),
(53,'2026-04-21','12:00:00','14:00:00'),
(53,'2026-04-22','12:00:00','14:00:00'),
(53,'2026-04-23','12:00:00','14:00:00'),
(53,'2026-04-24','12:00:00','14:00:00'),
(53,'2026-04-25','12:00:00','14:00:00'),
(53,'2026-04-27','12:00:00','14:00:00'),
(53,'2026-04-28','12:00:00','14:00:00'),
(54,'2026-05-04','12:00:00','14:00:00'),
(54,'2026-05-05','12:00:00','14:00:00'),
(54,'2026-05-06','12:00:00','14:00:00'),
(54,'2026-05-07','12:00:00','14:00:00'),
(54,'2026-05-08','12:00:00','14:00:00'),
(54,'2026-05-09','12:00:00','14:00:00'),
(54,'2026-05-11','12:00:00','14:00:00'),
(54,'2026-05-12','12:00:00','14:00:00'),
(54,'2026-05-13','12:00:00','14:00:00'),
(54,'2026-05-14','12:00:00','14:00:00'),
(54,'2026-05-15','12:00:00','14:00:00'),
(54,'2026-05-16','12:00:00','14:00:00'),
(54,'2026-05-18','12:00:00','14:00:00'),
(54,'2026-05-19','12:00:00','14:00:00'),
(54,'2026-05-20','12:00:00','14:00:00'),
(54,'2026-05-21','12:00:00','14:00:00'),
(54,'2026-05-22','12:00:00','14:00:00'),
(54,'2026-05-23','12:00:00','14:00:00'),
(54,'2026-05-25','12:00:00','14:00:00'),
(54,'2026-05-26','12:00:00','14:00:00'),
(54,'2026-05-27','12:00:00','14:00:00'),
(54,'2026-05-28','12:00:00','14:00:00'),
(54,'2026-05-29','12:00:00','14:00:00'),
(54,'2026-05-30','12:00:00','14:00:00'),
(55,'2026-06-01','12:00:00','14:00:00'),
(55,'2026-06-02','12:00:00','14:00:00'),
(55,'2026-06-03','12:00:00','14:00:00'),
(55,'2026-06-04','12:00:00','14:00:00'),
(55,'2026-06-05','12:00:00','14:00:00'),
(55,'2026-06-06','12:00:00','14:00:00'),
(55,'2026-06-08','12:00:00','14:00:00'),
(55,'2026-06-09','12:00:00','14:00:00'),
(55,'2026-06-10','12:00:00','14:00:00'),
(55,'2026-06-11','12:00:00','14:00:00'),
(55,'2026-06-12','12:00:00','14:00:00'),
(55,'2026-06-13','12:00:00','14:00:00'),
(55,'2026-06-15','12:00:00','14:00:00'),
(55,'2026-06-16','12:00:00','14:00:00'),
(55,'2026-06-17','12:00:00','14:00:00'),
(55,'2026-06-18','12:00:00','14:00:00'),
(55,'2026-06-19','12:00:00','14:00:00'),
(55,'2026-06-20','12:00:00','14:00:00'),
(55,'2026-06-22','12:00:00','14:00:00'),
(55,'2026-06-23','12:00:00','14:00:00'),
(55,'2026-06-24','12:00:00','14:00:00'),
(55,'2026-06-25','12:00:00','14:00:00'),
(55,'2026-06-26','12:00:00','14:00:00'),
(55,'2026-06-27','12:00:00','14:00:00'),
(56,'2026-02-02','18:00:00','20:00:00'),
(56,'2026-02-03','18:00:00','20:00:00'),
(56,'2026-02-04','18:00:00','20:00:00'),
(56,'2026-02-05','18:00:00','20:00:00'),
(56,'2026-02-06','18:00:00','20:00:00'),
(56,'2026-02-07','18:00:00','20:00:00'),
(56,'2026-02-09','18:00:00','20:00:00'),
(56,'2026-02-10','18:00:00','20:00:00'),
(56,'2026-02-11','18:00:00','20:00:00'),
(56,'2026-02-12','18:00:00','20:00:00'),
(56,'2026-02-13','18:00:00','20:00:00'),
(56,'2026-02-14','18:00:00','20:00:00'),
(56,'2026-02-16','18:00:00','20:00:00'),
(56,'2026-02-17','18:00:00','20:00:00'),
(56,'2026-02-18','18:00:00','20:00:00'),
(56,'2026-02-19','18:00:00','20:00:00'),
(56,'2026-02-20','18:00:00','20:00:00'),
(56,'2026-02-21','18:00:00','20:00:00'),
(56,'2026-02-23','18:00:00','20:00:00'),
(56,'2026-02-24','18:00:00','20:00:00'),
(56,'2026-02-25','18:00:00','20:00:00'),
(56,'2026-02-26','18:00:00','20:00:00'),
(56,'2026-02-27','18:00:00','20:00:00'),
(56,'2026-02-28','18:00:00','20:00:00'),
(57,'2026-03-02','18:00:00','20:00:00'),
(57,'2026-03-03','18:00:00','20:00:00'),
(57,'2026-03-04','18:00:00','20:00:00'),
(57,'2026-03-05','18:00:00','20:00:00'),
(57,'2026-03-06','18:00:00','20:00:00'),
(57,'2026-03-07','18:00:00','20:00:00'),
(57,'2026-03-09','18:00:00','20:00:00'),
(57,'2026-03-10','18:00:00','20:00:00'),
(57,'2026-03-11','18:00:00','20:00:00'),
(57,'2026-03-12','18:00:00','20:00:00'),
(57,'2026-03-13','18:00:00','20:00:00'),
(57,'2026-03-14','18:00:00','20:00:00'),
(57,'2026-03-16','18:00:00','20:00:00'),
(57,'2026-03-17','18:00:00','20:00:00'),
(57,'2026-03-18','18:00:00','20:00:00'),
(57,'2026-03-19','18:00:00','20:00:00'),
(57,'2026-03-20','18:00:00','20:00:00'),
(57,'2026-03-21','18:00:00','20:00:00'),
(57,'2026-03-23','18:00:00','20:00:00'),
(57,'2026-03-24','18:00:00','20:00:00'),
(57,'2026-03-25','18:00:00','20:00:00'),
(57,'2026-03-26','18:00:00','20:00:00'),
(57,'2026-03-27','18:00:00','20:00:00'),
(57,'2026-03-28','18:00:00','20:00:00'),
(58,'2026-04-01','18:00:00','20:00:00'),
(58,'2026-04-02','18:00:00','20:00:00'),
(58,'2026-04-03','18:00:00','20:00:00'),
(58,'2026-04-04','18:00:00','20:00:00'),
(58,'2026-04-06','18:00:00','20:00:00'),
(58,'2026-04-07','18:00:00','20:00:00'),
(58,'2026-04-08','18:00:00','20:00:00'),
(58,'2026-04-09','18:00:00','20:00:00'),
(58,'2026-04-10','18:00:00','20:00:00'),
(58,'2026-04-11','18:00:00','20:00:00'),
(58,'2026-04-13','18:00:00','20:00:00'),
(58,'2026-04-14','18:00:00','20:00:00'),
(58,'2026-04-15','18:00:00','20:00:00'),
(58,'2026-04-16','18:00:00','20:00:00'),
(58,'2026-04-17','18:00:00','20:00:00'),
(58,'2026-04-18','18:00:00','20:00:00'),
(58,'2026-04-20','18:00:00','20:00:00'),
(58,'2026-04-21','18:00:00','20:00:00'),
(58,'2026-04-22','18:00:00','20:00:00'),
(58,'2026-04-23','18:00:00','20:00:00'),
(58,'2026-04-24','18:00:00','20:00:00'),
(58,'2026-04-25','18:00:00','20:00:00'),
(58,'2026-04-27','18:00:00','20:00:00'),
(58,'2026-04-28','18:00:00','20:00:00'),
(59,'2026-05-04','18:00:00','20:00:00'),
(59,'2026-05-05','18:00:00','20:00:00'),
(59,'2026-05-06','18:00:00','20:00:00'),
(59,'2026-05-07','18:00:00','20:00:00'),
(59,'2026-05-08','18:00:00','20:00:00'),
(59,'2026-05-09','18:00:00','20:00:00'),
(59,'2026-05-11','18:00:00','20:00:00'),
(59,'2026-05-12','18:00:00','20:00:00'),
(59,'2026-05-13','18:00:00','20:00:00'),
(59,'2026-05-14','18:00:00','20:00:00'),
(59,'2026-05-15','18:00:00','20:00:00'),
(59,'2026-05-16','18:00:00','20:00:00'),
(59,'2026-05-18','18:00:00','20:00:00'),
(59,'2026-05-19','18:00:00','20:00:00'),
(59,'2026-05-20','18:00:00','20:00:00'),
(59,'2026-05-21','18:00:00','20:00:00'),
(59,'2026-05-22','18:00:00','20:00:00'),
(59,'2026-05-23','18:00:00','20:00:00'),
(59,'2026-05-25','18:00:00','20:00:00'),
(59,'2026-05-26','18:00:00','20:00:00'),
(59,'2026-05-27','18:00:00','20:00:00'),
(59,'2026-05-28','18:00:00','20:00:00'),
(59,'2026-05-29','18:00:00','20:00:00'),
(59,'2026-05-30','18:00:00','20:00:00'),
(60,'2026-06-01','18:00:00','20:00:00'),
(60,'2026-06-02','18:00:00','20:00:00'),
(60,'2026-06-03','18:00:00','20:00:00'),
(60,'2026-06-04','18:00:00','20:00:00'),
(60,'2026-06-05','18:00:00','20:00:00'),
(60,'2026-06-06','18:00:00','20:00:00'),
(60,'2026-06-08','18:00:00','20:00:00'),
(60,'2026-06-09','18:00:00','20:00:00'),
(60,'2026-06-10','18:00:00','20:00:00'),
(60,'2026-06-11','18:00:00','20:00:00'),
(60,'2026-06-12','18:00:00','20:00:00'),
(60,'2026-06-13','18:00:00','20:00:00'),
(60,'2026-06-15','18:00:00','20:00:00'),
(60,'2026-06-16','18:00:00','20:00:00'),
(60,'2026-06-17','18:00:00','20:00:00'),
(60,'2026-06-18','18:00:00','20:00:00'),
(60,'2026-06-19','18:00:00','20:00:00'),
(60,'2026-06-20','18:00:00','20:00:00'),
(60,'2026-06-22','18:00:00','20:00:00'),
(60,'2026-06-23','18:00:00','20:00:00'),
(60,'2026-06-24','18:00:00','20:00:00'),
(60,'2026-06-25','18:00:00','20:00:00'),
(60,'2026-06-26','18:00:00','20:00:00'),
(60,'2026-06-27','18:00:00','20:00:00'),
(61,'2026-02-02','06:00:00','08:00:00'),
(61,'2026-02-03','06:00:00','08:00:00'),
(61,'2026-02-04','06:00:00','08:00:00'),
(61,'2026-02-05','06:00:00','08:00:00'),
(61,'2026-02-06','06:00:00','08:00:00'),
(61,'2026-02-07','06:00:00','08:00:00'),
(61,'2026-02-09','06:00:00','08:00:00'),
(61,'2026-02-10','06:00:00','08:00:00'),
(61,'2026-02-11','06:00:00','08:00:00'),
(61,'2026-02-12','06:00:00','08:00:00'),
(61,'2026-02-13','06:00:00','08:00:00'),
(61,'2026-02-14','06:00:00','08:00:00'),
(61,'2026-02-16','06:00:00','08:00:00'),
(61,'2026-02-17','06:00:00','08:00:00'),
(61,'2026-02-18','06:00:00','08:00:00'),
(61,'2026-02-19','06:00:00','08:00:00'),
(61,'2026-02-20','06:00:00','08:00:00'),
(61,'2026-02-21','06:00:00','08:00:00'),
(61,'2026-02-23','06:00:00','08:00:00'),
(61,'2026-02-24','06:00:00','08:00:00'),
(61,'2026-02-25','06:00:00','08:00:00'),
(61,'2026-02-26','06:00:00','08:00:00'),
(61,'2026-02-27','06:00:00','08:00:00'),
(61,'2026-02-28','06:00:00','08:00:00'),
(62,'2026-03-02','06:00:00','08:00:00'),
(62,'2026-03-03','06:00:00','08:00:00'),
(62,'2026-03-04','06:00:00','08:00:00'),
(62,'2026-03-05','06:00:00','08:00:00'),
(62,'2026-03-06','06:00:00','08:00:00'),
(62,'2026-03-07','06:00:00','08:00:00'),
(62,'2026-03-09','06:00:00','08:00:00'),
(62,'2026-03-10','06:00:00','08:00:00'),
(62,'2026-03-11','06:00:00','08:00:00'),
(62,'2026-03-12','06:00:00','08:00:00'),
(62,'2026-03-13','06:00:00','08:00:00'),
(62,'2026-03-14','06:00:00','08:00:00'),
(62,'2026-03-16','06:00:00','08:00:00'),
(62,'2026-03-17','06:00:00','08:00:00'),
(62,'2026-03-18','06:00:00','08:00:00'),
(62,'2026-03-19','06:00:00','08:00:00'),
(62,'2026-03-20','06:00:00','08:00:00'),
(62,'2026-03-21','06:00:00','08:00:00'),
(62,'2026-03-23','06:00:00','08:00:00'),
(62,'2026-03-24','06:00:00','08:00:00'),
(62,'2026-03-25','06:00:00','08:00:00'),
(62,'2026-03-26','06:00:00','08:00:00'),
(62,'2026-03-27','06:00:00','08:00:00'),
(62,'2026-03-28','06:00:00','08:00:00'),
(63,'2026-04-01','06:00:00','08:00:00'),
(63,'2026-04-02','06:00:00','08:00:00'),
(63,'2026-04-03','06:00:00','08:00:00'),
(63,'2026-04-04','06:00:00','08:00:00'),
(63,'2026-04-06','06:00:00','08:00:00'),
(63,'2026-04-07','06:00:00','08:00:00'),
(63,'2026-04-08','06:00:00','08:00:00'),
(63,'2026-04-09','06:00:00','08:00:00'),
(63,'2026-04-10','06:00:00','08:00:00'),
(63,'2026-04-11','06:00:00','08:00:00'),
(63,'2026-04-13','06:00:00','08:00:00'),
(63,'2026-04-14','06:00:00','08:00:00'),
(63,'2026-04-15','06:00:00','08:00:00'),
(63,'2026-04-16','06:00:00','08:00:00'),
(63,'2026-04-17','06:00:00','08:00:00'),
(63,'2026-04-18','06:00:00','08:00:00'),
(63,'2026-04-20','06:00:00','08:00:00'),
(63,'2026-04-21','06:00:00','08:00:00'),
(63,'2026-04-22','06:00:00','08:00:00'),
(63,'2026-04-23','06:00:00','08:00:00'),
(63,'2026-04-24','06:00:00','08:00:00'),
(63,'2026-04-25','06:00:00','08:00:00'),
(63,'2026-04-27','06:00:00','08:00:00'),
(63,'2026-04-28','06:00:00','08:00:00'),
(64,'2026-05-04','06:00:00','08:00:00'),
(64,'2026-05-05','06:00:00','08:00:00'),
(64,'2026-05-06','06:00:00','08:00:00'),
(64,'2026-05-07','06:00:00','08:00:00'),
(64,'2026-05-08','06:00:00','08:00:00'),
(64,'2026-05-09','06:00:00','08:00:00'),
(64,'2026-05-11','06:00:00','08:00:00'),
(64,'2026-05-12','06:00:00','08:00:00'),
(64,'2026-05-13','06:00:00','08:00:00'),
(64,'2026-05-14','06:00:00','08:00:00'),
(64,'2026-05-15','06:00:00','08:00:00'),
(64,'2026-05-16','06:00:00','08:00:00'),
(64,'2026-05-18','06:00:00','08:00:00'),
(64,'2026-05-19','06:00:00','08:00:00'),
(64,'2026-05-20','06:00:00','08:00:00'),
(64,'2026-05-21','06:00:00','08:00:00'),
(64,'2026-05-22','06:00:00','08:00:00'),
(64,'2026-05-23','06:00:00','08:00:00'),
(64,'2026-05-25','06:00:00','08:00:00'),
(64,'2026-05-26','06:00:00','08:00:00'),
(64,'2026-05-27','06:00:00','08:00:00'),
(64,'2026-05-28','06:00:00','08:00:00'),
(64,'2026-05-29','06:00:00','08:00:00'),
(64,'2026-05-30','06:00:00','08:00:00'),
(65,'2026-06-01','06:00:00','08:00:00'),
(65,'2026-06-02','06:00:00','08:00:00'),
(65,'2026-06-03','06:00:00','08:00:00'),
(65,'2026-06-04','06:00:00','08:00:00'),
(65,'2026-06-05','06:00:00','08:00:00'),
(65,'2026-06-06','06:00:00','08:00:00'),
(65,'2026-06-08','06:00:00','08:00:00'),
(65,'2026-06-09','06:00:00','08:00:00'),
(65,'2026-06-10','06:00:00','08:00:00'),
(65,'2026-06-11','06:00:00','08:00:00'),
(65,'2026-06-12','06:00:00','08:00:00'),
(65,'2026-06-13','06:00:00','08:00:00'),
(65,'2026-06-15','06:00:00','08:00:00'),
(65,'2026-06-16','06:00:00','08:00:00'),
(65,'2026-06-17','06:00:00','08:00:00'),
(65,'2026-06-18','06:00:00','08:00:00'),
(65,'2026-06-19','06:00:00','08:00:00'),
(65,'2026-06-20','06:00:00','08:00:00'),
(65,'2026-06-22','06:00:00','08:00:00'),
(65,'2026-06-23','06:00:00','08:00:00'),
(65,'2026-06-24','06:00:00','08:00:00'),
(65,'2026-06-25','06:00:00','08:00:00'),
(65,'2026-06-26','06:00:00','08:00:00'),
(65,'2026-06-27','06:00:00','08:00:00'),
(66,'2026-02-02','12:00:00','14:00:00'),
(66,'2026-02-03','12:00:00','14:00:00'),
(66,'2026-02-04','12:00:00','14:00:00'),
(66,'2026-02-05','12:00:00','14:00:00'),
(66,'2026-02-06','12:00:00','14:00:00'),
(66,'2026-02-07','12:00:00','14:00:00'),
(66,'2026-02-09','12:00:00','14:00:00'),
(66,'2026-02-10','12:00:00','14:00:00'),
(66,'2026-02-11','12:00:00','14:00:00'),
(66,'2026-02-12','12:00:00','14:00:00'),
(66,'2026-02-13','12:00:00','14:00:00'),
(66,'2026-02-14','12:00:00','14:00:00'),
(66,'2026-02-16','12:00:00','14:00:00'),
(66,'2026-02-17','12:00:00','14:00:00'),
(66,'2026-02-18','12:00:00','14:00:00'),
(66,'2026-02-19','12:00:00','14:00:00'),
(66,'2026-02-20','12:00:00','14:00:00'),
(66,'2026-02-21','12:00:00','14:00:00'),
(66,'2026-02-23','12:00:00','14:00:00'),
(66,'2026-02-24','12:00:00','14:00:00'),
(66,'2026-02-25','12:00:00','14:00:00'),
(66,'2026-02-26','12:00:00','14:00:00'),
(66,'2026-02-27','12:00:00','14:00:00'),
(66,'2026-02-28','12:00:00','14:00:00'),
(67,'2026-03-02','12:00:00','14:00:00'),
(67,'2026-03-03','12:00:00','14:00:00'),
(67,'2026-03-04','12:00:00','14:00:00'),
(67,'2026-03-05','12:00:00','14:00:00'),
(67,'2026-03-06','12:00:00','14:00:00'),
(67,'2026-03-07','12:00:00','14:00:00'),
(67,'2026-03-09','12:00:00','14:00:00'),
(67,'2026-03-10','12:00:00','14:00:00'),
(67,'2026-03-11','12:00:00','14:00:00'),
(67,'2026-03-12','12:00:00','14:00:00'),
(67,'2026-03-13','12:00:00','14:00:00'),
(67,'2026-03-14','12:00:00','14:00:00'),
(67,'2026-03-16','12:00:00','14:00:00'),
(67,'2026-03-17','12:00:00','14:00:00'),
(67,'2026-03-18','12:00:00','14:00:00'),
(67,'2026-03-19','12:00:00','14:00:00'),
(67,'2026-03-20','12:00:00','14:00:00'),
(67,'2026-03-21','12:00:00','14:00:00'),
(67,'2026-03-23','12:00:00','14:00:00'),
(67,'2026-03-24','12:00:00','14:00:00'),
(67,'2026-03-25','12:00:00','14:00:00'),
(67,'2026-03-26','12:00:00','14:00:00'),
(67,'2026-03-27','12:00:00','14:00:00'),
(67,'2026-03-28','12:00:00','14:00:00'),
(68,'2026-04-01','12:00:00','14:00:00'),
(68,'2026-04-02','12:00:00','14:00:00'),
(68,'2026-04-03','12:00:00','14:00:00'),
(68,'2026-04-04','12:00:00','14:00:00'),
(68,'2026-04-06','12:00:00','14:00:00'),
(68,'2026-04-07','12:00:00','14:00:00'),
(68,'2026-04-08','12:00:00','14:00:00'),
(68,'2026-04-09','12:00:00','14:00:00'),
(68,'2026-04-10','12:00:00','14:00:00'),
(68,'2026-04-11','12:00:00','14:00:00'),
(68,'2026-04-13','12:00:00','14:00:00'),
(68,'2026-04-14','12:00:00','14:00:00'),
(68,'2026-04-15','12:00:00','14:00:00'),
(68,'2026-04-16','12:00:00','14:00:00'),
(68,'2026-04-17','12:00:00','14:00:00'),
(68,'2026-04-18','12:00:00','14:00:00'),
(68,'2026-04-20','12:00:00','14:00:00'),
(68,'2026-04-21','12:00:00','14:00:00'),
(68,'2026-04-22','12:00:00','14:00:00'),
(68,'2026-04-23','12:00:00','14:00:00'),
(68,'2026-04-24','12:00:00','14:00:00'),
(68,'2026-04-25','12:00:00','14:00:00'),
(68,'2026-04-27','12:00:00','14:00:00'),
(68,'2026-04-28','12:00:00','14:00:00'),
(69,'2026-05-04','12:00:00','14:00:00'),
(69,'2026-05-05','12:00:00','14:00:00'),
(69,'2026-05-06','12:00:00','14:00:00'),
(69,'2026-05-07','12:00:00','14:00:00'),
(69,'2026-05-08','12:00:00','14:00:00'),
(69,'2026-05-09','12:00:00','14:00:00'),
(69,'2026-05-11','12:00:00','14:00:00'),
(69,'2026-05-12','12:00:00','14:00:00'),
(69,'2026-05-13','12:00:00','14:00:00'),
(69,'2026-05-14','12:00:00','14:00:00'),
(69,'2026-05-15','12:00:00','14:00:00'),
(69,'2026-05-16','12:00:00','14:00:00'),
(69,'2026-05-18','12:00:00','14:00:00'),
(69,'2026-05-19','12:00:00','14:00:00'),
(69,'2026-05-20','12:00:00','14:00:00'),
(69,'2026-05-21','12:00:00','14:00:00'),
(69,'2026-05-22','12:00:00','14:00:00'),
(69,'2026-05-23','12:00:00','14:00:00'),
(69,'2026-05-25','12:00:00','14:00:00'),
(69,'2026-05-26','12:00:00','14:00:00'),
(69,'2026-05-27','12:00:00','14:00:00'),
(69,'2026-05-28','12:00:00','14:00:00'),
(69,'2026-05-29','12:00:00','14:00:00'),
(69,'2026-05-30','12:00:00','14:00:00'),
(70,'2026-06-01','12:00:00','14:00:00'),
(70,'2026-06-02','12:00:00','14:00:00'),
(70,'2026-06-03','12:00:00','14:00:00'),
(70,'2026-06-04','12:00:00','14:00:00'),
(70,'2026-06-05','12:00:00','14:00:00'),
(70,'2026-06-06','12:00:00','14:00:00'),
(70,'2026-06-08','12:00:00','14:00:00'),
(70,'2026-06-09','12:00:00','14:00:00'),
(70,'2026-06-10','12:00:00','14:00:00'),
(70,'2026-06-11','12:00:00','14:00:00'),
(70,'2026-06-12','12:00:00','14:00:00'),
(70,'2026-06-13','12:00:00','14:00:00'),
(70,'2026-06-15','12:00:00','14:00:00'),
(70,'2026-06-16','12:00:00','14:00:00'),
(70,'2026-06-17','12:00:00','14:00:00'),
(70,'2026-06-18','12:00:00','14:00:00'),
(70,'2026-06-19','12:00:00','14:00:00'),
(70,'2026-06-20','12:00:00','14:00:00'),
(70,'2026-06-22','12:00:00','14:00:00'),
(70,'2026-06-23','12:00:00','14:00:00'),
(70,'2026-06-24','12:00:00','14:00:00'),
(70,'2026-06-25','12:00:00','14:00:00'),
(70,'2026-06-26','12:00:00','14:00:00'),
(70,'2026-06-27','12:00:00','14:00:00'),
(71,'2026-02-02','18:00:00','20:00:00'),
(71,'2026-02-03','18:00:00','20:00:00'),
(71,'2026-02-04','18:00:00','20:00:00'),
(71,'2026-02-05','18:00:00','20:00:00'),
(71,'2026-02-06','18:00:00','20:00:00'),
(71,'2026-02-07','18:00:00','20:00:00'),
(71,'2026-02-09','18:00:00','20:00:00'),
(71,'2026-02-10','18:00:00','20:00:00'),
(71,'2026-02-11','18:00:00','20:00:00'),
(71,'2026-02-12','18:00:00','20:00:00'),
(71,'2026-02-13','18:00:00','20:00:00'),
(71,'2026-02-14','18:00:00','20:00:00'),
(71,'2026-02-16','18:00:00','20:00:00'),
(71,'2026-02-17','18:00:00','20:00:00'),
(71,'2026-02-18','18:00:00','20:00:00'),
(71,'2026-02-19','18:00:00','20:00:00'),
(71,'2026-02-20','18:00:00','20:00:00'),
(71,'2026-02-21','18:00:00','20:00:00'),
(71,'2026-02-23','18:00:00','20:00:00'),
(71,'2026-02-24','18:00:00','20:00:00'),
(71,'2026-02-25','18:00:00','20:00:00'),
(71,'2026-02-26','18:00:00','20:00:00'),
(71,'2026-02-27','18:00:00','20:00:00'),
(71,'2026-02-28','18:00:00','20:00:00'),
(72,'2026-03-02','18:00:00','20:00:00'),
(72,'2026-03-03','18:00:00','20:00:00'),
(72,'2026-03-04','18:00:00','20:00:00'),
(72,'2026-03-05','18:00:00','20:00:00'),
(72,'2026-03-06','18:00:00','20:00:00'),
(72,'2026-03-07','18:00:00','20:00:00'),
(72,'2026-03-09','18:00:00','20:00:00'),
(72,'2026-03-10','18:00:00','20:00:00'),
(72,'2026-03-11','18:00:00','20:00:00'),
(72,'2026-03-12','18:00:00','20:00:00'),
(72,'2026-03-13','18:00:00','20:00:00'),
(72,'2026-03-14','18:00:00','20:00:00'),
(72,'2026-03-16','18:00:00','20:00:00'),
(72,'2026-03-17','18:00:00','20:00:00'),
(72,'2026-03-18','18:00:00','20:00:00'),
(72,'2026-03-19','18:00:00','20:00:00'),
(72,'2026-03-20','18:00:00','20:00:00'),
(72,'2026-03-21','18:00:00','20:00:00'),
(72,'2026-03-23','18:00:00','20:00:00'),
(72,'2026-03-24','18:00:00','20:00:00'),
(72,'2026-03-25','18:00:00','20:00:00'),
(72,'2026-03-26','18:00:00','20:00:00'),
(72,'2026-03-27','18:00:00','20:00:00'),
(72,'2026-03-28','18:00:00','20:00:00'),
(73,'2026-04-01','18:00:00','20:00:00'),
(73,'2026-04-02','18:00:00','20:00:00'),
(73,'2026-04-03','18:00:00','20:00:00'),
(73,'2026-04-04','18:00:00','20:00:00'),
(73,'2026-04-06','18:00:00','20:00:00'),
(73,'2026-04-07','18:00:00','20:00:00'),
(73,'2026-04-08','18:00:00','20:00:00'),
(73,'2026-04-09','18:00:00','20:00:00'),
(73,'2026-04-10','18:00:00','20:00:00'),
(73,'2026-04-11','18:00:00','20:00:00'),
(73,'2026-04-13','18:00:00','20:00:00'),
(73,'2026-04-14','18:00:00','20:00:00'),
(73,'2026-04-15','18:00:00','20:00:00'),
(73,'2026-04-16','18:00:00','20:00:00'),
(73,'2026-04-17','18:00:00','20:00:00'),
(73,'2026-04-18','18:00:00','20:00:00'),
(73,'2026-04-20','18:00:00','20:00:00'),
(73,'2026-04-21','18:00:00','20:00:00'),
(73,'2026-04-22','18:00:00','20:00:00'),
(73,'2026-04-23','18:00:00','20:00:00'),
(73,'2026-04-24','18:00:00','20:00:00'),
(73,'2026-04-25','18:00:00','20:00:00'),
(73,'2026-04-27','18:00:00','20:00:00'),
(73,'2026-04-28','18:00:00','20:00:00'),
(74,'2026-05-04','18:00:00','20:00:00'),
(74,'2026-05-05','18:00:00','20:00:00'),
(74,'2026-05-06','18:00:00','20:00:00'),
(74,'2026-05-07','18:00:00','20:00:00'),
(74,'2026-05-08','18:00:00','20:00:00'),
(74,'2026-05-09','18:00:00','20:00:00'),
(74,'2026-05-11','18:00:00','20:00:00'),
(74,'2026-05-12','18:00:00','20:00:00'),
(74,'2026-05-13','18:00:00','20:00:00'),
(74,'2026-05-14','18:00:00','20:00:00'),
(74,'2026-05-15','18:00:00','20:00:00'),
(74,'2026-05-16','18:00:00','20:00:00'),
(74,'2026-05-18','18:00:00','20:00:00'),
(74,'2026-05-19','18:00:00','20:00:00'),
(74,'2026-05-20','18:00:00','20:00:00'),
(74,'2026-05-21','18:00:00','20:00:00'),
(74,'2026-05-22','18:00:00','20:00:00'),
(74,'2026-05-23','18:00:00','20:00:00'),
(74,'2026-05-25','18:00:00','20:00:00'),
(74,'2026-05-26','18:00:00','20:00:00'),
(74,'2026-05-27','18:00:00','20:00:00'),
(74,'2026-05-28','18:00:00','20:00:00'),
(74,'2026-05-29','18:00:00','20:00:00'),
(74,'2026-05-30','18:00:00','20:00:00'),
(75,'2026-06-01','18:00:00','20:00:00'),
(75,'2026-06-02','18:00:00','20:00:00'),
(75,'2026-06-03','18:00:00','20:00:00'),
(75,'2026-06-04','18:00:00','20:00:00'),
(75,'2026-06-05','18:00:00','20:00:00'),
(75,'2026-06-06','18:00:00','20:00:00'),
(75,'2026-06-08','18:00:00','20:00:00'),
(75,'2026-06-09','18:00:00','20:00:00'),
(75,'2026-06-10','18:00:00','20:00:00'),
(75,'2026-06-11','18:00:00','20:00:00'),
(75,'2026-06-12','18:00:00','20:00:00'),
(75,'2026-06-13','18:00:00','20:00:00'),
(75,'2026-06-15','18:00:00','20:00:00'),
(75,'2026-06-16','18:00:00','20:00:00'),
(75,'2026-06-17','18:00:00','20:00:00'),
(75,'2026-06-18','18:00:00','20:00:00'),
(75,'2026-06-19','18:00:00','20:00:00'),
(75,'2026-06-20','18:00:00','20:00:00'),
(75,'2026-06-22','18:00:00','20:00:00'),
(75,'2026-06-23','18:00:00','20:00:00'),
(75,'2026-06-24','18:00:00','20:00:00'),
(75,'2026-06-25','18:00:00','20:00:00'),
(75,'2026-06-26','18:00:00','20:00:00'),
(75,'2026-06-27','18:00:00','20:00:00'),
(76,'2026-02-02','08:00:00','10:00:00'),
(76,'2026-02-03','08:00:00','10:00:00'),
(76,'2026-02-04','08:00:00','10:00:00'),
(76,'2026-02-05','08:00:00','10:00:00'),
(76,'2026-02-06','08:00:00','10:00:00'),
(76,'2026-02-07','08:00:00','10:00:00'),
(76,'2026-02-09','08:00:00','10:00:00'),
(76,'2026-02-10','08:00:00','10:00:00'),
(76,'2026-02-11','08:00:00','10:00:00'),
(76,'2026-02-12','08:00:00','10:00:00'),
(76,'2026-02-13','08:00:00','10:00:00'),
(76,'2026-02-14','08:00:00','10:00:00'),
(76,'2026-02-16','08:00:00','10:00:00'),
(76,'2026-02-17','08:00:00','10:00:00'),
(76,'2026-02-18','08:00:00','10:00:00'),
(76,'2026-02-19','08:00:00','10:00:00'),
(76,'2026-02-20','08:00:00','10:00:00'),
(76,'2026-02-21','08:00:00','10:00:00'),
(76,'2026-02-23','08:00:00','10:00:00'),
(76,'2026-02-24','08:00:00','10:00:00'),
(76,'2026-02-25','08:00:00','10:00:00'),
(76,'2026-02-26','08:00:00','10:00:00'),
(76,'2026-02-27','08:00:00','10:00:00'),
(76,'2026-02-28','08:00:00','10:00:00'),
(77,'2026-03-02','08:00:00','10:00:00'),
(77,'2026-03-03','08:00:00','10:00:00'),
(77,'2026-03-04','08:00:00','10:00:00'),
(77,'2026-03-05','08:00:00','10:00:00'),
(77,'2026-03-06','08:00:00','10:00:00'),
(77,'2026-03-07','08:00:00','10:00:00'),
(77,'2026-03-09','08:00:00','10:00:00'),
(77,'2026-03-10','08:00:00','10:00:00'),
(77,'2026-03-11','08:00:00','10:00:00'),
(77,'2026-03-12','08:00:00','10:00:00'),
(77,'2026-03-13','08:00:00','10:00:00'),
(77,'2026-03-14','08:00:00','10:00:00'),
(77,'2026-03-16','08:00:00','10:00:00'),
(77,'2026-03-17','08:00:00','10:00:00'),
(77,'2026-03-18','08:00:00','10:00:00'),
(77,'2026-03-19','08:00:00','10:00:00'),
(77,'2026-03-20','08:00:00','10:00:00'),
(77,'2026-03-21','08:00:00','10:00:00'),
(77,'2026-03-23','08:00:00','10:00:00'),
(77,'2026-03-24','08:00:00','10:00:00'),
(77,'2026-03-25','08:00:00','10:00:00'),
(77,'2026-03-26','08:00:00','10:00:00'),
(77,'2026-03-27','08:00:00','10:00:00'),
(77,'2026-03-28','08:00:00','10:00:00'),
(78,'2026-04-01','08:00:00','10:00:00'),
(78,'2026-04-02','08:00:00','10:00:00'),
(78,'2026-04-03','08:00:00','10:00:00'),
(78,'2026-04-04','08:00:00','10:00:00'),
(78,'2026-04-06','08:00:00','10:00:00'),
(78,'2026-04-07','08:00:00','10:00:00'),
(78,'2026-04-08','08:00:00','10:00:00'),
(78,'2026-04-09','08:00:00','10:00:00'),
(78,'2026-04-10','08:00:00','10:00:00'),
(78,'2026-04-11','08:00:00','10:00:00'),
(78,'2026-04-13','08:00:00','10:00:00'),
(78,'2026-04-14','08:00:00','10:00:00'),
(78,'2026-04-15','08:00:00','10:00:00'),
(78,'2026-04-16','08:00:00','10:00:00'),
(78,'2026-04-17','08:00:00','10:00:00'),
(78,'2026-04-18','08:00:00','10:00:00'),
(78,'2026-04-20','08:00:00','10:00:00'),
(78,'2026-04-21','08:00:00','10:00:00'),
(78,'2026-04-22','08:00:00','10:00:00'),
(78,'2026-04-23','08:00:00','10:00:00'),
(78,'2026-04-24','08:00:00','10:00:00'),
(78,'2026-04-25','08:00:00','10:00:00'),
(78,'2026-04-27','08:00:00','10:00:00'),
(78,'2026-04-28','08:00:00','10:00:00'),
(79,'2026-05-04','08:00:00','10:00:00'),
(79,'2026-05-05','08:00:00','10:00:00'),
(79,'2026-05-06','08:00:00','10:00:00'),
(79,'2026-05-07','08:00:00','10:00:00'),
(79,'2026-05-08','08:00:00','10:00:00'),
(79,'2026-05-09','08:00:00','10:00:00'),
(79,'2026-05-11','08:00:00','10:00:00'),
(79,'2026-05-12','08:00:00','10:00:00'),
(79,'2026-05-13','08:00:00','10:00:00'),
(79,'2026-05-14','08:00:00','10:00:00'),
(79,'2026-05-15','08:00:00','10:00:00'),
(79,'2026-05-16','08:00:00','10:00:00'),
(79,'2026-05-18','08:00:00','10:00:00'),
(79,'2026-05-19','08:00:00','10:00:00'),
(79,'2026-05-20','08:00:00','10:00:00'),
(79,'2026-05-21','08:00:00','10:00:00'),
(79,'2026-05-22','08:00:00','10:00:00'),
(79,'2026-05-23','08:00:00','10:00:00'),
(79,'2026-05-25','08:00:00','10:00:00'),
(79,'2026-05-26','08:00:00','10:00:00'),
(79,'2026-05-27','08:00:00','10:00:00'),
(79,'2026-05-28','08:00:00','10:00:00'),
(79,'2026-05-29','08:00:00','10:00:00'),
(79,'2026-05-30','08:00:00','10:00:00'),
(80,'2026-06-01','08:00:00','10:00:00'),
(80,'2026-06-02','08:00:00','10:00:00'),
(80,'2026-06-03','08:00:00','10:00:00'),
(80,'2026-06-04','08:00:00','10:00:00'),
(80,'2026-06-05','08:00:00','10:00:00'),
(80,'2026-06-06','08:00:00','10:00:00'),
(80,'2026-06-08','08:00:00','10:00:00'),
(80,'2026-06-09','08:00:00','10:00:00'),
(80,'2026-06-10','08:00:00','10:00:00'),
(80,'2026-06-11','08:00:00','10:00:00'),
(80,'2026-06-12','08:00:00','10:00:00'),
(80,'2026-06-13','08:00:00','10:00:00'),
(80,'2026-06-15','08:00:00','10:00:00'),
(80,'2026-06-16','08:00:00','10:00:00'),
(80,'2026-06-17','08:00:00','10:00:00'),
(80,'2026-06-18','08:00:00','10:00:00'),
(80,'2026-06-19','08:00:00','10:00:00'),
(80,'2026-06-20','08:00:00','10:00:00'),
(80,'2026-06-22','08:00:00','10:00:00'),
(80,'2026-06-23','08:00:00','10:00:00'),
(80,'2026-06-24','08:00:00','10:00:00'),
(80,'2026-06-25','08:00:00','10:00:00'),
(80,'2026-06-26','08:00:00','10:00:00'),
(80,'2026-06-27','08:00:00','10:00:00'),
(81,'2026-02-02','06:00:00','08:00:00'),
(81,'2026-02-03','06:00:00','08:00:00'),
(81,'2026-02-04','06:00:00','08:00:00'),
(81,'2026-02-05','06:00:00','08:00:00'),
(81,'2026-02-06','06:00:00','08:00:00'),
(81,'2026-02-07','06:00:00','08:00:00'),
(81,'2026-02-09','06:00:00','08:00:00'),
(81,'2026-02-10','06:00:00','08:00:00'),
(81,'2026-02-11','06:00:00','08:00:00'),
(81,'2026-02-12','06:00:00','08:00:00'),
(81,'2026-02-13','06:00:00','08:00:00'),
(81,'2026-02-14','06:00:00','08:00:00'),
(81,'2026-02-16','06:00:00','08:00:00'),
(81,'2026-02-17','06:00:00','08:00:00'),
(81,'2026-02-18','06:00:00','08:00:00'),
(81,'2026-02-19','06:00:00','08:00:00'),
(81,'2026-02-20','06:00:00','08:00:00'),
(81,'2026-02-21','06:00:00','08:00:00'),
(81,'2026-02-23','06:00:00','08:00:00'),
(81,'2026-02-24','06:00:00','08:00:00'),
(81,'2026-02-25','06:00:00','08:00:00'),
(81,'2026-02-26','06:00:00','08:00:00'),
(81,'2026-02-27','06:00:00','08:00:00'),
(81,'2026-02-28','06:00:00','08:00:00'),
(82,'2026-03-02','06:00:00','08:00:00'),
(82,'2026-03-03','06:00:00','08:00:00'),
(82,'2026-03-04','06:00:00','08:00:00'),
(82,'2026-03-05','06:00:00','08:00:00'),
(82,'2026-03-06','06:00:00','08:00:00'),
(82,'2026-03-07','06:00:00','08:00:00'),
(82,'2026-03-09','06:00:00','08:00:00'),
(82,'2026-03-10','06:00:00','08:00:00'),
(82,'2026-03-11','06:00:00','08:00:00'),
(82,'2026-03-12','06:00:00','08:00:00'),
(82,'2026-03-13','06:00:00','08:00:00'),
(82,'2026-03-14','06:00:00','08:00:00'),
(82,'2026-03-16','06:00:00','08:00:00'),
(82,'2026-03-17','06:00:00','08:00:00'),
(82,'2026-03-18','06:00:00','08:00:00'),
(82,'2026-03-19','06:00:00','08:00:00'),
(82,'2026-03-20','06:00:00','08:00:00'),
(82,'2026-03-21','06:00:00','08:00:00'),
(82,'2026-03-23','06:00:00','08:00:00'),
(82,'2026-03-24','06:00:00','08:00:00'),
(82,'2026-03-25','06:00:00','08:00:00'),
(82,'2026-03-26','06:00:00','08:00:00'),
(82,'2026-03-27','06:00:00','08:00:00'),
(82,'2026-03-28','06:00:00','08:00:00'),
(83,'2026-04-01','06:00:00','08:00:00'),
(83,'2026-04-02','06:00:00','08:00:00'),
(83,'2026-04-03','06:00:00','08:00:00'),
(83,'2026-04-04','06:00:00','08:00:00'),
(83,'2026-04-06','06:00:00','08:00:00'),
(83,'2026-04-07','06:00:00','08:00:00'),
(83,'2026-04-08','06:00:00','08:00:00'),
(83,'2026-04-09','06:00:00','08:00:00'),
(83,'2026-04-10','06:00:00','08:00:00'),
(83,'2026-04-11','06:00:00','08:00:00'),
(83,'2026-04-13','06:00:00','08:00:00'),
(83,'2026-04-14','06:00:00','08:00:00'),
(83,'2026-04-15','06:00:00','08:00:00'),
(83,'2026-04-16','06:00:00','08:00:00'),
(83,'2026-04-17','06:00:00','08:00:00'),
(83,'2026-04-18','06:00:00','08:00:00'),
(83,'2026-04-20','06:00:00','08:00:00'),
(83,'2026-04-21','06:00:00','08:00:00'),
(83,'2026-04-22','06:00:00','08:00:00'),
(83,'2026-04-23','06:00:00','08:00:00'),
(83,'2026-04-24','06:00:00','08:00:00'),
(83,'2026-04-25','06:00:00','08:00:00'),
(83,'2026-04-27','06:00:00','08:00:00'),
(83,'2026-04-28','06:00:00','08:00:00'),
(84,'2026-05-04','06:00:00','08:00:00'),
(84,'2026-05-05','06:00:00','08:00:00'),
(84,'2026-05-06','06:00:00','08:00:00'),
(84,'2026-05-07','06:00:00','08:00:00'),
(84,'2026-05-08','06:00:00','08:00:00'),
(84,'2026-05-09','06:00:00','08:00:00'),
(84,'2026-05-11','06:00:00','08:00:00'),
(84,'2026-05-12','06:00:00','08:00:00'),
(84,'2026-05-13','06:00:00','08:00:00'),
(84,'2026-05-14','06:00:00','08:00:00'),
(84,'2026-05-15','06:00:00','08:00:00'),
(84,'2026-05-16','06:00:00','08:00:00'),
(84,'2026-05-18','06:00:00','08:00:00'),
(84,'2026-05-19','06:00:00','08:00:00'),
(84,'2026-05-20','06:00:00','08:00:00'),
(84,'2026-05-21','06:00:00','08:00:00'),
(84,'2026-05-22','06:00:00','08:00:00'),
(84,'2026-05-23','06:00:00','08:00:00'),
(84,'2026-05-25','06:00:00','08:00:00'),
(84,'2026-05-26','06:00:00','08:00:00'),
(84,'2026-05-27','06:00:00','08:00:00'),
(84,'2026-05-28','06:00:00','08:00:00'),
(84,'2026-05-29','06:00:00','08:00:00'),
(84,'2026-05-30','06:00:00','08:00:00'),
(85,'2026-06-01','06:00:00','08:00:00'),
(85,'2026-06-02','06:00:00','08:00:00'),
(85,'2026-06-03','06:00:00','08:00:00'),
(85,'2026-06-04','06:00:00','08:00:00'),
(85,'2026-06-05','06:00:00','08:00:00'),
(85,'2026-06-06','06:00:00','08:00:00'),
(85,'2026-06-08','06:00:00','08:00:00'),
(85,'2026-06-09','06:00:00','08:00:00'),
(85,'2026-06-10','06:00:00','08:00:00'),
(85,'2026-06-11','06:00:00','08:00:00'),
(85,'2026-06-12','06:00:00','08:00:00'),
(85,'2026-06-13','06:00:00','08:00:00'),
(85,'2026-06-15','06:00:00','08:00:00'),
(85,'2026-06-16','06:00:00','08:00:00'),
(85,'2026-06-17','06:00:00','08:00:00'),
(85,'2026-06-18','06:00:00','08:00:00'),
(85,'2026-06-19','06:00:00','08:00:00'),
(85,'2026-06-20','06:00:00','08:00:00'),
(85,'2026-06-22','06:00:00','08:00:00'),
(85,'2026-06-23','06:00:00','08:00:00'),
(85,'2026-06-24','06:00:00','08:00:00'),
(85,'2026-06-25','06:00:00','08:00:00'),
(85,'2026-06-26','06:00:00','08:00:00'),
(85,'2026-06-27','06:00:00','08:00:00'),
(86,'2026-02-02','12:00:00','14:00:00'),
(86,'2026-02-03','12:00:00','14:00:00'),
(86,'2026-02-04','12:00:00','14:00:00'),
(86,'2026-02-05','12:00:00','14:00:00'),
(86,'2026-02-06','12:00:00','14:00:00'),
(86,'2026-02-07','12:00:00','14:00:00'),
(86,'2026-02-09','12:00:00','14:00:00'),
(86,'2026-02-10','12:00:00','14:00:00'),
(86,'2026-02-11','12:00:00','14:00:00'),
(86,'2026-02-12','12:00:00','14:00:00'),
(86,'2026-02-13','12:00:00','14:00:00'),
(86,'2026-02-14','12:00:00','14:00:00'),
(86,'2026-02-16','12:00:00','14:00:00'),
(86,'2026-02-17','12:00:00','14:00:00'),
(86,'2026-02-18','12:00:00','14:00:00'),
(86,'2026-02-19','12:00:00','14:00:00'),
(86,'2026-02-20','12:00:00','14:00:00'),
(86,'2026-02-21','12:00:00','14:00:00'),
(86,'2026-02-23','12:00:00','14:00:00'),
(86,'2026-02-24','12:00:00','14:00:00'),
(86,'2026-02-25','12:00:00','14:00:00'),
(86,'2026-02-26','12:00:00','14:00:00'),
(86,'2026-02-27','12:00:00','14:00:00'),
(86,'2026-02-28','12:00:00','14:00:00'),
(87,'2026-03-02','12:00:00','14:00:00'),
(87,'2026-03-03','12:00:00','14:00:00'),
(87,'2026-03-04','12:00:00','14:00:00'),
(87,'2026-03-05','12:00:00','14:00:00'),
(87,'2026-03-06','12:00:00','14:00:00'),
(87,'2026-03-07','12:00:00','14:00:00'),
(87,'2026-03-09','12:00:00','14:00:00'),
(87,'2026-03-10','12:00:00','14:00:00'),
(87,'2026-03-11','12:00:00','14:00:00'),
(87,'2026-03-12','12:00:00','14:00:00'),
(87,'2026-03-13','12:00:00','14:00:00'),
(87,'2026-03-14','12:00:00','14:00:00'),
(87,'2026-03-16','12:00:00','14:00:00'),
(87,'2026-03-17','12:00:00','14:00:00'),
(87,'2026-03-18','12:00:00','14:00:00'),
(87,'2026-03-19','12:00:00','14:00:00'),
(87,'2026-03-20','12:00:00','14:00:00'),
(87,'2026-03-21','12:00:00','14:00:00'),
(87,'2026-03-23','12:00:00','14:00:00'),
(87,'2026-03-24','12:00:00','14:00:00'),
(87,'2026-03-25','12:00:00','14:00:00'),
(87,'2026-03-26','12:00:00','14:00:00'),
(87,'2026-03-27','12:00:00','14:00:00'),
(87,'2026-03-28','12:00:00','14:00:00'),
(88,'2026-04-01','12:00:00','14:00:00'),
(88,'2026-04-02','12:00:00','14:00:00'),
(88,'2026-04-03','12:00:00','14:00:00'),
(88,'2026-04-04','12:00:00','14:00:00'),
(88,'2026-04-06','12:00:00','14:00:00'),
(88,'2026-04-07','12:00:00','14:00:00'),
(88,'2026-04-08','12:00:00','14:00:00'),
(88,'2026-04-09','12:00:00','14:00:00'),
(88,'2026-04-10','12:00:00','14:00:00'),
(88,'2026-04-11','12:00:00','14:00:00'),
(88,'2026-04-13','12:00:00','14:00:00'),
(88,'2026-04-14','12:00:00','14:00:00'),
(88,'2026-04-15','12:00:00','14:00:00'),
(88,'2026-04-16','12:00:00','14:00:00'),
(88,'2026-04-17','12:00:00','14:00:00'),
(88,'2026-04-18','12:00:00','14:00:00'),
(88,'2026-04-20','12:00:00','14:00:00'),
(88,'2026-04-21','12:00:00','14:00:00'),
(88,'2026-04-22','12:00:00','14:00:00'),
(88,'2026-04-23','12:00:00','14:00:00'),
(88,'2026-04-24','12:00:00','14:00:00'),
(88,'2026-04-25','12:00:00','14:00:00'),
(88,'2026-04-27','12:00:00','14:00:00'),
(88,'2026-04-28','12:00:00','14:00:00'),
(89,'2026-05-04','12:00:00','14:00:00'),
(89,'2026-05-05','12:00:00','14:00:00'),
(89,'2026-05-06','12:00:00','14:00:00'),
(89,'2026-05-07','12:00:00','14:00:00'),
(89,'2026-05-08','12:00:00','14:00:00'),
(89,'2026-05-09','12:00:00','14:00:00'),
(89,'2026-05-11','12:00:00','14:00:00'),
(89,'2026-05-12','12:00:00','14:00:00'),
(89,'2026-05-13','12:00:00','14:00:00'),
(89,'2026-05-14','12:00:00','14:00:00'),
(89,'2026-05-15','12:00:00','14:00:00'),
(89,'2026-05-16','12:00:00','14:00:00'),
(89,'2026-05-18','12:00:00','14:00:00'),
(89,'2026-05-19','12:00:00','14:00:00'),
(89,'2026-05-20','12:00:00','14:00:00'),
(89,'2026-05-21','12:00:00','14:00:00'),
(89,'2026-05-22','12:00:00','14:00:00'),
(89,'2026-05-23','12:00:00','14:00:00'),
(89,'2026-05-25','12:00:00','14:00:00'),
(89,'2026-05-26','12:00:00','14:00:00'),
(89,'2026-05-27','12:00:00','14:00:00'),
(89,'2026-05-28','12:00:00','14:00:00'),
(89,'2026-05-29','12:00:00','14:00:00'),
(89,'2026-05-30','12:00:00','14:00:00'),
(90,'2026-06-01','12:00:00','14:00:00'),
(90,'2026-06-02','12:00:00','14:00:00'),
(90,'2026-06-03','12:00:00','14:00:00'),
(90,'2026-06-04','12:00:00','14:00:00'),
(90,'2026-06-05','12:00:00','14:00:00'),
(90,'2026-06-06','12:00:00','14:00:00'),
(90,'2026-06-08','12:00:00','14:00:00'),
(90,'2026-06-09','12:00:00','14:00:00'),
(90,'2026-06-10','12:00:00','14:00:00'),
(90,'2026-06-11','12:00:00','14:00:00'),
(90,'2026-06-12','12:00:00','14:00:00'),
(90,'2026-06-13','12:00:00','14:00:00'),
(90,'2026-06-15','12:00:00','14:00:00'),
(90,'2026-06-16','12:00:00','14:00:00'),
(90,'2026-06-17','12:00:00','14:00:00'),
(90,'2026-06-18','12:00:00','14:00:00'),
(90,'2026-06-19','12:00:00','14:00:00'),
(90,'2026-06-20','12:00:00','14:00:00'),
(90,'2026-06-22','12:00:00','14:00:00'),
(90,'2026-06-23','12:00:00','14:00:00'),
(90,'2026-06-24','12:00:00','14:00:00'),
(90,'2026-06-25','12:00:00','14:00:00'),
(90,'2026-06-26','12:00:00','14:00:00'),
(90,'2026-06-27','12:00:00','14:00:00'),
(91,'2026-02-02','08:00:00','10:00:00'),
(91,'2026-02-03','08:00:00','10:00:00'),
(91,'2026-02-04','08:00:00','10:00:00'),
(91,'2026-02-05','08:00:00','10:00:00'),
(91,'2026-02-06','08:00:00','10:00:00'),
(91,'2026-02-07','08:00:00','10:00:00'),
(91,'2026-02-09','08:00:00','10:00:00'),
(91,'2026-02-10','08:00:00','10:00:00'),
(91,'2026-02-11','08:00:00','10:00:00'),
(91,'2026-02-12','08:00:00','10:00:00'),
(91,'2026-02-13','08:00:00','10:00:00'),
(91,'2026-02-14','08:00:00','10:00:00'),
(91,'2026-02-16','08:00:00','10:00:00'),
(91,'2026-02-17','08:00:00','10:00:00'),
(91,'2026-02-18','08:00:00','10:00:00'),
(91,'2026-02-19','08:00:00','10:00:00'),
(91,'2026-02-20','08:00:00','10:00:00'),
(91,'2026-02-21','08:00:00','10:00:00'),
(91,'2026-02-23','08:00:00','10:00:00'),
(91,'2026-02-24','08:00:00','10:00:00'),
(91,'2026-02-25','08:00:00','10:00:00'),
(91,'2026-02-26','08:00:00','10:00:00'),
(91,'2026-02-27','08:00:00','10:00:00'),
(91,'2026-02-28','08:00:00','10:00:00'),
(92,'2026-03-02','08:00:00','10:00:00'),
(92,'2026-03-03','08:00:00','10:00:00'),
(92,'2026-03-04','08:00:00','10:00:00'),
(92,'2026-03-05','08:00:00','10:00:00'),
(92,'2026-03-06','08:00:00','10:00:00'),
(92,'2026-03-07','08:00:00','10:00:00'),
(92,'2026-03-09','08:00:00','10:00:00'),
(92,'2026-03-10','08:00:00','10:00:00'),
(92,'2026-03-11','08:00:00','10:00:00'),
(92,'2026-03-12','08:00:00','10:00:00'),
(92,'2026-03-13','08:00:00','10:00:00'),
(92,'2026-03-14','08:00:00','10:00:00'),
(92,'2026-03-16','08:00:00','10:00:00'),
(92,'2026-03-17','08:00:00','10:00:00'),
(92,'2026-03-18','08:00:00','10:00:00'),
(92,'2026-03-19','08:00:00','10:00:00'),
(92,'2026-03-20','08:00:00','10:00:00'),
(92,'2026-03-21','08:00:00','10:00:00'),
(92,'2026-03-23','08:00:00','10:00:00'),
(92,'2026-03-24','08:00:00','10:00:00'),
(92,'2026-03-25','08:00:00','10:00:00'),
(92,'2026-03-26','08:00:00','10:00:00'),
(92,'2026-03-27','08:00:00','10:00:00'),
(92,'2026-03-28','08:00:00','10:00:00'),
(93,'2026-04-01','08:00:00','10:00:00'),
(93,'2026-04-02','08:00:00','10:00:00'),
(93,'2026-04-03','08:00:00','10:00:00'),
(93,'2026-04-04','08:00:00','10:00:00'),
(93,'2026-04-06','08:00:00','10:00:00'),
(93,'2026-04-07','08:00:00','10:00:00'),
(93,'2026-04-08','08:00:00','10:00:00'),
(93,'2026-04-09','08:00:00','10:00:00'),
(93,'2026-04-10','08:00:00','10:00:00'),
(93,'2026-04-11','08:00:00','10:00:00'),
(93,'2026-04-13','08:00:00','10:00:00'),
(93,'2026-04-14','08:00:00','10:00:00'),
(93,'2026-04-15','08:00:00','10:00:00'),
(93,'2026-04-16','08:00:00','10:00:00'),
(93,'2026-04-17','08:00:00','10:00:00'),
(93,'2026-04-18','08:00:00','10:00:00'),
(93,'2026-04-20','08:00:00','10:00:00'),
(93,'2026-04-21','08:00:00','10:00:00'),
(93,'2026-04-22','08:00:00','10:00:00'),
(93,'2026-04-23','08:00:00','10:00:00'),
(93,'2026-04-24','08:00:00','10:00:00'),
(93,'2026-04-25','08:00:00','10:00:00'),
(93,'2026-04-27','08:00:00','10:00:00'),
(93,'2026-04-28','08:00:00','10:00:00'),
(94,'2026-05-04','08:00:00','10:00:00'),
(94,'2026-05-05','08:00:00','10:00:00'),
(94,'2026-05-06','08:00:00','10:00:00'),
(94,'2026-05-07','08:00:00','10:00:00'),
(94,'2026-05-08','08:00:00','10:00:00'),
(94,'2026-05-09','08:00:00','10:00:00'),
(94,'2026-05-11','08:00:00','10:00:00'),
(94,'2026-05-12','08:00:00','10:00:00'),
(94,'2026-05-13','08:00:00','10:00:00'),
(94,'2026-05-14','08:00:00','10:00:00'),
(94,'2026-05-15','08:00:00','10:00:00'),
(94,'2026-05-16','08:00:00','10:00:00'),
(94,'2026-05-18','08:00:00','10:00:00'),
(94,'2026-05-19','08:00:00','10:00:00'),
(94,'2026-05-20','08:00:00','10:00:00'),
(94,'2026-05-21','08:00:00','10:00:00'),
(94,'2026-05-22','08:00:00','10:00:00'),
(94,'2026-05-23','08:00:00','10:00:00'),
(94,'2026-05-25','08:00:00','10:00:00'),
(94,'2026-05-26','08:00:00','10:00:00'),
(94,'2026-05-27','08:00:00','10:00:00'),
(94,'2026-05-28','08:00:00','10:00:00'),
(94,'2026-05-29','08:00:00','10:00:00'),
(94,'2026-05-30','08:00:00','10:00:00'),
(95,'2026-06-01','08:00:00','10:00:00'),
(95,'2026-06-02','08:00:00','10:00:00'),
(95,'2026-06-03','08:00:00','10:00:00'),
(95,'2026-06-04','08:00:00','10:00:00'),
(95,'2026-06-05','08:00:00','10:00:00'),
(95,'2026-06-06','08:00:00','10:00:00'),
(95,'2026-06-08','08:00:00','10:00:00'),
(95,'2026-06-09','08:00:00','10:00:00'),
(95,'2026-06-10','08:00:00','10:00:00'),
(95,'2026-06-11','08:00:00','10:00:00'),
(95,'2026-06-12','08:00:00','10:00:00'),
(95,'2026-06-13','08:00:00','10:00:00'),
(95,'2026-06-15','08:00:00','10:00:00'),
(95,'2026-06-16','08:00:00','10:00:00'),
(95,'2026-06-17','08:00:00','10:00:00'),
(95,'2026-06-18','08:00:00','10:00:00'),
(95,'2026-06-19','08:00:00','10:00:00'),
(95,'2026-06-20','08:00:00','10:00:00'),
(95,'2026-06-22','08:00:00','10:00:00'),
(95,'2026-06-23','08:00:00','10:00:00'),
(95,'2026-06-24','08:00:00','10:00:00'),
(95,'2026-06-25','08:00:00','10:00:00'),
(95,'2026-06-26','08:00:00','10:00:00'),
(95,'2026-06-27','08:00:00','10:00:00'),
(96,'2026-02-02','10:00:00','12:00:00'),
(96,'2026-02-03','10:00:00','12:00:00'),
(96,'2026-02-04','10:00:00','12:00:00'),
(96,'2026-02-05','10:00:00','12:00:00'),
(96,'2026-02-06','10:00:00','12:00:00'),
(96,'2026-02-07','10:00:00','12:00:00'),
(96,'2026-02-09','10:00:00','12:00:00'),
(96,'2026-02-10','10:00:00','12:00:00'),
(96,'2026-02-11','10:00:00','12:00:00'),
(96,'2026-02-12','10:00:00','12:00:00'),
(96,'2026-02-13','10:00:00','12:00:00'),
(96,'2026-02-14','10:00:00','12:00:00'),
(96,'2026-02-16','10:00:00','12:00:00'),
(96,'2026-02-17','10:00:00','12:00:00'),
(96,'2026-02-18','10:00:00','12:00:00'),
(96,'2026-02-19','10:00:00','12:00:00'),
(96,'2026-02-20','10:00:00','12:00:00'),
(96,'2026-02-21','10:00:00','12:00:00'),
(96,'2026-02-23','10:00:00','12:00:00'),
(96,'2026-02-24','10:00:00','12:00:00'),
(96,'2026-02-25','10:00:00','12:00:00'),
(96,'2026-02-26','10:00:00','12:00:00'),
(96,'2026-02-27','10:00:00','12:00:00'),
(96,'2026-02-28','10:00:00','12:00:00'),
(97,'2026-03-02','10:00:00','12:00:00'),
(97,'2026-03-03','10:00:00','12:00:00'),
(97,'2026-03-04','10:00:00','12:00:00'),
(97,'2026-03-05','10:00:00','12:00:00'),
(97,'2026-03-06','10:00:00','12:00:00'),
(97,'2026-03-07','10:00:00','12:00:00'),
(97,'2026-03-09','10:00:00','12:00:00'),
(97,'2026-03-10','10:00:00','12:00:00'),
(97,'2026-03-11','10:00:00','12:00:00'),
(97,'2026-03-12','10:00:00','12:00:00'),
(97,'2026-03-13','10:00:00','12:00:00'),
(97,'2026-03-14','10:00:00','12:00:00'),
(97,'2026-03-16','10:00:00','12:00:00'),
(97,'2026-03-17','10:00:00','12:00:00'),
(97,'2026-03-18','10:00:00','12:00:00'),
(97,'2026-03-19','10:00:00','12:00:00'),
(97,'2026-03-20','10:00:00','12:00:00'),
(97,'2026-03-21','10:00:00','12:00:00'),
(97,'2026-03-23','10:00:00','12:00:00'),
(97,'2026-03-24','10:00:00','12:00:00'),
(97,'2026-03-25','10:00:00','12:00:00'),
(97,'2026-03-26','10:00:00','12:00:00'),
(97,'2026-03-27','10:00:00','12:00:00'),
(97,'2026-03-28','10:00:00','12:00:00'),
(98,'2026-04-01','10:00:00','12:00:00'),
(98,'2026-04-02','10:00:00','12:00:00'),
(98,'2026-04-03','10:00:00','12:00:00'),
(98,'2026-04-04','10:00:00','12:00:00'),
(98,'2026-04-06','10:00:00','12:00:00'),
(98,'2026-04-07','10:00:00','12:00:00'),
(98,'2026-04-08','10:00:00','12:00:00'),
(98,'2026-04-09','10:00:00','12:00:00'),
(98,'2026-04-10','10:00:00','12:00:00'),
(98,'2026-04-11','10:00:00','12:00:00'),
(98,'2026-04-13','10:00:00','12:00:00'),
(98,'2026-04-14','10:00:00','12:00:00'),
(98,'2026-04-15','10:00:00','12:00:00'),
(98,'2026-04-16','10:00:00','12:00:00'),
(98,'2026-04-17','10:00:00','12:00:00'),
(98,'2026-04-18','10:00:00','12:00:00'),
(98,'2026-04-20','10:00:00','12:00:00'),
(98,'2026-04-21','10:00:00','12:00:00'),
(98,'2026-04-22','10:00:00','12:00:00'),
(98,'2026-04-23','10:00:00','12:00:00'),
(98,'2026-04-24','10:00:00','12:00:00'),
(98,'2026-04-25','10:00:00','12:00:00'),
(98,'2026-04-27','10:00:00','12:00:00'),
(98,'2026-04-28','10:00:00','12:00:00'),
(99,'2026-05-04','10:00:00','12:00:00'),
(99,'2026-05-05','10:00:00','12:00:00'),
(99,'2026-05-06','10:00:00','12:00:00'),
(99,'2026-05-07','10:00:00','12:00:00'),
(99,'2026-05-08','10:00:00','12:00:00'),
(99,'2026-05-09','10:00:00','12:00:00'),
(99,'2026-05-11','10:00:00','12:00:00'),
(99,'2026-05-12','10:00:00','12:00:00'),
(99,'2026-05-13','10:00:00','12:00:00'),
(99,'2026-05-14','10:00:00','12:00:00'),
(99,'2026-05-15','10:00:00','12:00:00'),
(99,'2026-05-16','10:00:00','12:00:00'),
(99,'2026-05-18','10:00:00','12:00:00'),
(99,'2026-05-19','10:00:00','12:00:00'),
(99,'2026-05-20','10:00:00','12:00:00'),
(99,'2026-05-21','10:00:00','12:00:00'),
(99,'2026-05-22','10:00:00','12:00:00'),
(99,'2026-05-23','10:00:00','12:00:00'),
(99,'2026-05-25','10:00:00','12:00:00'),
(99,'2026-05-26','10:00:00','12:00:00'),
(99,'2026-05-27','10:00:00','12:00:00'),
(99,'2026-05-28','10:00:00','12:00:00'),
(99,'2026-05-29','10:00:00','12:00:00'),
(99,'2026-05-30','10:00:00','12:00:00'),
(100,'2026-06-01','10:00:00','12:00:00'),
(100,'2026-06-02','10:00:00','12:00:00'),
(100,'2026-06-03','10:00:00','12:00:00'),
(100,'2026-06-04','10:00:00','12:00:00'),
(100,'2026-06-05','10:00:00','12:00:00'),
(100,'2026-06-06','10:00:00','12:00:00'),
(100,'2026-06-08','10:00:00','12:00:00'),
(100,'2026-06-09','10:00:00','12:00:00'),
(100,'2026-06-10','10:00:00','12:00:00'),
(100,'2026-06-11','10:00:00','12:00:00'),
(100,'2026-06-12','10:00:00','12:00:00'),
(100,'2026-06-13','10:00:00','12:00:00'),
(100,'2026-06-15','10:00:00','12:00:00'),
(100,'2026-06-16','10:00:00','12:00:00'),
(100,'2026-06-17','10:00:00','12:00:00'),
(100,'2026-06-18','10:00:00','12:00:00'),
(100,'2026-06-19','10:00:00','12:00:00'),
(100,'2026-06-20','10:00:00','12:00:00'),
(100,'2026-06-22','10:00:00','12:00:00'),
(100,'2026-06-23','10:00:00','12:00:00'),
(100,'2026-06-24','10:00:00','12:00:00'),
(100,'2026-06-25','10:00:00','12:00:00'),
(100,'2026-06-26','10:00:00','12:00:00'),
(100,'2026-06-27','10:00:00','12:00:00'),
(101,'2026-02-02','12:00:00','14:00:00'),
(101,'2026-02-03','12:00:00','14:00:00'),
(101,'2026-02-04','12:00:00','14:00:00'),
(101,'2026-02-05','12:00:00','14:00:00'),
(101,'2026-02-06','12:00:00','14:00:00'),
(101,'2026-02-07','12:00:00','14:00:00'),
(101,'2026-02-09','12:00:00','14:00:00'),
(101,'2026-02-10','12:00:00','14:00:00'),
(101,'2026-02-11','12:00:00','14:00:00'),
(101,'2026-02-12','12:00:00','14:00:00'),
(101,'2026-02-13','12:00:00','14:00:00'),
(101,'2026-02-14','12:00:00','14:00:00'),
(101,'2026-02-16','12:00:00','14:00:00'),
(101,'2026-02-17','12:00:00','14:00:00'),
(101,'2026-02-18','12:00:00','14:00:00'),
(101,'2026-02-19','12:00:00','14:00:00'),
(101,'2026-02-20','12:00:00','14:00:00'),
(101,'2026-02-21','12:00:00','14:00:00'),
(101,'2026-02-23','12:00:00','14:00:00'),
(101,'2026-02-24','12:00:00','14:00:00'),
(101,'2026-02-25','12:00:00','14:00:00'),
(101,'2026-02-26','12:00:00','14:00:00'),
(101,'2026-02-27','12:00:00','14:00:00'),
(101,'2026-02-28','12:00:00','14:00:00'),
(102,'2026-03-02','12:00:00','14:00:00'),
(102,'2026-03-03','12:00:00','14:00:00'),
(102,'2026-03-04','12:00:00','14:00:00'),
(102,'2026-03-05','12:00:00','14:00:00'),
(102,'2026-03-06','12:00:00','14:00:00'),
(102,'2026-03-07','12:00:00','14:00:00'),
(102,'2026-03-09','12:00:00','14:00:00'),
(102,'2026-03-10','12:00:00','14:00:00'),
(102,'2026-03-11','12:00:00','14:00:00'),
(102,'2026-03-12','12:00:00','14:00:00'),
(102,'2026-03-13','12:00:00','14:00:00'),
(102,'2026-03-14','12:00:00','14:00:00'),
(102,'2026-03-16','12:00:00','14:00:00'),
(102,'2026-03-17','12:00:00','14:00:00'),
(102,'2026-03-18','12:00:00','14:00:00'),
(102,'2026-03-19','12:00:00','14:00:00'),
(102,'2026-03-20','12:00:00','14:00:00'),
(102,'2026-03-21','12:00:00','14:00:00'),
(102,'2026-03-23','12:00:00','14:00:00'),
(102,'2026-03-24','12:00:00','14:00:00'),
(102,'2026-03-25','12:00:00','14:00:00'),
(102,'2026-03-26','12:00:00','14:00:00'),
(102,'2026-03-27','12:00:00','14:00:00'),
(102,'2026-03-28','12:00:00','14:00:00'),
(103,'2026-04-01','12:00:00','14:00:00'),
(103,'2026-04-02','12:00:00','14:00:00'),
(103,'2026-04-03','12:00:00','14:00:00'),
(103,'2026-04-04','12:00:00','14:00:00'),
(103,'2026-04-06','12:00:00','14:00:00'),
(103,'2026-04-07','12:00:00','14:00:00'),
(103,'2026-04-08','12:00:00','14:00:00'),
(103,'2026-04-09','12:00:00','14:00:00'),
(103,'2026-04-10','12:00:00','14:00:00'),
(103,'2026-04-11','12:00:00','14:00:00'),
(103,'2026-04-13','12:00:00','14:00:00'),
(103,'2026-04-14','12:00:00','14:00:00'),
(103,'2026-04-15','12:00:00','14:00:00'),
(103,'2026-04-16','12:00:00','14:00:00'),
(103,'2026-04-17','12:00:00','14:00:00'),
(103,'2026-04-18','12:00:00','14:00:00'),
(103,'2026-04-20','12:00:00','14:00:00'),
(103,'2026-04-21','12:00:00','14:00:00'),
(103,'2026-04-22','12:00:00','14:00:00'),
(103,'2026-04-23','12:00:00','14:00:00'),
(103,'2026-04-24','12:00:00','14:00:00'),
(103,'2026-04-25','12:00:00','14:00:00'),
(103,'2026-04-27','12:00:00','14:00:00'),
(103,'2026-04-28','12:00:00','14:00:00'),
(104,'2026-05-04','12:00:00','14:00:00'),
(104,'2026-05-05','12:00:00','14:00:00'),
(104,'2026-05-06','12:00:00','14:00:00'),
(104,'2026-05-07','12:00:00','14:00:00'),
(104,'2026-05-08','12:00:00','14:00:00'),
(104,'2026-05-09','12:00:00','14:00:00'),
(104,'2026-05-11','12:00:00','14:00:00'),
(104,'2026-05-12','12:00:00','14:00:00'),
(104,'2026-05-13','12:00:00','14:00:00'),
(104,'2026-05-14','12:00:00','14:00:00'),
(104,'2026-05-15','12:00:00','14:00:00'),
(104,'2026-05-16','12:00:00','14:00:00'),
(104,'2026-05-18','12:00:00','14:00:00'),
(104,'2026-05-19','12:00:00','14:00:00'),
(104,'2026-05-20','12:00:00','14:00:00'),
(104,'2026-05-21','12:00:00','14:00:00'),
(104,'2026-05-22','12:00:00','14:00:00'),
(104,'2026-05-23','12:00:00','14:00:00'),
(104,'2026-05-25','12:00:00','14:00:00'),
(104,'2026-05-26','12:00:00','14:00:00'),
(104,'2026-05-27','12:00:00','14:00:00'),
(104,'2026-05-28','12:00:00','14:00:00'),
(104,'2026-05-29','12:00:00','14:00:00'),
(104,'2026-05-30','12:00:00','14:00:00'),
(105,'2026-06-01','12:00:00','14:00:00'),
(105,'2026-06-02','12:00:00','14:00:00'),
(105,'2026-06-03','12:00:00','14:00:00'),
(105,'2026-06-04','12:00:00','14:00:00'),
(105,'2026-06-05','12:00:00','14:00:00'),
(105,'2026-06-06','12:00:00','14:00:00'),
(105,'2026-06-08','12:00:00','14:00:00'),
(105,'2026-06-09','12:00:00','14:00:00'),
(105,'2026-06-10','12:00:00','14:00:00'),
(105,'2026-06-11','12:00:00','14:00:00'),
(105,'2026-06-12','12:00:00','14:00:00'),
(105,'2026-06-13','12:00:00','14:00:00'),
(105,'2026-06-15','12:00:00','14:00:00'),
(105,'2026-06-16','12:00:00','14:00:00'),
(105,'2026-06-17','12:00:00','14:00:00'),
(105,'2026-06-18','12:00:00','14:00:00'),
(105,'2026-06-19','12:00:00','14:00:00'),
(105,'2026-06-20','12:00:00','14:00:00'),
(105,'2026-06-22','12:00:00','14:00:00'),
(105,'2026-06-23','12:00:00','14:00:00'),
(105,'2026-06-24','12:00:00','14:00:00'),
(105,'2026-06-25','12:00:00','14:00:00'),
(105,'2026-06-26','12:00:00','14:00:00'),
(105,'2026-06-27','12:00:00','14:00:00'),
(106,'2026-02-02','18:00:00','20:00:00'),
(106,'2026-02-03','18:00:00','20:00:00'),
(106,'2026-02-04','18:00:00','20:00:00'),
(106,'2026-02-05','18:00:00','20:00:00'),
(106,'2026-02-06','18:00:00','20:00:00'),
(106,'2026-02-07','18:00:00','20:00:00'),
(106,'2026-02-09','18:00:00','20:00:00'),
(106,'2026-02-10','18:00:00','20:00:00'),
(106,'2026-02-11','18:00:00','20:00:00'),
(106,'2026-02-12','18:00:00','20:00:00'),
(106,'2026-02-13','18:00:00','20:00:00'),
(106,'2026-02-14','18:00:00','20:00:00'),
(106,'2026-02-16','18:00:00','20:00:00'),
(106,'2026-02-17','18:00:00','20:00:00'),
(106,'2026-02-18','18:00:00','20:00:00'),
(106,'2026-02-19','18:00:00','20:00:00'),
(106,'2026-02-20','18:00:00','20:00:00'),
(106,'2026-02-21','18:00:00','20:00:00'),
(106,'2026-02-23','18:00:00','20:00:00'),
(106,'2026-02-24','18:00:00','20:00:00'),
(106,'2026-02-25','18:00:00','20:00:00'),
(106,'2026-02-26','18:00:00','20:00:00'),
(106,'2026-02-27','18:00:00','20:00:00'),
(106,'2026-02-28','18:00:00','20:00:00'),
(107,'2026-03-02','18:00:00','20:00:00'),
(107,'2026-03-03','18:00:00','20:00:00'),
(107,'2026-03-04','18:00:00','20:00:00'),
(107,'2026-03-05','18:00:00','20:00:00'),
(107,'2026-03-06','18:00:00','20:00:00'),
(107,'2026-03-07','18:00:00','20:00:00'),
(107,'2026-03-09','18:00:00','20:00:00'),
(107,'2026-03-10','18:00:00','20:00:00'),
(107,'2026-03-11','18:00:00','20:00:00'),
(107,'2026-03-12','18:00:00','20:00:00'),
(107,'2026-03-13','18:00:00','20:00:00'),
(107,'2026-03-14','18:00:00','20:00:00'),
(107,'2026-03-16','18:00:00','20:00:00'),
(107,'2026-03-17','18:00:00','20:00:00'),
(107,'2026-03-18','18:00:00','20:00:00'),
(107,'2026-03-19','18:00:00','20:00:00'),
(107,'2026-03-20','18:00:00','20:00:00'),
(107,'2026-03-21','18:00:00','20:00:00'),
(107,'2026-03-23','18:00:00','20:00:00'),
(107,'2026-03-24','18:00:00','20:00:00'),
(107,'2026-03-25','18:00:00','20:00:00'),
(107,'2026-03-26','18:00:00','20:00:00'),
(107,'2026-03-27','18:00:00','20:00:00'),
(107,'2026-03-28','18:00:00','20:00:00'),
(108,'2026-04-01','18:00:00','20:00:00'),
(108,'2026-04-02','18:00:00','20:00:00'),
(108,'2026-04-03','18:00:00','20:00:00'),
(108,'2026-04-04','18:00:00','20:00:00'),
(108,'2026-04-06','18:00:00','20:00:00'),
(108,'2026-04-07','18:00:00','20:00:00'),
(108,'2026-04-08','18:00:00','20:00:00'),
(108,'2026-04-09','18:00:00','20:00:00'),
(108,'2026-04-10','18:00:00','20:00:00'),
(108,'2026-04-11','18:00:00','20:00:00'),
(108,'2026-04-13','18:00:00','20:00:00'),
(108,'2026-04-14','18:00:00','20:00:00'),
(108,'2026-04-15','18:00:00','20:00:00'),
(108,'2026-04-16','18:00:00','20:00:00'),
(108,'2026-04-17','18:00:00','20:00:00'),
(108,'2026-04-18','18:00:00','20:00:00'),
(108,'2026-04-20','18:00:00','20:00:00'),
(108,'2026-04-21','18:00:00','20:00:00'),
(108,'2026-04-22','18:00:00','20:00:00'),
(108,'2026-04-23','18:00:00','20:00:00'),
(108,'2026-04-24','18:00:00','20:00:00'),
(108,'2026-04-25','18:00:00','20:00:00'),
(108,'2026-04-27','18:00:00','20:00:00'),
(108,'2026-04-28','18:00:00','20:00:00'),
(109,'2026-05-04','18:00:00','20:00:00'),
(109,'2026-05-05','18:00:00','20:00:00'),
(109,'2026-05-06','18:00:00','20:00:00'),
(109,'2026-05-07','18:00:00','20:00:00'),
(109,'2026-05-08','18:00:00','20:00:00'),
(109,'2026-05-09','18:00:00','20:00:00'),
(109,'2026-05-11','18:00:00','20:00:00'),
(109,'2026-05-12','18:00:00','20:00:00'),
(109,'2026-05-13','18:00:00','20:00:00'),
(109,'2026-05-14','18:00:00','20:00:00'),
(109,'2026-05-15','18:00:00','20:00:00'),
(109,'2026-05-16','18:00:00','20:00:00'),
(109,'2026-05-18','18:00:00','20:00:00'),
(109,'2026-05-19','18:00:00','20:00:00'),
(109,'2026-05-20','18:00:00','20:00:00'),
(109,'2026-05-21','18:00:00','20:00:00'),
(109,'2026-05-22','18:00:00','20:00:00'),
(109,'2026-05-23','18:00:00','20:00:00'),
(109,'2026-05-25','18:00:00','20:00:00'),
(109,'2026-05-26','18:00:00','20:00:00'),
(109,'2026-05-27','18:00:00','20:00:00'),
(109,'2026-05-28','18:00:00','20:00:00'),
(109,'2026-05-29','18:00:00','20:00:00'),
(109,'2026-05-30','18:00:00','20:00:00'),
(110,'2026-06-01','18:00:00','20:00:00'),
(110,'2026-06-02','18:00:00','20:00:00'),
(110,'2026-06-03','18:00:00','20:00:00'),
(110,'2026-06-04','18:00:00','20:00:00'),
(110,'2026-06-05','18:00:00','20:00:00'),
(110,'2026-06-06','18:00:00','20:00:00'),
(110,'2026-06-08','18:00:00','20:00:00'),
(110,'2026-06-09','18:00:00','20:00:00'),
(110,'2026-06-10','18:00:00','20:00:00'),
(110,'2026-06-11','18:00:00','20:00:00'),
(110,'2026-06-12','18:00:00','20:00:00'),
(110,'2026-06-13','18:00:00','20:00:00'),
(110,'2026-06-15','18:00:00','20:00:00'),
(110,'2026-06-16','18:00:00','20:00:00'),
(110,'2026-06-17','18:00:00','20:00:00'),
(110,'2026-06-18','18:00:00','20:00:00'),
(110,'2026-06-19','18:00:00','20:00:00'),
(110,'2026-06-20','18:00:00','20:00:00'),
(110,'2026-06-22','18:00:00','20:00:00'),
(110,'2026-06-23','18:00:00','20:00:00'),
(110,'2026-06-24','18:00:00','20:00:00'),
(110,'2026-06-25','18:00:00','20:00:00'),
(110,'2026-06-26','18:00:00','20:00:00'),
(110,'2026-06-27','18:00:00','20:00:00'),
(111,'2026-02-02','06:00:00','08:00:00'),
(111,'2026-02-03','06:00:00','08:00:00'),
(111,'2026-02-04','06:00:00','08:00:00'),
(111,'2026-02-05','06:00:00','08:00:00'),
(111,'2026-02-06','06:00:00','08:00:00'),
(111,'2026-02-07','06:00:00','08:00:00'),
(111,'2026-02-09','06:00:00','08:00:00'),
(111,'2026-02-10','06:00:00','08:00:00'),
(111,'2026-02-11','06:00:00','08:00:00'),
(111,'2026-02-12','06:00:00','08:00:00'),
(111,'2026-02-13','06:00:00','08:00:00'),
(111,'2026-02-14','06:00:00','08:00:00'),
(111,'2026-02-16','06:00:00','08:00:00'),
(111,'2026-02-17','06:00:00','08:00:00'),
(111,'2026-02-18','06:00:00','08:00:00'),
(111,'2026-02-19','06:00:00','08:00:00'),
(111,'2026-02-20','06:00:00','08:00:00'),
(111,'2026-02-21','06:00:00','08:00:00'),
(111,'2026-02-23','06:00:00','08:00:00'),
(111,'2026-02-24','06:00:00','08:00:00'),
(111,'2026-02-25','06:00:00','08:00:00'),
(111,'2026-02-26','06:00:00','08:00:00'),
(111,'2026-02-27','06:00:00','08:00:00'),
(111,'2026-02-28','06:00:00','08:00:00'),
(112,'2026-03-02','06:00:00','08:00:00'),
(112,'2026-03-03','06:00:00','08:00:00'),
(112,'2026-03-04','06:00:00','08:00:00'),
(112,'2026-03-05','06:00:00','08:00:00'),
(112,'2026-03-06','06:00:00','08:00:00'),
(112,'2026-03-07','06:00:00','08:00:00'),
(112,'2026-03-09','06:00:00','08:00:00'),
(112,'2026-03-10','06:00:00','08:00:00'),
(112,'2026-03-11','06:00:00','08:00:00'),
(112,'2026-03-12','06:00:00','08:00:00'),
(112,'2026-03-13','06:00:00','08:00:00'),
(112,'2026-03-14','06:00:00','08:00:00'),
(112,'2026-03-16','06:00:00','08:00:00'),
(112,'2026-03-17','06:00:00','08:00:00'),
(112,'2026-03-18','06:00:00','08:00:00'),
(112,'2026-03-19','06:00:00','08:00:00'),
(112,'2026-03-20','06:00:00','08:00:00'),
(112,'2026-03-21','06:00:00','08:00:00'),
(112,'2026-03-23','06:00:00','08:00:00'),
(112,'2026-03-24','06:00:00','08:00:00'),
(112,'2026-03-25','06:00:00','08:00:00'),
(112,'2026-03-26','06:00:00','08:00:00'),
(112,'2026-03-27','06:00:00','08:00:00'),
(112,'2026-03-28','06:00:00','08:00:00'),
(113,'2026-04-01','06:00:00','08:00:00'),
(113,'2026-04-02','06:00:00','08:00:00'),
(113,'2026-04-03','06:00:00','08:00:00'),
(113,'2026-04-04','06:00:00','08:00:00'),
(113,'2026-04-06','06:00:00','08:00:00'),
(113,'2026-04-07','06:00:00','08:00:00'),
(113,'2026-04-08','06:00:00','08:00:00'),
(113,'2026-04-09','06:00:00','08:00:00'),
(113,'2026-04-10','06:00:00','08:00:00'),
(113,'2026-04-11','06:00:00','08:00:00'),
(113,'2026-04-13','06:00:00','08:00:00'),
(113,'2026-04-14','06:00:00','08:00:00'),
(113,'2026-04-15','06:00:00','08:00:00'),
(113,'2026-04-16','06:00:00','08:00:00'),
(113,'2026-04-17','06:00:00','08:00:00'),
(113,'2026-04-18','06:00:00','08:00:00'),
(113,'2026-04-20','06:00:00','08:00:00'),
(113,'2026-04-21','06:00:00','08:00:00'),
(113,'2026-04-22','06:00:00','08:00:00'),
(113,'2026-04-23','06:00:00','08:00:00'),
(113,'2026-04-24','06:00:00','08:00:00'),
(113,'2026-04-25','06:00:00','08:00:00'),
(113,'2026-04-27','06:00:00','08:00:00'),
(113,'2026-04-28','06:00:00','08:00:00'),
(114,'2026-05-04','06:00:00','08:00:00'),
(114,'2026-05-05','06:00:00','08:00:00'),
(114,'2026-05-06','06:00:00','08:00:00'),
(114,'2026-05-07','06:00:00','08:00:00'),
(114,'2026-05-08','06:00:00','08:00:00'),
(114,'2026-05-09','06:00:00','08:00:00'),
(114,'2026-05-11','06:00:00','08:00:00'),
(114,'2026-05-12','06:00:00','08:00:00'),
(114,'2026-05-13','06:00:00','08:00:00'),
(114,'2026-05-14','06:00:00','08:00:00'),
(114,'2026-05-15','06:00:00','08:00:00'),
(114,'2026-05-16','06:00:00','08:00:00'),
(114,'2026-05-18','06:00:00','08:00:00'),
(114,'2026-05-19','06:00:00','08:00:00'),
(114,'2026-05-20','06:00:00','08:00:00'),
(114,'2026-05-21','06:00:00','08:00:00'),
(114,'2026-05-22','06:00:00','08:00:00'),
(114,'2026-05-23','06:00:00','08:00:00'),
(114,'2026-05-25','06:00:00','08:00:00'),
(114,'2026-05-26','06:00:00','08:00:00'),
(114,'2026-05-27','06:00:00','08:00:00'),
(114,'2026-05-28','06:00:00','08:00:00'),
(114,'2026-05-29','06:00:00','08:00:00'),
(114,'2026-05-30','06:00:00','08:00:00'),
(115,'2026-06-01','06:00:00','08:00:00'),
(115,'2026-06-02','06:00:00','08:00:00'),
(115,'2026-06-03','06:00:00','08:00:00'),
(115,'2026-06-04','06:00:00','08:00:00'),
(115,'2026-06-05','06:00:00','08:00:00'),
(115,'2026-06-06','06:00:00','08:00:00'),
(115,'2026-06-08','06:00:00','08:00:00'),
(115,'2026-06-09','06:00:00','08:00:00'),
(115,'2026-06-10','06:00:00','08:00:00'),
(115,'2026-06-11','06:00:00','08:00:00'),
(115,'2026-06-12','06:00:00','08:00:00'),
(115,'2026-06-13','06:00:00','08:00:00'),
(115,'2026-06-15','06:00:00','08:00:00'),
(115,'2026-06-16','06:00:00','08:00:00'),
(115,'2026-06-17','06:00:00','08:00:00'),
(115,'2026-06-18','06:00:00','08:00:00'),
(115,'2026-06-19','06:00:00','08:00:00'),
(115,'2026-06-20','06:00:00','08:00:00'),
(115,'2026-06-22','06:00:00','08:00:00'),
(115,'2026-06-23','06:00:00','08:00:00'),
(115,'2026-06-24','06:00:00','08:00:00'),
(115,'2026-06-25','06:00:00','08:00:00'),
(115,'2026-06-26','06:00:00','08:00:00'),
(115,'2026-06-27','06:00:00','08:00:00'),
(116,'2026-02-02','14:00:00','16:00:00'),
(116,'2026-02-03','14:00:00','16:00:00'),
(116,'2026-02-04','14:00:00','16:00:00'),
(116,'2026-02-05','14:00:00','16:00:00'),
(116,'2026-02-06','14:00:00','16:00:00'),
(116,'2026-02-07','14:00:00','16:00:00'),
(116,'2026-02-09','14:00:00','16:00:00'),
(116,'2026-02-10','14:00:00','16:00:00'),
(116,'2026-02-11','14:00:00','16:00:00'),
(116,'2026-02-12','14:00:00','16:00:00'),
(116,'2026-02-13','14:00:00','16:00:00'),
(116,'2026-02-14','14:00:00','16:00:00'),
(116,'2026-02-16','14:00:00','16:00:00'),
(116,'2026-02-17','14:00:00','16:00:00'),
(116,'2026-02-18','14:00:00','16:00:00'),
(116,'2026-02-19','14:00:00','16:00:00'),
(116,'2026-02-20','14:00:00','16:00:00'),
(116,'2026-02-21','14:00:00','16:00:00'),
(116,'2026-02-23','14:00:00','16:00:00'),
(116,'2026-02-24','14:00:00','16:00:00'),
(116,'2026-02-25','14:00:00','16:00:00'),
(116,'2026-02-26','14:00:00','16:00:00'),
(116,'2026-02-27','14:00:00','16:00:00'),
(116,'2026-02-28','14:00:00','16:00:00'),
(117,'2026-03-02','14:00:00','16:00:00'),
(117,'2026-03-03','14:00:00','16:00:00'),
(117,'2026-03-04','14:00:00','16:00:00'),
(117,'2026-03-05','14:00:00','16:00:00'),
(117,'2026-03-06','14:00:00','16:00:00'),
(117,'2026-03-07','14:00:00','16:00:00'),
(117,'2026-03-09','14:00:00','16:00:00'),
(117,'2026-03-10','14:00:00','16:00:00'),
(117,'2026-03-11','14:00:00','16:00:00'),
(117,'2026-03-12','14:00:00','16:00:00'),
(117,'2026-03-13','14:00:00','16:00:00'),
(117,'2026-03-14','14:00:00','16:00:00'),
(117,'2026-03-16','14:00:00','16:00:00'),
(117,'2026-03-17','14:00:00','16:00:00'),
(117,'2026-03-18','14:00:00','16:00:00'),
(117,'2026-03-19','14:00:00','16:00:00'),
(117,'2026-03-20','14:00:00','16:00:00'),
(117,'2026-03-21','14:00:00','16:00:00'),
(117,'2026-03-23','14:00:00','16:00:00'),
(117,'2026-03-24','14:00:00','16:00:00'),
(117,'2026-03-25','14:00:00','16:00:00'),
(117,'2026-03-26','14:00:00','16:00:00'),
(117,'2026-03-27','14:00:00','16:00:00'),
(117,'2026-03-28','14:00:00','16:00:00'),
(118,'2026-04-01','14:00:00','16:00:00'),
(118,'2026-04-02','14:00:00','16:00:00'),
(118,'2026-04-03','14:00:00','16:00:00'),
(118,'2026-04-04','14:00:00','16:00:00'),
(118,'2026-04-06','14:00:00','16:00:00'),
(118,'2026-04-07','14:00:00','16:00:00'),
(118,'2026-04-08','14:00:00','16:00:00'),
(118,'2026-04-09','14:00:00','16:00:00'),
(118,'2026-04-10','14:00:00','16:00:00'),
(118,'2026-04-11','14:00:00','16:00:00'),
(118,'2026-04-13','14:00:00','16:00:00'),
(118,'2026-04-14','14:00:00','16:00:00'),
(118,'2026-04-15','14:00:00','16:00:00'),
(118,'2026-04-16','14:00:00','16:00:00'),
(118,'2026-04-17','14:00:00','16:00:00'),
(118,'2026-04-18','14:00:00','16:00:00'),
(118,'2026-04-20','14:00:00','16:00:00'),
(118,'2026-04-21','14:00:00','16:00:00'),
(118,'2026-04-22','14:00:00','16:00:00'),
(118,'2026-04-23','14:00:00','16:00:00'),
(118,'2026-04-24','14:00:00','16:00:00'),
(118,'2026-04-25','14:00:00','16:00:00'),
(118,'2026-04-27','14:00:00','16:00:00'),
(118,'2026-04-28','14:00:00','16:00:00'),
(119,'2026-05-04','14:00:00','16:00:00'),
(119,'2026-05-05','14:00:00','16:00:00'),
(119,'2026-05-06','14:00:00','16:00:00'),
(119,'2026-05-07','14:00:00','16:00:00'),
(119,'2026-05-08','14:00:00','16:00:00'),
(119,'2026-05-09','14:00:00','16:00:00'),
(119,'2026-05-11','14:00:00','16:00:00'),
(119,'2026-05-12','14:00:00','16:00:00'),
(119,'2026-05-13','14:00:00','16:00:00'),
(119,'2026-05-14','14:00:00','16:00:00'),
(119,'2026-05-15','14:00:00','16:00:00'),
(119,'2026-05-16','14:00:00','16:00:00'),
(119,'2026-05-18','14:00:00','16:00:00'),
(119,'2026-05-19','14:00:00','16:00:00'),
(119,'2026-05-20','14:00:00','16:00:00'),
(119,'2026-05-21','14:00:00','16:00:00'),
(119,'2026-05-22','14:00:00','16:00:00'),
(119,'2026-05-23','14:00:00','16:00:00'),
(119,'2026-05-25','14:00:00','16:00:00'),
(119,'2026-05-26','14:00:00','16:00:00'),
(119,'2026-05-27','14:00:00','16:00:00'),
(119,'2026-05-28','14:00:00','16:00:00'),
(119,'2026-05-29','14:00:00','16:00:00'),
(119,'2026-05-30','14:00:00','16:00:00'),
(120,'2026-06-01','14:00:00','16:00:00'),
(120,'2026-06-02','14:00:00','16:00:00'),
(120,'2026-06-03','14:00:00','16:00:00'),
(120,'2026-06-04','14:00:00','16:00:00'),
(120,'2026-06-05','14:00:00','16:00:00'),
(120,'2026-06-06','14:00:00','16:00:00'),
(120,'2026-06-08','14:00:00','16:00:00'),
(120,'2026-06-09','14:00:00','16:00:00'),
(120,'2026-06-10','14:00:00','16:00:00'),
(120,'2026-06-11','14:00:00','16:00:00'),
(120,'2026-06-12','14:00:00','16:00:00'),
(120,'2026-06-13','14:00:00','16:00:00'),
(120,'2026-06-15','14:00:00','16:00:00'),
(120,'2026-06-16','14:00:00','16:00:00'),
(120,'2026-06-17','14:00:00','16:00:00'),
(120,'2026-06-18','14:00:00','16:00:00'),
(120,'2026-06-19','14:00:00','16:00:00'),
(120,'2026-06-20','14:00:00','16:00:00'),
(120,'2026-06-22','14:00:00','16:00:00'),
(120,'2026-06-23','14:00:00','16:00:00'),
(120,'2026-06-24','14:00:00','16:00:00'),
(120,'2026-06-25','14:00:00','16:00:00'),
(120,'2026-06-26','14:00:00','16:00:00'),
(120,'2026-06-27','14:00:00','16:00:00'),
(121,'2026-02-02','07:00:00','09:00:00'),
(121,'2026-02-03','07:00:00','09:00:00'),
(121,'2026-02-04','07:00:00','09:00:00'),
(121,'2026-02-05','07:00:00','09:00:00'),
(121,'2026-02-06','07:00:00','09:00:00'),
(121,'2026-02-07','07:00:00','09:00:00'),
(121,'2026-02-09','07:00:00','09:00:00'),
(121,'2026-02-10','07:00:00','09:00:00'),
(121,'2026-02-11','07:00:00','09:00:00'),
(121,'2026-02-12','07:00:00','09:00:00'),
(121,'2026-02-13','07:00:00','09:00:00'),
(121,'2026-02-14','07:00:00','09:00:00'),
(121,'2026-02-16','07:00:00','09:00:00'),
(121,'2026-02-17','07:00:00','09:00:00'),
(121,'2026-02-18','07:00:00','09:00:00'),
(121,'2026-02-19','07:00:00','09:00:00'),
(121,'2026-02-20','07:00:00','09:00:00'),
(121,'2026-02-21','07:00:00','09:00:00'),
(121,'2026-02-23','07:00:00','09:00:00'),
(121,'2026-02-24','07:00:00','09:00:00'),
(121,'2026-02-25','07:00:00','09:00:00'),
(121,'2026-02-26','07:00:00','09:00:00'),
(121,'2026-02-27','07:00:00','09:00:00'),
(121,'2026-02-28','07:00:00','09:00:00'),
(122,'2026-03-02','07:00:00','09:00:00'),
(122,'2026-03-03','07:00:00','09:00:00'),
(122,'2026-03-04','07:00:00','09:00:00'),
(122,'2026-03-05','07:00:00','09:00:00'),
(122,'2026-03-06','07:00:00','09:00:00'),
(122,'2026-03-07','07:00:00','09:00:00'),
(122,'2026-03-09','07:00:00','09:00:00'),
(122,'2026-03-10','07:00:00','09:00:00'),
(122,'2026-03-11','07:00:00','09:00:00'),
(122,'2026-03-12','07:00:00','09:00:00'),
(122,'2026-03-13','07:00:00','09:00:00'),
(122,'2026-03-14','07:00:00','09:00:00'),
(122,'2026-03-16','07:00:00','09:00:00'),
(122,'2026-03-17','07:00:00','09:00:00'),
(122,'2026-03-18','07:00:00','09:00:00'),
(122,'2026-03-19','07:00:00','09:00:00'),
(122,'2026-03-20','07:00:00','09:00:00'),
(122,'2026-03-21','07:00:00','09:00:00'),
(122,'2026-03-23','07:00:00','09:00:00'),
(122,'2026-03-24','07:00:00','09:00:00'),
(122,'2026-03-25','07:00:00','09:00:00'),
(122,'2026-03-26','07:00:00','09:00:00'),
(122,'2026-03-27','07:00:00','09:00:00'),
(122,'2026-03-28','07:00:00','09:00:00'),
(123,'2026-04-01','07:00:00','09:00:00'),
(123,'2026-04-02','07:00:00','09:00:00'),
(123,'2026-04-03','07:00:00','09:00:00'),
(123,'2026-04-04','07:00:00','09:00:00'),
(123,'2026-04-06','07:00:00','09:00:00'),
(123,'2026-04-07','07:00:00','09:00:00'),
(123,'2026-04-08','07:00:00','09:00:00'),
(123,'2026-04-09','07:00:00','09:00:00'),
(123,'2026-04-10','07:00:00','09:00:00'),
(123,'2026-04-11','07:00:00','09:00:00'),
(123,'2026-04-13','07:00:00','09:00:00'),
(123,'2026-04-14','07:00:00','09:00:00'),
(123,'2026-04-15','07:00:00','09:00:00'),
(123,'2026-04-16','07:00:00','09:00:00'),
(123,'2026-04-17','07:00:00','09:00:00'),
(123,'2026-04-18','07:00:00','09:00:00'),
(123,'2026-04-20','07:00:00','09:00:00'),
(123,'2026-04-21','07:00:00','09:00:00'),
(123,'2026-04-22','07:00:00','09:00:00'),
(123,'2026-04-23','07:00:00','09:00:00'),
(123,'2026-04-24','07:00:00','09:00:00'),
(123,'2026-04-25','07:00:00','09:00:00'),
(123,'2026-04-27','07:00:00','09:00:00'),
(123,'2026-04-28','07:00:00','09:00:00'),
(124,'2026-05-04','07:00:00','09:00:00'),
(124,'2026-05-05','07:00:00','09:00:00'),
(124,'2026-05-06','07:00:00','09:00:00'),
(124,'2026-05-07','07:00:00','09:00:00'),
(124,'2026-05-08','07:00:00','09:00:00'),
(124,'2026-05-09','07:00:00','09:00:00'),
(124,'2026-05-11','07:00:00','09:00:00'),
(124,'2026-05-12','07:00:00','09:00:00'),
(124,'2026-05-13','07:00:00','09:00:00'),
(124,'2026-05-14','07:00:00','09:00:00'),
(124,'2026-05-15','07:00:00','09:00:00'),
(124,'2026-05-16','07:00:00','09:00:00'),
(124,'2026-05-18','07:00:00','09:00:00'),
(124,'2026-05-19','07:00:00','09:00:00'),
(124,'2026-05-20','07:00:00','09:00:00'),
(124,'2026-05-21','07:00:00','09:00:00'),
(124,'2026-05-22','07:00:00','09:00:00'),
(124,'2026-05-23','07:00:00','09:00:00'),
(124,'2026-05-25','07:00:00','09:00:00'),
(124,'2026-05-26','07:00:00','09:00:00'),
(124,'2026-05-27','07:00:00','09:00:00'),
(124,'2026-05-28','07:00:00','09:00:00'),
(124,'2026-05-29','07:00:00','09:00:00'),
(124,'2026-05-30','07:00:00','09:00:00'),
(125,'2026-06-01','07:00:00','09:00:00'),
(125,'2026-06-02','07:00:00','09:00:00'),
(125,'2026-06-03','07:00:00','09:00:00'),
(125,'2026-06-04','07:00:00','09:00:00'),
(125,'2026-06-05','07:00:00','09:00:00'),
(125,'2026-06-06','07:00:00','09:00:00'),
(125,'2026-06-08','07:00:00','09:00:00'),
(125,'2026-06-09','07:00:00','09:00:00'),
(125,'2026-06-10','07:00:00','09:00:00'),
(125,'2026-06-11','07:00:00','09:00:00'),
(125,'2026-06-12','07:00:00','09:00:00'),
(125,'2026-06-13','07:00:00','09:00:00'),
(125,'2026-06-15','07:00:00','09:00:00'),
(125,'2026-06-16','07:00:00','09:00:00'),
(125,'2026-06-17','07:00:00','09:00:00'),
(125,'2026-06-18','07:00:00','09:00:00'),
(125,'2026-06-19','07:00:00','09:00:00'),
(125,'2026-06-20','07:00:00','09:00:00'),
(125,'2026-06-22','07:00:00','09:00:00'),
(125,'2026-06-23','07:00:00','09:00:00'),
(125,'2026-06-24','07:00:00','09:00:00'),
(125,'2026-06-25','07:00:00','09:00:00'),
(125,'2026-06-26','07:00:00','09:00:00'),
(125,'2026-06-27','07:00:00','09:00:00');

-- ============================================
-- 4. RESTAURAR CONFIGURACIONES
-- ============================================
SET SQL_MODE=@OLD_SQL_MODE;
SET FOREIGN_KEY_CHECKS=@OLD_FOREIGN_KEY_CHECKS;
SET UNIQUE_CHECKS=@OLD_UNIQUE_CHECKS;

-- ============================================
-- FIN DEL SCRIPT
-- ============================================
