SET NAMES utf8mb4;
SET CHARACTER SET utf8mb4;

-- SCRIPT DE POBLACIÓN MASIVA DE DATOS - VERSIÓN PROFESIONAL GENERADA AUTOMÁTICAMENTE
-- Generado por generate_clean_data.php el 2026-05-21 02:20:07

SET FOREIGN_KEY_CHECKS = 0;

DELETE FROM `rap_actividad`;
ALTER TABLE `rap_actividad` AUTO_INCREMENT = 1;
DELETE FROM `rap_fase`;
ALTER TABLE `rap_fase` AUTO_INCREMENT = 1;
DELETE FROM `actividad_proyecto`;
ALTER TABLE `actividad_proyecto` AUTO_INCREMENT = 1;
DELETE FROM `fase_proyecto`;
ALTER TABLE `fase_proyecto` AUTO_INCREMENT = 1;
DELETE FROM `proyecto_formativo`;
ALTER TABLE `proyecto_formativo` AUTO_INCREMENT = 1;
DELETE FROM `detallexasignacion`;
ALTER TABLE `detallexasignacion` AUTO_INCREMENT = 1;
DELETE FROM `asignacion`;
ALTER TABLE `asignacion` AUTO_INCREMENT = 1;
DELETE FROM `auditoria_asignacion`;
ALTER TABLE `auditoria_asignacion` AUTO_INCREMENT = 1;
DELETE FROM `instru_competencia`;
ALTER TABLE `instru_competencia` AUTO_INCREMENT = 1;
DELETE FROM `ficha`;
ALTER TABLE `ficha` AUTO_INCREMENT = 1;
DELETE FROM `instructor`;
ALTER TABLE `instructor` AUTO_INCREMENT = 1;
DELETE FROM `coordinacion`;
ALTER TABLE `coordinacion` AUTO_INCREMENT = 1;
DELETE FROM `usuario_coordinador`;
ALTER TABLE `usuario_coordinador` AUTO_INCREMENT = 1;
DELETE FROM `resultado_aprendizaje`;
ALTER TABLE `resultado_aprendizaje` AUTO_INCREMENT = 1;
DELETE FROM `competencia_horas_programa`;
ALTER TABLE `competencia_horas_programa` AUTO_INCREMENT = 1;
DELETE FROM `competencia`;
ALTER TABLE `competencia` AUTO_INCREMENT = 1;
DELETE FROM `programa`;
ALTER TABLE `programa` AUTO_INCREMENT = 1;
DELETE FROM `titulo_programa`;
ALTER TABLE `titulo_programa` AUTO_INCREMENT = 1;
DELETE FROM `ambiente`;
ALTER TABLE `ambiente` AUTO_INCREMENT = 1;
DELETE FROM `sede`;
ALTER TABLE `sede` AUTO_INCREMENT = 1;
DELETE FROM `centro_formacion`;
ALTER TABLE `centro_formacion` AUTO_INCREMENT = 1;

SET FOREIGN_KEY_CHECKS = 1;

-- ============================================================
-- 2. CENTROS DE FORMACIÓN
-- ============================================================
INSERT INTO centro_formacion (cent_id, cent_nombre, cent_correo, cent_password) VALUES 
(1, 'CIES - Centro de Industria, Empresa y Servicios', 'cies@sena.edu.co', '$2y$10$ITYbDf1QbYVMr/kMTTfMzu5k/.ByQvixsZ5dv62HGmuofM.BdeldK'),
(2, 'CEDRUM - Centro de Desarrollo Agroempresarial', 'cedrum@sena.edu.co', '$2y$10$ITYbDf1QbYVMr/kMTTfMzu5k/.ByQvixsZ5dv62HGmuofM.BdeldK');

-- ============================================================
-- 3. SEDES
-- ============================================================
INSERT INTO sede (sede_id, sede_nombre, centro_formacion_cent_id) VALUES 
(1, 'Cúcuta - Sede Principal', 1),
(2, 'Ocaña', 1),
(3, 'Pamplona', 2),
(4, 'Villa del Rosario', 2),
(5, 'Los Patios', 1);

-- ============================================================
-- 4. AMBIENTES
-- ============================================================
INSERT INTO ambiente (amb_id, amb_nombre, tipo_ambiente, sede_sede_id) VALUES 
('C101', 'Laboratorio de Sistemas 1', 'Especializado', 1),
('C102', 'Laboratorio de Sistemas 2', 'Especializado', 1),
('C103', 'Laboratorio de Redes', 'Especializado', 1),
('C104', 'Aula Teórica 101', 'Convencional', 1),
('C105', 'Aula Teórica 102', 'Convencional', 1),
('C106', 'Taller de Mecánica', 'Especializado', 1),
('C107', 'Aula Multimedial', 'TIC', 1),
('C108', 'Sala de Conferencias', 'Administrativo', 1),
('O201', 'Laboratorio de Cómputo 1', 'Convencional', 2),
('O202', 'Laboratorio de Cómputo 2', 'Convencional', 2),
('O203', 'Aula Teórica 201', 'Convencional', 2),
('O204', 'Aula Teórica 202', 'Convencional', 2),
('O205', 'Taller Polivalente', 'Especializado', 2),
('O206', 'Sala de Bienestar', 'Bienestar', 2),
('P301', 'Laboratorio de Sistemas', 'TIC', 3),
('P302', 'Aula Teórica 301', 'Convencional', 3),
('P303', 'Aula Teórica 302', 'Convencional', 3),
('P304', 'Taller de Mantenimiento', 'Especializado', 3),
('P305', 'Sala de Reuniones', 'Administrativo', 3),
('V401', 'Laboratorio de Cómputo', 'TIC', 4),
('V402', 'Aula Teórica 401', 'Convencional', 4);

-- ============================================================
-- 5. TITULO PROGRAMA
-- ============================================================
INSERT INTO titulo_programa (titpro_id, titpro_nombre, centro_formacion_cent_id) VALUES 
(1, 'Técnico', NULL),
(2, 'Tecnólogo', NULL),
(3, 'Especialización Tecnológica', NULL),
(4, 'Operario', NULL),
(5, 'Auxiliar', NULL);

-- ============================================================
-- 6. PROGRAMAS
-- ============================================================
INSERT INTO programa (prog_codigo, prog_denominacion, tit_programa_titpro_id, prog_tipo, prog_version, centro_formacion_cent_id) VALUES 
(228106, 'Análisis y Desarrollo de Software', 2, 'Presencial', '1', 1),
(228118, 'Gestión de Redes de Datos', 2, 'Presencial', '1', 1),
(934108, 'Sistemas', 1, 'Presencial', '1', 1),
(300501, 'Gestión de Proyectos de Software', 3, 'Virtual', '1', 1),
(500101, 'Auxiliar Contable y Financiero', 1, 'Presencial', '1', 1),
(934130, 'Mecánica Automotriz', 4, 'Presencial', '1', 2),
(300502, 'Seguridad Informática', 5, 'Virtual', '1', 2),
(400101, 'Inglés para el Trabajo', 4, 'A distancia', '1', 2),
(400102, 'Emprendimiento e Innovación', 4, 'A distancia', '1', 2),
(500102, 'Operario de Mantenimiento Locativo', 4, 'Presencial', '1', 2);

-- ============================================================
-- 7. USUARIOS COORDINADORES
-- ============================================================
INSERT INTO usuario_coordinador (numero_documento, coord_nombre_coordinador, coord_correo, coord_password, estado, centro_formacion_id) VALUES 
(1090001, 'Laura Milena Díaz Rojas', 'coord.tic@cies.sena.edu.co', '$2y$10$ITYbDf1QbYVMr/kMTTfMzu5k/.ByQvixsZ5dv62HGmuofM.BdeldK', 1, 1),
(1090002, 'Hernán Darío Prada Cáceres', 'coord.industria@cies.sena.edu.co', '$2y$10$ITYbDf1QbYVMr/kMTTfMzu5k/.ByQvixsZ5dv62HGmuofM.BdeldK', 1, 1),
(1090003, 'Yolanda Suárez Contreras', 'coord.gestion@cies.sena.edu.co', '$2y$10$ITYbDf1QbYVMr/kMTTfMzu5k/.ByQvixsZ5dv62HGmuofM.BdeldK', 1, 1),
(1090004, 'Fabio Enrique Mora Quintero', 'coord.agro@cedrum.sena.edu.co', '$2y$10$ITYbDf1QbYVMr/kMTTfMzu5k/.ByQvixsZ5dv62HGmuofM.BdeldK', 1, 2),
(1090005, 'Claudia Inés Vargas', 'coord.ambiental@cedrum.sena.edu.co', '$2y$10$ITYbDf1QbYVMr/kMTTfMzu5k/.ByQvixsZ5dv62HGmuofM.BdeldK', 1, 2),
(1090006, 'Jorge Armando Rueda Téllez', 'coord.rural@cedrum.sena.edu.co', '$2y$10$ITYbDf1QbYVMr/kMTTfMzu5k/.ByQvixsZ5dv62HGmuofM.BdeldK', 1, 2);

-- ============================================================
-- 8. COORDINACIONES
-- ============================================================
INSERT INTO coordinacion (coord_id, coord_descripcion, centro_formacion_cent_id, estado, coordinador_actual) VALUES 
(1, 'Coordinación TIC y Servicios', 1, 1, 1090001),
(2, 'Coordinación Industria y Manufactura', 1, 1, 1090002),
(3, 'Coordinación Gestión Empresarial', 1, 1, 1090003),
(4, 'Coordinación Agropecuaria', 2, 1, 1090004),
(5, 'Coordinación Ambiental', 2, 1, 1090005),
(6, 'Coordinación Desarrollo Rural', 2, 1, 1090006);

-- ============================================================
-- 9. INSTRUCTORES
-- ============================================================
INSERT INTO instructor (numero_documento, inst_nombres, inst_apellidos, inst_correo, inst_telefono, centro_formacion_cent_id, inst_password, profesion, especializacion) VALUES 
(101, 'Carlos Andrés', 'Peña Villamizar', 'carlos.pena@cies.sena.edu.co', 3175001001, 1, '$2y$10$ITYbDf1QbYVMr/kMTTfMzu5k/.ByQvixsZ5dv62HGmuofM.BdeldK', 'Ingeniero de Sistemas', 'Desarrollo Web'),
(102, 'Diana Marcela', 'Cáceres Ortiz', 'diana.caceres@cies.sena.edu.co', 3175001002, 1, '$2y$10$ITYbDf1QbYVMr/kMTTfMzu5k/.ByQvixsZ5dv62HGmuofM.BdeldK', 'Ingeniera de Sistemas', 'Redes y Seguridad'),
(103, 'Jhon Fredy', 'Rangel Sepúlveda', 'jhon.rangel@cies.sena.edu.co', 3175001003, 1, '$2y$10$ITYbDf1QbYVMr/kMTTfMzu5k/.ByQvixsZ5dv62HGmuofM.BdeldK', 'Ingeniero de Sistemas', 'Gestión de Proyectos'),
(104, 'Adriana', 'Suárez Maldonado', 'adriana.suarez@cies.sena.edu.co', 3175001004, 1, '$2y$10$ITYbDf1QbYVMr/kMTTfMzu5k/.ByQvixsZ5dv62HGmuofM.BdeldK', 'Ingeniera Industrial', 'Procesos'),
(105, 'Mauricio', 'Delgado Contreras', 'mauricio.delgado@cies.sena.edu.co', 3175001005, 1, '$2y$10$ITYbDf1QbYVMr/kMTTfMzu5k/.ByQvixsZ5dv62HGmuofM.BdeldK', 'Ingeniero Mecánico', 'Automotriz'),
(106, 'Paola Fernanda', 'Niño Guerrero', 'paola.nino@cies.sena.edu.co', 3175001006, 1, '$2y$10$ITYbDf1QbYVMr/kMTTfMzu5k/.ByQvixsZ5dv62HGmuofM.BdeldK', 'Contadora Pública', 'Finanzas'),
(107, 'Rodrigo', 'Hernández Jaimes', 'rodrigo.hernandez@cies.sena.edu.co', 3175001007, 1, '$2y$10$ITYbDf1QbYVMr/kMTTfMzu5k/.ByQvixsZ5dv62HGmuofM.BdeldK', 'Ingeniero Eléctrico', 'Electrónica'),
(108, 'Sonia Milena', 'Rueda Castellanos', 'sonia.rueda@cies.sena.edu.co', 3175001008, 1, '$2y$10$ITYbDf1QbYVMr/kMTTfMzu5k/.ByQvixsZ5dv62HGmuofM.BdeldK', 'Licenciada en Inglés', 'Bilingüismo'),
(201, 'Fabián', 'Mora Angarita', 'fabian.mora@cedrum.sena.edu.co', 3175002001, 2, '$2y$10$ITYbDf1QbYVMr/kMTTfMzu5k/.ByQvixsZ5dv62HGmuofM.BdeldK', 'Ingeniero Agrónomo', 'Producción Limpia'),
(202, 'Luz Dary', 'Quintero Pabón', 'luz.quintero@cedrum.sena.edu.co', 3175002002, 2, '$2y$10$ITYbDf1QbYVMr/kMTTfMzu5k/.ByQvixsZ5dv62HGmuofM.BdeldK', 'Ingeniera Ambiental', 'Tratamiento de Aguas'),
(203, 'Néstor Iván', 'Cárdenas Flórez', 'nestor.cardenas@cedrum.sena.edu.co', 3175002003, 2, '$2y$10$ITYbDf1QbYVMr/kMTTfMzu5k/.ByQvixsZ5dv62HGmuofM.BdeldK', 'Ingeniero Civil', 'Estructuras'),
(204, 'Yenny Paola', 'Serrano Duarte', 'yenny.serrano@cedrum.sena.edu.co', 3175002004, 2, '$2y$10$ITYbDf1QbYVMr/kMTTfMzu5k/.ByQvixsZ5dv62HGmuofM.BdeldK', 'Administradora de Empresas', 'Emprendimiento'),
(205, 'Álvaro', 'Chaparro Medina', 'alvaro.chaparro@cedrum.sena.edu.co', 3175002005, 2, '$2y$10$ITYbDf1QbYVMr/kMTTfMzu5k/.ByQvixsZ5dv62HGmuofM.BdeldK', 'Veterinario', 'Zootecnia'),
(206, 'Marcela', 'Torrado Becerra', 'marcela.torrado@cedrum.sena.edu.co', 3175002006, 2, '$2y$10$ITYbDf1QbYVMr/kMTTfMzu5k/.ByQvixsZ5dv62HGmuofM.BdeldK', 'Ingeniera Química', 'Procesos Rurales'),
(207, 'Gustavo', 'Patiño Valderrama', 'gustavo.patino@cedrum.sena.edu.co', 3175002007, 2, '$2y$10$ITYbDf1QbYVMr/kMTTfMzu5k/.ByQvixsZ5dv62HGmuofM.BdeldK', 'Arquitecto', 'Diseño Sostenible');

-- ============================================================
-- 10. COMPETENCIAS
-- ============================================================
INSERT INTO competencia (comp_id, comp_nombre_corto, comp_horas, comp_nombre_unidad_competencia, programa_prog_id) VALUES 
(1, 'INGLES', 48, 'Comprender textos en inglés escritos y auditivos', NULL),
(2, 'ETICA', 48, 'Promover la interacción idónea consigo mismo', NULL),
(3, 'COMUNICACION', 48, 'Utilizar el lenguaje oral y escrito eficazmente', NULL),
(4, 'CULTURA_FISICA', 48, 'Desarrollar habilidades psicomotrices', NULL),
(5, 'DER_FUNDAMENTALES', 48, 'Ejercer los derechos fundamentales del trabajo', NULL),
(6, 'MEDIO_AMBIENTE', 48, 'Promover la preservación ambiental', NULL),
(7, 'SST', 48, 'Aplicar normas de seguridad y salud en el trabajo', NULL),
(8, 'EMPRENDIMIENTO', 48, 'Resolver problemas reales del sector productivo', NULL),
(9, 'INVESTIGACION', 48, 'Desarrollar procesos de investigación aplicada', NULL),
(10, 'MATEMATICAS', 48, 'Aplicar conceptos matemáticos en problemas', NULL),
(11, 'TECNOLOGIAS', 48, 'Aplicar tecnologías de la información', NULL),
(12, 'LIDERAZGO', 48, 'Ejercer liderazgo colaborativo', NULL),
(101, 'REQUERIMIENTOS', 200, 'Identificar requerimientos de software', 228106),
(102, 'DISEÑO', 150, 'Diseñar la solución de software', 228106),
(103, 'DESARROLLO', 400, 'Codificar componentes de software', 228106),
(104, 'ADMIN_REDES', 300, 'Configurar dispositivos de red', 228118),
(105, 'MANT_PREVENTIVO', 120, 'Realizar mantenimiento a equipos', 934108),
(106, 'MOTORES', 280, 'Corregir fallas en motores', 934130),
(107, 'FINANZAS', 200, 'Registrar hechos económicos', 500101),
(108, 'PLANIFICACION_SW', 150, 'Planificación de proyectos de software', 300501),
(109, 'SEGURIDAD_LOGICA', 180, 'Auditoría de seguridad lógica y física', 300502),
(110, 'MANT_PINTURA', 100, 'Técnicas de pintura y acabados locativos', 500102),
(111, 'FONETICA_INGLES', 120, 'Fonetica y conversacion en ingles', 400101),
(112, 'PLAN_NEGOCIO', 150, 'Formulación de plan de negocio', 400102);

-- ============================================================
-- 11. PROYECTOS FORMATIVOS
-- ============================================================
INSERT INTO proyecto_formativo (pf_id, pf_codigo, pf_nombre, pf_descripcion, programa_prog_codigo, centro_formacion_cent_id) VALUES 
(1, 'P-ADSO-01', 'Sistema de Gestión Escolar', 'Desarrollo de un software para control de notas.', 228106, 1),
(2, 'P-REDES-01', 'Diseño de Red de Campus', 'Implementación de topología jerárquica.', 228118, 1),
(3, 'P-AUTO-01', 'Taller de Diagnóstico Electrónico', 'Mantenimiento preventivo de flota.', 934130, 2),
(4, 'P-CONT-01', 'Automatización de Nómina', 'Sistema de liquidación de sueldos.', 500101, 1),
(5, 'P-SIST-01', 'Optimización de Datacenter', 'Soporte y mantenimiento de infraestructura.', 934108, 1),
(6, 'P-PROY-01', 'Gestión Ágil de Software', 'Metodologías para equipos de desarrollo.', 300501, 1),
(7, 'P-SEG-01', 'Auditoría de Seguridad', 'Detección de vulnerabilidades en red.', 300502, 2),
(8, 'P-ING-01', 'Inglés Comunicativo B1', 'Comunicación asertiva en inglés.', 400101, 2),
(9, 'P-EMP-01', 'Pre-Incubadora de Negocios', 'Plan de negocios para emprendimientos.', 400102, 2),
(10, 'P-MANT-01', 'Mantenimiento Locativo Integral', 'Gestión de espacios físicos.', 500102, 2);

-- ============================================================
-- 12. FASES DE PROYECTO
-- ============================================================
INSERT INTO fase_proyecto (fase_id, fase_nombre, fase_orden, fase_fecha_ini, fase_fecha_fin, pf_pf_id) VALUES 
(1, 'Análisis', 1, '2025-01-01', '2025-03-31', 1),
(2, 'Planeación', 2, '2025-04-01', '2025-06-30', 1),
(3, 'Ejecución', 3, '2025-07-01', '2026-06-30', 1),
(4, 'Evaluación', 4, '2026-07-01', '2026-12-31', 1),
(5, 'Diagnóstico', 1, '2025-01-15', '2025-02-15', 5),
(6, 'Intervención', 2, '2025-02-16', '2025-06-15', 5),
(7, 'Inspección', 1, '2025-01-01', '2025-01-31', 10),
(8, 'Reparación', 3, '2025-02-01', '2025-10-31', 10);

-- ============================================================
-- 13. ACTIVIDADES DE PROYECTO
-- ============================================================
INSERT INTO actividad_proyecto (act_id, act_nombre, fase_id) VALUES 
(1, 'Levantamiento de Requisitos', 1),
(2, 'Modelado de Base de Datos', 2),
(3, 'Codificación de Módulos', 3),
(4, 'Despliegue en Servidor', 4),
(5, 'Instalación de Servidores', 6),
(6, 'Pruebas de Estrés', 6),
(7, 'Inspección de Maquinaria', 7),
(8, 'Reparación de Motores', 8);

-- ============================================================
-- 14. RESULTADOS DE APRENDIZAJE (RAPs)
-- ============================================================
INSERT INTO resultado_aprendizaje (rap_id, rap_codigo, rap_descripcion, rap_horas, programa_prog_id, competencia_comp_id) VALUES 
(1, 'RAP-101', 'Elaborar instrumentos de recolección de datos', 40, 228106, 101),
(2, 'RAP-102', 'Modelar el sistema usando UML', 60, 228106, 102),
(3, 'RAP-103', 'Implementar el frontend de la solución', 120, 228106, 103),
(4, 'RAP-COM-01', 'Expresar ideas con claridad de forma escrita', 12, 228106, 3),
(5, 'RAP-ING-01', 'Comprender vocabulario técnico en manuales', 24, 228106, 1),
(6, 'RAP-NET-01', 'Instalar medios de transmisión física', 40, 228118, 104),
(7, 'RAP-NET-02', 'Configurar servicios de red básicos', 60, 228118, 104),
(8, 'RAP-SIS-01', 'Ensamblar componentes de hardware', 30, 934108, 105),
(9, 'RAP-AUT-01', 'Desmontar sistemas de frenos', 50, 934130, 106),
(10, 'RAP-FIN-01', 'Elaborar estados financieros básicos', 80, 500101, 107),
(11, 'RAP-SEG-01', 'Configurar firewalls perimetrales', 45, 300502, 104);

-- ============================================================
-- 15. RELACIÓN RAP -> FASE
-- ============================================================
INSERT INTO rap_fase (rap_rap_id, fase_fase_id) VALUES 
(1, 1),
(2, 2),
(3, 3),
(4, 1),
(5, 2),
(6, 5),
(7, 6),
(9, 7),
(10, 8);

-- ============================================================
-- 16. RELACIÓN RAP -> ACTIVIDAD
-- ============================================================
INSERT INTO rap_actividad (rap_id, act_id) VALUES 
(1, 1),
(2, 2),
(3, 3),
(6, 5),
(10, 8);

-- ============================================================
-- 17. FICHAS
-- ============================================================
INSERT INTO ficha (fich_id, programa_prog_id, instructor_inst_id_lider, fich_jornada, coordinacion_coord_id, fich_fecha_ini_lectiva, fich_fecha_fin_lectiva) VALUES 
(2750001, 228106, 101, 'Mañana', 1, '2025-09-01', '2027-02-28'),
(2750002, 228118, 102, 'Tarde', 1, '2025-09-01', '2027-02-28'),
(2750003, 228106, 103, 'Noche', 1, '2026-03-01', '2027-08-31'),
(2750004, 300501, 101, 'Mixta', 1, '2026-03-01', '2026-12-31'),
(2750005, 934108, 104, 'Mañana', 2, '2025-09-01', '2026-08-31'),
(2750006, 934108, 105, 'Tarde', 2, '2025-09-01', '2026-08-31'),
(2750008, 934108, 104, 'Mañana', 2, '2026-03-01', '2026-12-31'),
(2750009, 934108, 107, 'Mixta', 2, '2026-03-01', '2026-12-31'),
(2750007, 500101, 106, 'Noche', 3, '2026-03-01', '2027-02-28'),
(2750010, 500101, 108, 'Mañana', 3, '2025-09-01', '2026-08-31'),
(2750011, 500101, 106, 'Tarde', 3, '2026-03-01', '2026-12-31'),
(2750012, 500101, 105, 'Noche', 3, '2026-03-01', '2026-12-31'),
(2750013, 934130, 201, 'Mañana', 4, '2025-09-01', '2027-02-28'),
(2750015, 934130, 203, 'Noche', 4, '2026-03-01', '2027-08-31'),
(2750020, 934130, 207, 'Mañana', 4, '2025-09-01', '2026-08-31'),
(2750022, 934130, 202, 'Noche', 4, '2026-03-01', '2027-02-28'),
(2750025, 934130, 205, 'Mixta', 4, '2026-03-01', '2027-02-28'),
(2750014, 300502, 202, 'Tarde', 5, '2025-09-01', '2027-02-28'),
(2750017, 500102, 204, 'Mañana', 5, '2025-09-01', '2026-08-31'),
(2750018, 500102, 205, 'Tarde', 5, '2026-03-01', '2026-12-31'),
(2750019, 300502, 206, 'Mixta', 5, '2026-03-01', '2026-12-31'),
(2750016, 400101, 201, 'Mixta', 6, '2026-03-01', '2026-12-31'),
(2750021, 400101, 201, 'Tarde', 6, '2025-09-01', '2026-08-31'),
(2750023, 400102, 203, 'Mañana', 6, '2026-03-01', '2026-12-31'),
(2750024, 500102, 204, 'Tarde', 6, '2026-03-01', '2026-12-31');

-- ============================================================
-- 18. HABILITACIONES DE INSTRUCTORES A COMPETENCIAS
-- ============================================================
INSERT INTO instru_competencia (instructor_inst_id, competencia_comp_id) VALUES 
(101, 1),
(102, 1),
(201, 1),
(202, 1),
(101, 2),
(102, 2),
(201, 2),
(202, 2),
(101, 101),
(101, 104),
(102, 105),
(101, 105),
(101, 107),
(201, 106),
(201, 109),
(201, 110),
(202, 111),
(101, 3),
(102, 3),
(201, 3),
(202, 3),
(101, 4),
(102, 4),
(201, 4),
(202, 4),
(101, 5),
(102, 5),
(201, 5),
(202, 5),
(203, 5),
(102, 6),
(103, 6),
(103, 1),
(104, 1),
(201, 6),
(202, 6),
(203, 1),
(203, 6),
(204, 1),
(101, 6),
(101, 7),
(102, 7),
(103, 2),
(201, 7),
(202, 7),
(203, 7),
(203, 2),
(204, 2),
(101, 8),
(101, 108),
(102, 8),
(103, 107),
(103, 7),
(104, 107),
(201, 8),
(202, 106),
(202, 8),
(202, 110),
(203, 109),
(203, 111),
(203, 8),
(204, 112),
(203, 110),
(101, 102),
(101, 103),
(102, 104),
(103, 101),
(103, 3),
(103, 102),
(104, 2),
(104, 4),
(104, 105),
(105, 5),
(105, 105),
(106, 4),
(106, 107),
(107, 4),
(107, 105),
(108, 1),
(108, 3),
(203, 106),
(204, 7),
(205, 3),
(205, 10),
(206, 4),
(206, 106),
(207, 11);

-- ============================================================
-- 19. ASIGNACIONES
-- ============================================================
INSERT INTO asignacion (asig_id, instructor_inst_id, asig_fecha_ini, asig_fecha_fin, ficha_fich_id, ambiente_amb_id, competencia_comp_id) VALUES 
(1, 101, '2025-09-01 10:00:00', '2025-09-28 12:00:00', 2750001, 'C101', 1),
(2, 101, '2025-09-01 14:00:00', '2025-09-28 16:00:00', 2750002, 'C101', 1),
(3, 101, '2025-09-01 08:00:00', '2025-09-28 10:00:00', 2750005, 'C101', 1),
(4, 101, '2025-09-01 12:00:00', '2025-09-28 14:00:00', 2750006, 'C101', 1),
(5, 102, '2025-09-01 10:00:00', '2025-09-28 12:00:00', 2750010, 'C102', 1),
(6, 201, '2025-09-01 06:00:00', '2025-09-28 08:00:00', 2750013, 'P301', 1),
(7, 201, '2025-09-01 08:00:00', '2025-09-28 10:00:00', 2750020, 'P301', 1),
(8, 201, '2025-09-01 14:00:00', '2025-09-28 16:00:00', 2750014, 'P301', 1),
(9, 201, '2025-09-01 10:00:00', '2025-09-28 12:00:00', 2750017, 'P301', 1),
(10, 202, '2025-09-01 14:00:00', '2025-09-28 16:00:00', 2750021, 'P302', 1),
(11, 101, '2025-10-06 08:00:00', '2025-11-02 10:00:00', 2750001, 'C101', 2),
(12, 101, '2025-10-06 16:00:00', '2025-11-02 18:00:00', 2750002, 'C101', 2),
(13, 101, '2025-10-06 10:00:00', '2025-11-02 12:00:00', 2750005, 'C101', 2),
(14, 102, '2025-10-06 16:00:00', '2025-11-02 18:00:00', 2750006, 'C102', 2),
(15, 102, '2025-10-06 10:00:00', '2025-11-02 12:00:00', 2750010, 'C102', 2),
(16, 201, '2025-10-06 08:00:00', '2025-11-02 10:00:00', 2750013, 'P301', 2),
(17, 201, '2025-10-06 06:00:00', '2025-11-02 08:00:00', 2750020, 'P301', 2),
(18, 201, '2025-10-06 12:00:00', '2025-11-02 14:00:00', 2750014, 'P301', 2),
(19, 202, '2025-10-06 06:00:00', '2025-11-02 08:00:00', 2750017, 'P302', 2),
(20, 201, '2025-10-06 14:00:00', '2025-11-02 16:00:00', 2750021, 'P301', 2),
(21, 101, '2025-11-03 10:00:00', '2025-11-30 12:00:00', 2750001, 'C101', 101),
(22, 101, '2025-11-03 16:00:00', '2025-11-30 18:00:00', 2750002, 'C101', 104),
(23, 102, '2025-11-03 10:00:00', '2025-11-30 12:00:00', 2750005, 'C102', 105),
(24, 101, '2025-11-03 14:00:00', '2025-11-30 16:00:00', 2750006, 'C101', 105),
(25, 101, '2025-11-03 08:00:00', '2025-11-30 10:00:00', 2750010, 'C101', 107),
(26, 201, '2025-11-03 08:00:00', '2025-11-30 10:00:00', 2750013, 'P301', 106),
(27, 201, '2025-11-03 06:00:00', '2025-11-30 08:00:00', 2750020, 'P301', 106),
(28, 201, '2025-11-03 14:00:00', '2025-11-30 16:00:00', 2750014, 'P301', 109),
(29, 201, '2025-11-03 10:00:00', '2025-11-30 12:00:00', 2750017, 'P301', 110),
(30, 202, '2025-11-03 14:00:00', '2025-11-30 16:00:00', 2750021, 'P302', 111),
(31, 101, '2025-12-01 10:00:00', '2025-12-28 12:00:00', 2750001, 'C101', 3),
(32, 101, '2025-12-01 16:00:00', '2025-12-28 18:00:00', 2750002, 'C101', 3),
(33, 101, '2025-12-01 08:00:00', '2025-12-28 10:00:00', 2750005, 'C101', 3),
(34, 101, '2025-12-01 14:00:00', '2025-12-28 16:00:00', 2750006, 'C101', 3),
(35, 102, '2025-12-01 06:00:00', '2025-12-28 08:00:00', 2750010, 'C101', 3),
(36, 201, '2025-12-01 10:00:00', '2025-12-28 12:00:00', 2750013, 'P301', 3),
(37, 201, '2025-12-01 08:00:00', '2025-12-28 10:00:00', 2750020, 'P301', 3),
(38, 201, '2025-12-01 12:00:00', '2025-12-28 14:00:00', 2750014, 'P301', 3),
(39, 201, '2025-12-01 06:00:00', '2025-12-28 08:00:00', 2750017, 'P301', 3),
(40, 202, '2025-12-01 12:00:00', '2025-12-28 14:00:00', 2750021, 'P302', 3),
(41, 101, '2026-01-05 08:00:00', '2026-02-01 10:00:00', 2750001, 'C101', 4),
(42, 101, '2026-01-05 14:00:00', '2026-02-01 16:00:00', 2750002, 'C101', 4),
(43, 101, '2026-01-05 10:00:00', '2026-02-01 12:00:00', 2750005, 'C101', 4),
(44, 102, '2026-01-05 14:00:00', '2026-02-01 16:00:00', 2750006, 'C102', 4),
(45, 102, '2026-01-05 10:00:00', '2026-02-01 12:00:00', 2750010, 'C102', 4),
(46, 201, '2026-01-05 06:00:00', '2026-02-01 08:00:00', 2750013, 'P301', 4),
(47, 201, '2026-01-05 08:00:00', '2026-02-01 10:00:00', 2750020, 'P301', 4),
(48, 201, '2026-01-05 12:00:00', '2026-02-01 14:00:00', 2750014, 'P301', 4),
(49, 201, '2026-01-05 10:00:00', '2026-02-01 12:00:00', 2750017, 'P301', 4),
(50, 202, '2026-01-05 16:00:00', '2026-02-01 18:00:00', 2750021, 'P301', 4),
(51, 101, '2026-02-02 08:00:00', '2026-03-01 10:00:00', 2750001, 'C101', 5),
(52, 101, '2026-02-02 12:00:00', '2026-03-01 14:00:00', 2750002, 'C101', 5),
(53, 101, '2026-02-02 10:00:00', '2026-03-01 12:00:00', 2750005, 'C101', 5),
(54, 101, '2026-02-02 14:00:00', '2026-03-01 16:00:00', 2750006, 'C101', 5),
(55, 102, '2026-02-02 10:00:00', '2026-03-01 12:00:00', 2750010, 'C102', 5),
(56, 201, '2026-02-02 06:00:00', '2026-03-01 08:00:00', 2750013, 'P301', 5),
(57, 202, '2026-02-02 06:00:00', '2026-03-01 08:00:00', 2750020, 'P302', 5),
(58, 201, '2026-02-02 12:00:00', '2026-03-01 14:00:00', 2750014, 'P301', 5),
(59, 203, '2026-02-02 06:00:00', '2026-03-01 08:00:00', 2750017, 'P303', 5),
(60, 201, '2026-02-02 16:00:00', '2026-03-01 18:00:00', 2750021, 'P301', 5),
(61, 101, '2026-03-02 06:00:00', '2026-03-29 08:00:00', 2750001, 'C101', 1),
(62, 101, '2026-03-02 08:00:00', '2026-03-29 10:00:00', 2750008, 'C101', 2),
(63, 101, '2026-03-02 10:00:00', '2026-03-29 12:00:00', 2750010, 'C101', 3),
(64, 101, '2026-03-02 12:00:00', '2026-03-29 14:00:00', 2750009, 'C101', 4),
(65, 102, '2026-03-02 14:00:00', '2026-03-29 16:00:00', 2750002, 'C101', 6),
(66, 102, '2026-03-02 18:00:00', '2026-03-29 20:00:00', 2750003, 'C101', 1),
(67, 102, '2026-03-02 08:00:00', '2026-03-29 10:00:00', 2750004, 'C102', 1),
(68, 102, '2026-03-02 06:00:00', '2026-03-29 08:00:00', 2750005, 'C102', 6),
(69, 103, '2026-03-02 14:00:00', '2026-03-29 16:00:00', 2750006, 'C102', 6),
(70, 103, '2026-03-02 18:00:00', '2026-03-29 20:00:00', 2750007, 'C102', 1),
(71, 104, '2026-03-02 14:00:00', '2026-03-29 16:00:00', 2750011, 'C103', 1),
(72, 103, '2026-03-02 20:00:00', '2026-03-29 22:00:00', 2750012, 'C101', 1),
(73, 201, '2026-03-02 08:00:00', '2026-03-29 10:00:00', 2750013, 'P301', 6),
(74, 201, '2026-03-02 18:00:00', '2026-03-29 20:00:00', 2750015, 'P301', 1),
(75, 202, '2026-03-02 08:00:00', '2026-03-29 10:00:00', 2750020, 'P302', 6),
(76, 201, '2026-03-02 20:00:00', '2026-03-29 22:00:00', 2750022, 'P301', 1),
(77, 201, '2026-03-02 06:00:00', '2026-03-29 08:00:00', 2750025, 'P301', 1),
(78, 202, '2026-03-02 12:00:00', '2026-03-29 14:00:00', 2750014, 'P301', 6),
(79, 202, '2026-03-02 06:00:00', '2026-03-29 08:00:00', 2750017, 'P302', 6),
(80, 202, '2026-03-02 14:00:00', '2026-03-29 16:00:00', 2750018, 'P301', 1),
(81, 203, '2026-03-02 06:00:00', '2026-03-29 08:00:00', 2750019, 'P303', 1),
(82, 203, '2026-03-02 12:00:00', '2026-03-29 14:00:00', 2750016, 'P302', 1),
(83, 203, '2026-03-02 14:00:00', '2026-03-29 16:00:00', 2750021, 'P302', 6),
(84, 203, '2026-03-02 10:00:00', '2026-03-29 12:00:00', 2750023, 'P301', 1),
(85, 204, '2026-03-02 12:00:00', '2026-03-29 14:00:00', 2750024, 'P303', 1),
(86, 101, '2026-04-06 10:00:00', '2026-05-03 12:00:00', 2750001, 'C101', 6),
(87, 101, '2026-04-06 14:00:00', '2026-05-03 16:00:00', 2750002, 'C101', 7),
(88, 101, '2026-04-06 18:00:00', '2026-05-03 20:00:00', 2750003, 'C101', 2),
(89, 101, '2026-04-06 06:00:00', '2026-05-03 08:00:00', 2750004, 'C101', 2),
(90, 102, '2026-04-06 10:00:00', '2026-05-03 12:00:00', 2750005, 'C102', 7),
(91, 102, '2026-04-06 12:00:00', '2026-05-03 14:00:00', 2750006, 'C101', 7),
(92, 103, '2026-04-06 10:00:00', '2026-05-03 12:00:00', 2750008, 'C103', 1),
(93, 102, '2026-04-06 08:00:00', '2026-05-03 10:00:00', 2750009, 'C101', 1),
(94, 102, '2026-04-06 18:00:00', '2026-05-03 20:00:00', 2750007, 'C102', 2),
(95, 103, '2026-04-06 06:00:00', '2026-05-03 08:00:00', 2750010, 'C102', 6),
(96, 103, '2026-04-06 16:00:00', '2026-05-03 18:00:00', 2750011, 'C101', 2),
(97, 103, '2026-04-06 20:00:00', '2026-05-03 22:00:00', 2750012, 'C101', 2),
(98, 201, '2026-04-06 10:00:00', '2026-05-03 12:00:00', 2750013, 'P301', 7),
(99, 201, '2026-04-06 20:00:00', '2026-05-03 22:00:00', 2750015, 'P301', 2),
(100, 202, '2026-04-06 10:00:00', '2026-05-03 12:00:00', 2750020, 'P302', 7),
(101, 201, '2026-04-06 18:00:00', '2026-05-03 20:00:00', 2750022, 'P301', 2),
(102, 201, '2026-04-06 06:00:00', '2026-05-03 08:00:00', 2750025, 'P301', 2),
(103, 202, '2026-04-06 14:00:00', '2026-05-03 16:00:00', 2750014, 'P301', 7),
(104, 203, '2026-04-06 10:00:00', '2026-05-03 12:00:00', 2750017, 'P303', 7),
(105, 202, '2026-04-06 16:00:00', '2026-05-03 18:00:00', 2750018, 'P301', 2),
(106, 202, '2026-04-06 20:00:00', '2026-05-03 22:00:00', 2750019, 'P302', 2),
(107, 203, '2026-04-06 08:00:00', '2026-05-03 10:00:00', 2750016, 'P301', 2),
(108, 203, '2026-04-06 14:00:00', '2026-05-03 16:00:00', 2750021, 'P302', 7),
(109, 204, '2026-04-06 10:00:00', '2026-05-03 12:00:00', 2750023, 'P304', 2),
(110, 203, '2026-04-06 12:00:00', '2026-05-03 14:00:00', 2750024, 'P301', 2),
(111, 101, '2026-05-04 06:00:00', '2026-05-31 08:00:00', 2750001, 'C101', 7),
(112, 101, '2026-05-04 14:00:00', '2026-05-31 16:00:00', 2750002, 'C101', 8),
(113, 101, '2026-05-04 20:00:00', '2026-05-31 22:00:00', 2750003, 'C101', 101),
(114, 101, '2026-05-04 12:00:00', '2026-05-31 14:00:00', 2750004, 'C101', 108),
(115, 102, '2026-05-04 08:00:00', '2026-05-31 10:00:00', 2750005, 'C101', 8),
(116, 102, '2026-05-04 12:00:00', '2026-05-31 14:00:00', 2750006, 'C102', 8),
(117, 102, '2026-05-04 06:00:00', '2026-05-31 08:00:00', 2750008, 'C102', 105),
(118, 102, '2026-05-04 16:00:00', '2026-05-31 18:00:00', 2750009, 'C101', 105),
(119, 103, '2026-05-04 18:00:00', '2026-05-31 20:00:00', 2750007, 'C101', 107),
(120, 103, '2026-05-04 06:00:00', '2026-05-31 08:00:00', 2750010, 'C103', 7),
(121, 103, '2026-05-04 14:00:00', '2026-05-31 16:00:00', 2750011, 'C102', 107),
(122, 104, '2026-05-04 18:00:00', '2026-05-31 20:00:00', 2750012, 'C102', 107),
(123, 201, '2026-05-04 10:00:00', '2026-05-31 12:00:00', 2750013, 'P301', 8),
(124, 201, '2026-05-04 18:00:00', '2026-05-31 20:00:00', 2750015, 'P301', 106),
(125, 201, '2026-05-04 08:00:00', '2026-05-31 10:00:00', 2750020, 'P301', 8),
(126, 201, '2026-05-04 20:00:00', '2026-05-31 22:00:00', 2750022, 'P301', 106),
(127, 202, '2026-05-04 18:00:00', '2026-05-31 20:00:00', 2750025, 'P302', 106),
(128, 202, '2026-05-04 14:00:00', '2026-05-31 16:00:00', 2750014, 'P301', 8),
(129, 202, '2026-05-04 10:00:00', '2026-05-31 12:00:00', 2750017, 'P302', 8),
(130, 202, '2026-05-04 12:00:00', '2026-05-31 14:00:00', 2750018, 'P301', 110),
(131, 203, '2026-05-04 10:00:00', '2026-05-31 12:00:00', 2750019, 'P303', 109),
(132, 203, '2026-05-04 08:00:00', '2026-05-31 10:00:00', 2750016, 'P302', 111),
(133, 203, '2026-05-04 16:00:00', '2026-05-31 18:00:00', 2750021, 'P301', 8),
(134, 204, '2026-05-04 10:00:00', '2026-05-31 12:00:00', 2750023, 'P304', 112),
(135, 203, '2026-05-04 14:00:00', '2026-05-31 16:00:00', 2750024, 'P302', 110);

-- ============================================================
-- 20. DETALLES DE ASIGNACIÓN (GENERADOS AUTOMÁTICAMENTE)
-- ============================================================
INSERT INTO detallexasignacion (asignacion_asig_id, detasig_fecha, detasig_hora_ini, detasig_hora_fin) VALUES 
(1, '2025-09-01', '10:00:00', '12:00:00'),
(1, '2025-09-02', '10:00:00', '12:00:00'),
(1, '2025-09-03', '10:00:00', '12:00:00'),
(1, '2025-09-04', '10:00:00', '12:00:00'),
(1, '2025-09-05', '10:00:00', '12:00:00'),
(1, '2025-09-06', '10:00:00', '12:00:00'),
(1, '2025-09-08', '10:00:00', '12:00:00'),
(1, '2025-09-09', '10:00:00', '12:00:00'),
(1, '2025-09-10', '10:00:00', '12:00:00'),
(1, '2025-09-11', '10:00:00', '12:00:00'),
(1, '2025-09-12', '10:00:00', '12:00:00'),
(1, '2025-09-13', '10:00:00', '12:00:00'),
(1, '2025-09-15', '10:00:00', '12:00:00'),
(1, '2025-09-16', '10:00:00', '12:00:00'),
(1, '2025-09-17', '10:00:00', '12:00:00'),
(1, '2025-09-18', '10:00:00', '12:00:00'),
(1, '2025-09-19', '10:00:00', '12:00:00'),
(1, '2025-09-20', '10:00:00', '12:00:00'),
(1, '2025-09-22', '10:00:00', '12:00:00'),
(1, '2025-09-23', '10:00:00', '12:00:00'),
(1, '2025-09-24', '10:00:00', '12:00:00'),
(1, '2025-09-25', '10:00:00', '12:00:00'),
(1, '2025-09-26', '10:00:00', '12:00:00'),
(1, '2025-09-27', '10:00:00', '12:00:00'),
(2, '2025-09-01', '14:00:00', '16:00:00'),
(2, '2025-09-02', '14:00:00', '16:00:00'),
(2, '2025-09-03', '14:00:00', '16:00:00'),
(2, '2025-09-04', '14:00:00', '16:00:00'),
(2, '2025-09-05', '14:00:00', '16:00:00'),
(2, '2025-09-06', '14:00:00', '16:00:00'),
(2, '2025-09-08', '14:00:00', '16:00:00'),
(2, '2025-09-09', '14:00:00', '16:00:00'),
(2, '2025-09-10', '14:00:00', '16:00:00'),
(2, '2025-09-11', '14:00:00', '16:00:00'),
(2, '2025-09-12', '14:00:00', '16:00:00'),
(2, '2025-09-13', '14:00:00', '16:00:00'),
(2, '2025-09-15', '14:00:00', '16:00:00'),
(2, '2025-09-16', '14:00:00', '16:00:00'),
(2, '2025-09-17', '14:00:00', '16:00:00'),
(2, '2025-09-18', '14:00:00', '16:00:00'),
(2, '2025-09-19', '14:00:00', '16:00:00'),
(2, '2025-09-20', '14:00:00', '16:00:00'),
(2, '2025-09-22', '14:00:00', '16:00:00'),
(2, '2025-09-23', '14:00:00', '16:00:00'),
(2, '2025-09-24', '14:00:00', '16:00:00'),
(2, '2025-09-25', '14:00:00', '16:00:00'),
(2, '2025-09-26', '14:00:00', '16:00:00'),
(2, '2025-09-27', '14:00:00', '16:00:00'),
(3, '2025-09-01', '08:00:00', '10:00:00'),
(3, '2025-09-02', '08:00:00', '10:00:00'),
(3, '2025-09-03', '08:00:00', '10:00:00'),
(3, '2025-09-04', '08:00:00', '10:00:00'),
(3, '2025-09-05', '08:00:00', '10:00:00'),
(3, '2025-09-06', '08:00:00', '10:00:00'),
(3, '2025-09-08', '08:00:00', '10:00:00'),
(3, '2025-09-09', '08:00:00', '10:00:00'),
(3, '2025-09-10', '08:00:00', '10:00:00'),
(3, '2025-09-11', '08:00:00', '10:00:00'),
(3, '2025-09-12', '08:00:00', '10:00:00'),
(3, '2025-09-13', '08:00:00', '10:00:00'),
(3, '2025-09-15', '08:00:00', '10:00:00'),
(3, '2025-09-16', '08:00:00', '10:00:00'),
(3, '2025-09-17', '08:00:00', '10:00:00'),
(3, '2025-09-18', '08:00:00', '10:00:00'),
(3, '2025-09-19', '08:00:00', '10:00:00'),
(3, '2025-09-20', '08:00:00', '10:00:00'),
(3, '2025-09-22', '08:00:00', '10:00:00'),
(3, '2025-09-23', '08:00:00', '10:00:00'),
(3, '2025-09-24', '08:00:00', '10:00:00'),
(3, '2025-09-25', '08:00:00', '10:00:00'),
(3, '2025-09-26', '08:00:00', '10:00:00'),
(3, '2025-09-27', '08:00:00', '10:00:00'),
(4, '2025-09-01', '12:00:00', '14:00:00'),
(4, '2025-09-02', '12:00:00', '14:00:00'),
(4, '2025-09-03', '12:00:00', '14:00:00'),
(4, '2025-09-04', '12:00:00', '14:00:00'),
(4, '2025-09-05', '12:00:00', '14:00:00'),
(4, '2025-09-06', '12:00:00', '14:00:00'),
(4, '2025-09-08', '12:00:00', '14:00:00'),
(4, '2025-09-09', '12:00:00', '14:00:00'),
(4, '2025-09-10', '12:00:00', '14:00:00'),
(4, '2025-09-11', '12:00:00', '14:00:00'),
(4, '2025-09-12', '12:00:00', '14:00:00'),
(4, '2025-09-13', '12:00:00', '14:00:00'),
(4, '2025-09-15', '12:00:00', '14:00:00'),
(4, '2025-09-16', '12:00:00', '14:00:00'),
(4, '2025-09-17', '12:00:00', '14:00:00'),
(4, '2025-09-18', '12:00:00', '14:00:00'),
(4, '2025-09-19', '12:00:00', '14:00:00'),
(4, '2025-09-20', '12:00:00', '14:00:00'),
(4, '2025-09-22', '12:00:00', '14:00:00'),
(4, '2025-09-23', '12:00:00', '14:00:00'),
(4, '2025-09-24', '12:00:00', '14:00:00'),
(4, '2025-09-25', '12:00:00', '14:00:00'),
(4, '2025-09-26', '12:00:00', '14:00:00'),
(4, '2025-09-27', '12:00:00', '14:00:00'),
(5, '2025-09-01', '10:00:00', '12:00:00'),
(5, '2025-09-02', '10:00:00', '12:00:00'),
(5, '2025-09-03', '10:00:00', '12:00:00'),
(5, '2025-09-04', '10:00:00', '12:00:00'),
(5, '2025-09-05', '10:00:00', '12:00:00'),
(5, '2025-09-06', '10:00:00', '12:00:00'),
(5, '2025-09-08', '10:00:00', '12:00:00'),
(5, '2025-09-09', '10:00:00', '12:00:00'),
(5, '2025-09-10', '10:00:00', '12:00:00'),
(5, '2025-09-11', '10:00:00', '12:00:00'),
(5, '2025-09-12', '10:00:00', '12:00:00'),
(5, '2025-09-13', '10:00:00', '12:00:00'),
(5, '2025-09-15', '10:00:00', '12:00:00'),
(5, '2025-09-16', '10:00:00', '12:00:00'),
(5, '2025-09-17', '10:00:00', '12:00:00'),
(5, '2025-09-18', '10:00:00', '12:00:00'),
(5, '2025-09-19', '10:00:00', '12:00:00'),
(5, '2025-09-20', '10:00:00', '12:00:00'),
(5, '2025-09-22', '10:00:00', '12:00:00'),
(5, '2025-09-23', '10:00:00', '12:00:00'),
(5, '2025-09-24', '10:00:00', '12:00:00'),
(5, '2025-09-25', '10:00:00', '12:00:00'),
(5, '2025-09-26', '10:00:00', '12:00:00'),
(5, '2025-09-27', '10:00:00', '12:00:00'),
(6, '2025-09-01', '06:00:00', '08:00:00'),
(6, '2025-09-02', '06:00:00', '08:00:00'),
(6, '2025-09-03', '06:00:00', '08:00:00'),
(6, '2025-09-04', '06:00:00', '08:00:00'),
(6, '2025-09-05', '06:00:00', '08:00:00'),
(6, '2025-09-06', '06:00:00', '08:00:00'),
(6, '2025-09-08', '06:00:00', '08:00:00'),
(6, '2025-09-09', '06:00:00', '08:00:00'),
(6, '2025-09-10', '06:00:00', '08:00:00'),
(6, '2025-09-11', '06:00:00', '08:00:00'),
(6, '2025-09-12', '06:00:00', '08:00:00'),
(6, '2025-09-13', '06:00:00', '08:00:00'),
(6, '2025-09-15', '06:00:00', '08:00:00'),
(6, '2025-09-16', '06:00:00', '08:00:00'),
(6, '2025-09-17', '06:00:00', '08:00:00'),
(6, '2025-09-18', '06:00:00', '08:00:00'),
(6, '2025-09-19', '06:00:00', '08:00:00'),
(6, '2025-09-20', '06:00:00', '08:00:00'),
(6, '2025-09-22', '06:00:00', '08:00:00'),
(6, '2025-09-23', '06:00:00', '08:00:00'),
(6, '2025-09-24', '06:00:00', '08:00:00'),
(6, '2025-09-25', '06:00:00', '08:00:00'),
(6, '2025-09-26', '06:00:00', '08:00:00'),
(6, '2025-09-27', '06:00:00', '08:00:00'),
(7, '2025-09-01', '08:00:00', '10:00:00'),
(7, '2025-09-02', '08:00:00', '10:00:00'),
(7, '2025-09-03', '08:00:00', '10:00:00'),
(7, '2025-09-04', '08:00:00', '10:00:00'),
(7, '2025-09-05', '08:00:00', '10:00:00'),
(7, '2025-09-06', '08:00:00', '10:00:00'),
(7, '2025-09-08', '08:00:00', '10:00:00'),
(7, '2025-09-09', '08:00:00', '10:00:00'),
(7, '2025-09-10', '08:00:00', '10:00:00'),
(7, '2025-09-11', '08:00:00', '10:00:00'),
(7, '2025-09-12', '08:00:00', '10:00:00'),
(7, '2025-09-13', '08:00:00', '10:00:00'),
(7, '2025-09-15', '08:00:00', '10:00:00'),
(7, '2025-09-16', '08:00:00', '10:00:00'),
(7, '2025-09-17', '08:00:00', '10:00:00'),
(7, '2025-09-18', '08:00:00', '10:00:00'),
(7, '2025-09-19', '08:00:00', '10:00:00'),
(7, '2025-09-20', '08:00:00', '10:00:00'),
(7, '2025-09-22', '08:00:00', '10:00:00'),
(7, '2025-09-23', '08:00:00', '10:00:00'),
(7, '2025-09-24', '08:00:00', '10:00:00'),
(7, '2025-09-25', '08:00:00', '10:00:00'),
(7, '2025-09-26', '08:00:00', '10:00:00'),
(7, '2025-09-27', '08:00:00', '10:00:00'),
(8, '2025-09-01', '14:00:00', '16:00:00'),
(8, '2025-09-02', '14:00:00', '16:00:00'),
(8, '2025-09-03', '14:00:00', '16:00:00'),
(8, '2025-09-04', '14:00:00', '16:00:00'),
(8, '2025-09-05', '14:00:00', '16:00:00'),
(8, '2025-09-06', '14:00:00', '16:00:00'),
(8, '2025-09-08', '14:00:00', '16:00:00'),
(8, '2025-09-09', '14:00:00', '16:00:00'),
(8, '2025-09-10', '14:00:00', '16:00:00'),
(8, '2025-09-11', '14:00:00', '16:00:00'),
(8, '2025-09-12', '14:00:00', '16:00:00'),
(8, '2025-09-13', '14:00:00', '16:00:00'),
(8, '2025-09-15', '14:00:00', '16:00:00'),
(8, '2025-09-16', '14:00:00', '16:00:00'),
(8, '2025-09-17', '14:00:00', '16:00:00'),
(8, '2025-09-18', '14:00:00', '16:00:00'),
(8, '2025-09-19', '14:00:00', '16:00:00'),
(8, '2025-09-20', '14:00:00', '16:00:00'),
(8, '2025-09-22', '14:00:00', '16:00:00'),
(8, '2025-09-23', '14:00:00', '16:00:00'),
(8, '2025-09-24', '14:00:00', '16:00:00'),
(8, '2025-09-25', '14:00:00', '16:00:00'),
(8, '2025-09-26', '14:00:00', '16:00:00'),
(8, '2025-09-27', '14:00:00', '16:00:00'),
(9, '2025-09-01', '10:00:00', '12:00:00'),
(9, '2025-09-02', '10:00:00', '12:00:00'),
(9, '2025-09-03', '10:00:00', '12:00:00'),
(9, '2025-09-04', '10:00:00', '12:00:00'),
(9, '2025-09-05', '10:00:00', '12:00:00'),
(9, '2025-09-06', '10:00:00', '12:00:00'),
(9, '2025-09-08', '10:00:00', '12:00:00'),
(9, '2025-09-09', '10:00:00', '12:00:00'),
(9, '2025-09-10', '10:00:00', '12:00:00'),
(9, '2025-09-11', '10:00:00', '12:00:00'),
(9, '2025-09-12', '10:00:00', '12:00:00'),
(9, '2025-09-13', '10:00:00', '12:00:00'),
(9, '2025-09-15', '10:00:00', '12:00:00'),
(9, '2025-09-16', '10:00:00', '12:00:00'),
(9, '2025-09-17', '10:00:00', '12:00:00'),
(9, '2025-09-18', '10:00:00', '12:00:00'),
(9, '2025-09-19', '10:00:00', '12:00:00'),
(9, '2025-09-20', '10:00:00', '12:00:00'),
(9, '2025-09-22', '10:00:00', '12:00:00'),
(9, '2025-09-23', '10:00:00', '12:00:00'),
(9, '2025-09-24', '10:00:00', '12:00:00'),
(9, '2025-09-25', '10:00:00', '12:00:00'),
(9, '2025-09-26', '10:00:00', '12:00:00'),
(9, '2025-09-27', '10:00:00', '12:00:00'),
(10, '2025-09-01', '14:00:00', '16:00:00'),
(10, '2025-09-02', '14:00:00', '16:00:00'),
(10, '2025-09-03', '14:00:00', '16:00:00'),
(10, '2025-09-04', '14:00:00', '16:00:00'),
(10, '2025-09-05', '14:00:00', '16:00:00'),
(10, '2025-09-06', '14:00:00', '16:00:00'),
(10, '2025-09-08', '14:00:00', '16:00:00'),
(10, '2025-09-09', '14:00:00', '16:00:00'),
(10, '2025-09-10', '14:00:00', '16:00:00'),
(10, '2025-09-11', '14:00:00', '16:00:00'),
(10, '2025-09-12', '14:00:00', '16:00:00'),
(10, '2025-09-13', '14:00:00', '16:00:00'),
(10, '2025-09-15', '14:00:00', '16:00:00'),
(10, '2025-09-16', '14:00:00', '16:00:00'),
(10, '2025-09-17', '14:00:00', '16:00:00'),
(10, '2025-09-18', '14:00:00', '16:00:00'),
(10, '2025-09-19', '14:00:00', '16:00:00'),
(10, '2025-09-20', '14:00:00', '16:00:00'),
(10, '2025-09-22', '14:00:00', '16:00:00'),
(10, '2025-09-23', '14:00:00', '16:00:00'),
(10, '2025-09-24', '14:00:00', '16:00:00'),
(10, '2025-09-25', '14:00:00', '16:00:00'),
(10, '2025-09-26', '14:00:00', '16:00:00'),
(10, '2025-09-27', '14:00:00', '16:00:00'),
(11, '2025-10-06', '08:00:00', '10:00:00'),
(11, '2025-10-07', '08:00:00', '10:00:00'),
(11, '2025-10-08', '08:00:00', '10:00:00'),
(11, '2025-10-09', '08:00:00', '10:00:00'),
(11, '2025-10-10', '08:00:00', '10:00:00'),
(11, '2025-10-11', '08:00:00', '10:00:00'),
(11, '2025-10-13', '08:00:00', '10:00:00'),
(11, '2025-10-14', '08:00:00', '10:00:00'),
(11, '2025-10-15', '08:00:00', '10:00:00'),
(11, '2025-10-16', '08:00:00', '10:00:00'),
(11, '2025-10-17', '08:00:00', '10:00:00'),
(11, '2025-10-18', '08:00:00', '10:00:00'),
(11, '2025-10-20', '08:00:00', '10:00:00'),
(11, '2025-10-21', '08:00:00', '10:00:00'),
(11, '2025-10-22', '08:00:00', '10:00:00'),
(11, '2025-10-23', '08:00:00', '10:00:00'),
(11, '2025-10-24', '08:00:00', '10:00:00'),
(11, '2025-10-25', '08:00:00', '10:00:00'),
(11, '2025-10-27', '08:00:00', '10:00:00'),
(11, '2025-10-28', '08:00:00', '10:00:00'),
(11, '2025-10-29', '08:00:00', '10:00:00'),
(11, '2025-10-30', '08:00:00', '10:00:00'),
(11, '2025-10-31', '08:00:00', '10:00:00'),
(11, '2025-11-01', '08:00:00', '10:00:00'),
(12, '2025-10-06', '16:00:00', '18:00:00'),
(12, '2025-10-07', '16:00:00', '18:00:00'),
(12, '2025-10-08', '16:00:00', '18:00:00'),
(12, '2025-10-09', '16:00:00', '18:00:00'),
(12, '2025-10-10', '16:00:00', '18:00:00'),
(12, '2025-10-11', '16:00:00', '18:00:00'),
(12, '2025-10-13', '16:00:00', '18:00:00'),
(12, '2025-10-14', '16:00:00', '18:00:00'),
(12, '2025-10-15', '16:00:00', '18:00:00'),
(12, '2025-10-16', '16:00:00', '18:00:00'),
(12, '2025-10-17', '16:00:00', '18:00:00'),
(12, '2025-10-18', '16:00:00', '18:00:00'),
(12, '2025-10-20', '16:00:00', '18:00:00'),
(12, '2025-10-21', '16:00:00', '18:00:00'),
(12, '2025-10-22', '16:00:00', '18:00:00'),
(12, '2025-10-23', '16:00:00', '18:00:00'),
(12, '2025-10-24', '16:00:00', '18:00:00'),
(12, '2025-10-25', '16:00:00', '18:00:00'),
(12, '2025-10-27', '16:00:00', '18:00:00'),
(12, '2025-10-28', '16:00:00', '18:00:00'),
(12, '2025-10-29', '16:00:00', '18:00:00'),
(12, '2025-10-30', '16:00:00', '18:00:00'),
(12, '2025-10-31', '16:00:00', '18:00:00'),
(12, '2025-11-01', '16:00:00', '18:00:00'),
(13, '2025-10-06', '10:00:00', '12:00:00'),
(13, '2025-10-07', '10:00:00', '12:00:00'),
(13, '2025-10-08', '10:00:00', '12:00:00'),
(13, '2025-10-09', '10:00:00', '12:00:00'),
(13, '2025-10-10', '10:00:00', '12:00:00'),
(13, '2025-10-11', '10:00:00', '12:00:00'),
(13, '2025-10-13', '10:00:00', '12:00:00'),
(13, '2025-10-14', '10:00:00', '12:00:00'),
(13, '2025-10-15', '10:00:00', '12:00:00'),
(13, '2025-10-16', '10:00:00', '12:00:00'),
(13, '2025-10-17', '10:00:00', '12:00:00'),
(13, '2025-10-18', '10:00:00', '12:00:00'),
(13, '2025-10-20', '10:00:00', '12:00:00'),
(13, '2025-10-21', '10:00:00', '12:00:00'),
(13, '2025-10-22', '10:00:00', '12:00:00'),
(13, '2025-10-23', '10:00:00', '12:00:00'),
(13, '2025-10-24', '10:00:00', '12:00:00'),
(13, '2025-10-25', '10:00:00', '12:00:00'),
(13, '2025-10-27', '10:00:00', '12:00:00'),
(13, '2025-10-28', '10:00:00', '12:00:00'),
(13, '2025-10-29', '10:00:00', '12:00:00'),
(13, '2025-10-30', '10:00:00', '12:00:00'),
(13, '2025-10-31', '10:00:00', '12:00:00'),
(13, '2025-11-01', '10:00:00', '12:00:00'),
(14, '2025-10-06', '16:00:00', '18:00:00'),
(14, '2025-10-07', '16:00:00', '18:00:00'),
(14, '2025-10-08', '16:00:00', '18:00:00'),
(14, '2025-10-09', '16:00:00', '18:00:00'),
(14, '2025-10-10', '16:00:00', '18:00:00'),
(14, '2025-10-11', '16:00:00', '18:00:00'),
(14, '2025-10-13', '16:00:00', '18:00:00'),
(14, '2025-10-14', '16:00:00', '18:00:00'),
(14, '2025-10-15', '16:00:00', '18:00:00'),
(14, '2025-10-16', '16:00:00', '18:00:00'),
(14, '2025-10-17', '16:00:00', '18:00:00'),
(14, '2025-10-18', '16:00:00', '18:00:00'),
(14, '2025-10-20', '16:00:00', '18:00:00'),
(14, '2025-10-21', '16:00:00', '18:00:00'),
(14, '2025-10-22', '16:00:00', '18:00:00'),
(14, '2025-10-23', '16:00:00', '18:00:00'),
(14, '2025-10-24', '16:00:00', '18:00:00'),
(14, '2025-10-25', '16:00:00', '18:00:00'),
(14, '2025-10-27', '16:00:00', '18:00:00'),
(14, '2025-10-28', '16:00:00', '18:00:00'),
(14, '2025-10-29', '16:00:00', '18:00:00'),
(14, '2025-10-30', '16:00:00', '18:00:00'),
(14, '2025-10-31', '16:00:00', '18:00:00'),
(14, '2025-11-01', '16:00:00', '18:00:00'),
(15, '2025-10-06', '10:00:00', '12:00:00'),
(15, '2025-10-07', '10:00:00', '12:00:00'),
(15, '2025-10-08', '10:00:00', '12:00:00'),
(15, '2025-10-09', '10:00:00', '12:00:00'),
(15, '2025-10-10', '10:00:00', '12:00:00'),
(15, '2025-10-11', '10:00:00', '12:00:00'),
(15, '2025-10-13', '10:00:00', '12:00:00'),
(15, '2025-10-14', '10:00:00', '12:00:00'),
(15, '2025-10-15', '10:00:00', '12:00:00'),
(15, '2025-10-16', '10:00:00', '12:00:00'),
(15, '2025-10-17', '10:00:00', '12:00:00'),
(15, '2025-10-18', '10:00:00', '12:00:00'),
(15, '2025-10-20', '10:00:00', '12:00:00'),
(15, '2025-10-21', '10:00:00', '12:00:00'),
(15, '2025-10-22', '10:00:00', '12:00:00'),
(15, '2025-10-23', '10:00:00', '12:00:00'),
(15, '2025-10-24', '10:00:00', '12:00:00'),
(15, '2025-10-25', '10:00:00', '12:00:00'),
(15, '2025-10-27', '10:00:00', '12:00:00'),
(15, '2025-10-28', '10:00:00', '12:00:00'),
(15, '2025-10-29', '10:00:00', '12:00:00'),
(15, '2025-10-30', '10:00:00', '12:00:00'),
(15, '2025-10-31', '10:00:00', '12:00:00'),
(15, '2025-11-01', '10:00:00', '12:00:00'),
(16, '2025-10-06', '08:00:00', '10:00:00'),
(16, '2025-10-07', '08:00:00', '10:00:00'),
(16, '2025-10-08', '08:00:00', '10:00:00'),
(16, '2025-10-09', '08:00:00', '10:00:00'),
(16, '2025-10-10', '08:00:00', '10:00:00'),
(16, '2025-10-11', '08:00:00', '10:00:00'),
(16, '2025-10-13', '08:00:00', '10:00:00'),
(16, '2025-10-14', '08:00:00', '10:00:00'),
(16, '2025-10-15', '08:00:00', '10:00:00'),
(16, '2025-10-16', '08:00:00', '10:00:00'),
(16, '2025-10-17', '08:00:00', '10:00:00'),
(16, '2025-10-18', '08:00:00', '10:00:00'),
(16, '2025-10-20', '08:00:00', '10:00:00'),
(16, '2025-10-21', '08:00:00', '10:00:00'),
(16, '2025-10-22', '08:00:00', '10:00:00'),
(16, '2025-10-23', '08:00:00', '10:00:00'),
(16, '2025-10-24', '08:00:00', '10:00:00'),
(16, '2025-10-25', '08:00:00', '10:00:00'),
(16, '2025-10-27', '08:00:00', '10:00:00'),
(16, '2025-10-28', '08:00:00', '10:00:00'),
(16, '2025-10-29', '08:00:00', '10:00:00'),
(16, '2025-10-30', '08:00:00', '10:00:00'),
(16, '2025-10-31', '08:00:00', '10:00:00'),
(16, '2025-11-01', '08:00:00', '10:00:00'),
(17, '2025-10-06', '06:00:00', '08:00:00'),
(17, '2025-10-07', '06:00:00', '08:00:00'),
(17, '2025-10-08', '06:00:00', '08:00:00'),
(17, '2025-10-09', '06:00:00', '08:00:00'),
(17, '2025-10-10', '06:00:00', '08:00:00'),
(17, '2025-10-11', '06:00:00', '08:00:00'),
(17, '2025-10-13', '06:00:00', '08:00:00'),
(17, '2025-10-14', '06:00:00', '08:00:00'),
(17, '2025-10-15', '06:00:00', '08:00:00'),
(17, '2025-10-16', '06:00:00', '08:00:00'),
(17, '2025-10-17', '06:00:00', '08:00:00'),
(17, '2025-10-18', '06:00:00', '08:00:00'),
(17, '2025-10-20', '06:00:00', '08:00:00'),
(17, '2025-10-21', '06:00:00', '08:00:00'),
(17, '2025-10-22', '06:00:00', '08:00:00'),
(17, '2025-10-23', '06:00:00', '08:00:00'),
(17, '2025-10-24', '06:00:00', '08:00:00'),
(17, '2025-10-25', '06:00:00', '08:00:00'),
(17, '2025-10-27', '06:00:00', '08:00:00'),
(17, '2025-10-28', '06:00:00', '08:00:00'),
(17, '2025-10-29', '06:00:00', '08:00:00'),
(17, '2025-10-30', '06:00:00', '08:00:00'),
(17, '2025-10-31', '06:00:00', '08:00:00'),
(17, '2025-11-01', '06:00:00', '08:00:00'),
(18, '2025-10-06', '12:00:00', '14:00:00'),
(18, '2025-10-07', '12:00:00', '14:00:00'),
(18, '2025-10-08', '12:00:00', '14:00:00'),
(18, '2025-10-09', '12:00:00', '14:00:00'),
(18, '2025-10-10', '12:00:00', '14:00:00'),
(18, '2025-10-11', '12:00:00', '14:00:00'),
(18, '2025-10-13', '12:00:00', '14:00:00'),
(18, '2025-10-14', '12:00:00', '14:00:00'),
(18, '2025-10-15', '12:00:00', '14:00:00'),
(18, '2025-10-16', '12:00:00', '14:00:00'),
(18, '2025-10-17', '12:00:00', '14:00:00'),
(18, '2025-10-18', '12:00:00', '14:00:00'),
(18, '2025-10-20', '12:00:00', '14:00:00'),
(18, '2025-10-21', '12:00:00', '14:00:00'),
(18, '2025-10-22', '12:00:00', '14:00:00'),
(18, '2025-10-23', '12:00:00', '14:00:00'),
(18, '2025-10-24', '12:00:00', '14:00:00'),
(18, '2025-10-25', '12:00:00', '14:00:00'),
(18, '2025-10-27', '12:00:00', '14:00:00'),
(18, '2025-10-28', '12:00:00', '14:00:00'),
(18, '2025-10-29', '12:00:00', '14:00:00'),
(18, '2025-10-30', '12:00:00', '14:00:00'),
(18, '2025-10-31', '12:00:00', '14:00:00'),
(18, '2025-11-01', '12:00:00', '14:00:00'),
(19, '2025-10-06', '06:00:00', '08:00:00'),
(19, '2025-10-07', '06:00:00', '08:00:00'),
(19, '2025-10-08', '06:00:00', '08:00:00'),
(19, '2025-10-09', '06:00:00', '08:00:00'),
(19, '2025-10-10', '06:00:00', '08:00:00'),
(19, '2025-10-11', '06:00:00', '08:00:00'),
(19, '2025-10-13', '06:00:00', '08:00:00'),
(19, '2025-10-14', '06:00:00', '08:00:00'),
(19, '2025-10-15', '06:00:00', '08:00:00'),
(19, '2025-10-16', '06:00:00', '08:00:00'),
(19, '2025-10-17', '06:00:00', '08:00:00'),
(19, '2025-10-18', '06:00:00', '08:00:00'),
(19, '2025-10-20', '06:00:00', '08:00:00'),
(19, '2025-10-21', '06:00:00', '08:00:00'),
(19, '2025-10-22', '06:00:00', '08:00:00'),
(19, '2025-10-23', '06:00:00', '08:00:00'),
(19, '2025-10-24', '06:00:00', '08:00:00'),
(19, '2025-10-25', '06:00:00', '08:00:00'),
(19, '2025-10-27', '06:00:00', '08:00:00'),
(19, '2025-10-28', '06:00:00', '08:00:00'),
(19, '2025-10-29', '06:00:00', '08:00:00'),
(19, '2025-10-30', '06:00:00', '08:00:00'),
(19, '2025-10-31', '06:00:00', '08:00:00'),
(19, '2025-11-01', '06:00:00', '08:00:00'),
(20, '2025-10-06', '14:00:00', '16:00:00'),
(20, '2025-10-07', '14:00:00', '16:00:00'),
(20, '2025-10-08', '14:00:00', '16:00:00'),
(20, '2025-10-09', '14:00:00', '16:00:00'),
(20, '2025-10-10', '14:00:00', '16:00:00'),
(20, '2025-10-11', '14:00:00', '16:00:00'),
(20, '2025-10-13', '14:00:00', '16:00:00'),
(20, '2025-10-14', '14:00:00', '16:00:00'),
(20, '2025-10-15', '14:00:00', '16:00:00'),
(20, '2025-10-16', '14:00:00', '16:00:00'),
(20, '2025-10-17', '14:00:00', '16:00:00'),
(20, '2025-10-18', '14:00:00', '16:00:00'),
(20, '2025-10-20', '14:00:00', '16:00:00'),
(20, '2025-10-21', '14:00:00', '16:00:00'),
(20, '2025-10-22', '14:00:00', '16:00:00'),
(20, '2025-10-23', '14:00:00', '16:00:00'),
(20, '2025-10-24', '14:00:00', '16:00:00'),
(20, '2025-10-25', '14:00:00', '16:00:00'),
(20, '2025-10-27', '14:00:00', '16:00:00'),
(20, '2025-10-28', '14:00:00', '16:00:00'),
(20, '2025-10-29', '14:00:00', '16:00:00'),
(20, '2025-10-30', '14:00:00', '16:00:00'),
(20, '2025-10-31', '14:00:00', '16:00:00'),
(20, '2025-11-01', '14:00:00', '16:00:00'),
(21, '2025-11-03', '10:00:00', '12:00:00'),
(21, '2025-11-04', '10:00:00', '12:00:00'),
(21, '2025-11-05', '10:00:00', '12:00:00'),
(21, '2025-11-06', '10:00:00', '12:00:00'),
(21, '2025-11-07', '10:00:00', '12:00:00'),
(21, '2025-11-08', '10:00:00', '12:00:00'),
(21, '2025-11-10', '10:00:00', '12:00:00'),
(21, '2025-11-11', '10:00:00', '12:00:00'),
(21, '2025-11-12', '10:00:00', '12:00:00'),
(21, '2025-11-13', '10:00:00', '12:00:00'),
(21, '2025-11-14', '10:00:00', '12:00:00'),
(21, '2025-11-15', '10:00:00', '12:00:00'),
(21, '2025-11-17', '10:00:00', '12:00:00'),
(21, '2025-11-18', '10:00:00', '12:00:00'),
(21, '2025-11-19', '10:00:00', '12:00:00'),
(21, '2025-11-20', '10:00:00', '12:00:00'),
(21, '2025-11-21', '10:00:00', '12:00:00'),
(21, '2025-11-22', '10:00:00', '12:00:00'),
(21, '2025-11-24', '10:00:00', '12:00:00'),
(21, '2025-11-25', '10:00:00', '12:00:00'),
(21, '2025-11-26', '10:00:00', '12:00:00'),
(21, '2025-11-27', '10:00:00', '12:00:00'),
(21, '2025-11-28', '10:00:00', '12:00:00'),
(21, '2025-11-29', '10:00:00', '12:00:00'),
(22, '2025-11-03', '16:00:00', '18:00:00'),
(22, '2025-11-04', '16:00:00', '18:00:00'),
(22, '2025-11-05', '16:00:00', '18:00:00'),
(22, '2025-11-06', '16:00:00', '18:00:00'),
(22, '2025-11-07', '16:00:00', '18:00:00'),
(22, '2025-11-08', '16:00:00', '18:00:00'),
(22, '2025-11-10', '16:00:00', '18:00:00'),
(22, '2025-11-11', '16:00:00', '18:00:00'),
(22, '2025-11-12', '16:00:00', '18:00:00'),
(22, '2025-11-13', '16:00:00', '18:00:00'),
(22, '2025-11-14', '16:00:00', '18:00:00'),
(22, '2025-11-15', '16:00:00', '18:00:00'),
(22, '2025-11-17', '16:00:00', '18:00:00'),
(22, '2025-11-18', '16:00:00', '18:00:00'),
(22, '2025-11-19', '16:00:00', '18:00:00'),
(22, '2025-11-20', '16:00:00', '18:00:00'),
(22, '2025-11-21', '16:00:00', '18:00:00'),
(22, '2025-11-22', '16:00:00', '18:00:00'),
(22, '2025-11-24', '16:00:00', '18:00:00'),
(22, '2025-11-25', '16:00:00', '18:00:00'),
(22, '2025-11-26', '16:00:00', '18:00:00'),
(22, '2025-11-27', '16:00:00', '18:00:00'),
(22, '2025-11-28', '16:00:00', '18:00:00'),
(22, '2025-11-29', '16:00:00', '18:00:00'),
(23, '2025-11-03', '10:00:00', '12:00:00'),
(23, '2025-11-04', '10:00:00', '12:00:00'),
(23, '2025-11-05', '10:00:00', '12:00:00'),
(23, '2025-11-06', '10:00:00', '12:00:00'),
(23, '2025-11-07', '10:00:00', '12:00:00'),
(23, '2025-11-08', '10:00:00', '12:00:00'),
(23, '2025-11-10', '10:00:00', '12:00:00'),
(23, '2025-11-11', '10:00:00', '12:00:00'),
(23, '2025-11-12', '10:00:00', '12:00:00'),
(23, '2025-11-13', '10:00:00', '12:00:00'),
(23, '2025-11-14', '10:00:00', '12:00:00'),
(23, '2025-11-15', '10:00:00', '12:00:00'),
(23, '2025-11-17', '10:00:00', '12:00:00'),
(23, '2025-11-18', '10:00:00', '12:00:00'),
(23, '2025-11-19', '10:00:00', '12:00:00'),
(23, '2025-11-20', '10:00:00', '12:00:00'),
(23, '2025-11-21', '10:00:00', '12:00:00'),
(23, '2025-11-22', '10:00:00', '12:00:00'),
(23, '2025-11-24', '10:00:00', '12:00:00'),
(23, '2025-11-25', '10:00:00', '12:00:00'),
(23, '2025-11-26', '10:00:00', '12:00:00'),
(23, '2025-11-27', '10:00:00', '12:00:00'),
(23, '2025-11-28', '10:00:00', '12:00:00'),
(23, '2025-11-29', '10:00:00', '12:00:00'),
(24, '2025-11-03', '14:00:00', '16:00:00'),
(24, '2025-11-04', '14:00:00', '16:00:00'),
(24, '2025-11-05', '14:00:00', '16:00:00'),
(24, '2025-11-06', '14:00:00', '16:00:00'),
(24, '2025-11-07', '14:00:00', '16:00:00'),
(24, '2025-11-08', '14:00:00', '16:00:00'),
(24, '2025-11-10', '14:00:00', '16:00:00'),
(24, '2025-11-11', '14:00:00', '16:00:00'),
(24, '2025-11-12', '14:00:00', '16:00:00'),
(24, '2025-11-13', '14:00:00', '16:00:00'),
(24, '2025-11-14', '14:00:00', '16:00:00'),
(24, '2025-11-15', '14:00:00', '16:00:00'),
(24, '2025-11-17', '14:00:00', '16:00:00'),
(24, '2025-11-18', '14:00:00', '16:00:00'),
(24, '2025-11-19', '14:00:00', '16:00:00'),
(24, '2025-11-20', '14:00:00', '16:00:00'),
(24, '2025-11-21', '14:00:00', '16:00:00'),
(24, '2025-11-22', '14:00:00', '16:00:00'),
(24, '2025-11-24', '14:00:00', '16:00:00'),
(24, '2025-11-25', '14:00:00', '16:00:00'),
(24, '2025-11-26', '14:00:00', '16:00:00'),
(24, '2025-11-27', '14:00:00', '16:00:00'),
(24, '2025-11-28', '14:00:00', '16:00:00'),
(24, '2025-11-29', '14:00:00', '16:00:00'),
(25, '2025-11-03', '08:00:00', '10:00:00'),
(25, '2025-11-04', '08:00:00', '10:00:00'),
(25, '2025-11-05', '08:00:00', '10:00:00'),
(25, '2025-11-06', '08:00:00', '10:00:00'),
(25, '2025-11-07', '08:00:00', '10:00:00'),
(25, '2025-11-08', '08:00:00', '10:00:00'),
(25, '2025-11-10', '08:00:00', '10:00:00'),
(25, '2025-11-11', '08:00:00', '10:00:00'),
(25, '2025-11-12', '08:00:00', '10:00:00'),
(25, '2025-11-13', '08:00:00', '10:00:00'),
(25, '2025-11-14', '08:00:00', '10:00:00'),
(25, '2025-11-15', '08:00:00', '10:00:00'),
(25, '2025-11-17', '08:00:00', '10:00:00'),
(25, '2025-11-18', '08:00:00', '10:00:00'),
(25, '2025-11-19', '08:00:00', '10:00:00'),
(25, '2025-11-20', '08:00:00', '10:00:00'),
(25, '2025-11-21', '08:00:00', '10:00:00'),
(25, '2025-11-22', '08:00:00', '10:00:00'),
(25, '2025-11-24', '08:00:00', '10:00:00'),
(25, '2025-11-25', '08:00:00', '10:00:00'),
(25, '2025-11-26', '08:00:00', '10:00:00'),
(25, '2025-11-27', '08:00:00', '10:00:00'),
(25, '2025-11-28', '08:00:00', '10:00:00'),
(25, '2025-11-29', '08:00:00', '10:00:00'),
(26, '2025-11-03', '08:00:00', '10:00:00'),
(26, '2025-11-04', '08:00:00', '10:00:00'),
(26, '2025-11-05', '08:00:00', '10:00:00'),
(26, '2025-11-06', '08:00:00', '10:00:00'),
(26, '2025-11-07', '08:00:00', '10:00:00'),
(26, '2025-11-08', '08:00:00', '10:00:00'),
(26, '2025-11-10', '08:00:00', '10:00:00'),
(26, '2025-11-11', '08:00:00', '10:00:00'),
(26, '2025-11-12', '08:00:00', '10:00:00'),
(26, '2025-11-13', '08:00:00', '10:00:00'),
(26, '2025-11-14', '08:00:00', '10:00:00'),
(26, '2025-11-15', '08:00:00', '10:00:00'),
(26, '2025-11-17', '08:00:00', '10:00:00'),
(26, '2025-11-18', '08:00:00', '10:00:00'),
(26, '2025-11-19', '08:00:00', '10:00:00'),
(26, '2025-11-20', '08:00:00', '10:00:00'),
(26, '2025-11-21', '08:00:00', '10:00:00'),
(26, '2025-11-22', '08:00:00', '10:00:00'),
(26, '2025-11-24', '08:00:00', '10:00:00'),
(26, '2025-11-25', '08:00:00', '10:00:00'),
(26, '2025-11-26', '08:00:00', '10:00:00'),
(26, '2025-11-27', '08:00:00', '10:00:00'),
(26, '2025-11-28', '08:00:00', '10:00:00'),
(26, '2025-11-29', '08:00:00', '10:00:00'),
(27, '2025-11-03', '06:00:00', '08:00:00'),
(27, '2025-11-04', '06:00:00', '08:00:00'),
(27, '2025-11-05', '06:00:00', '08:00:00'),
(27, '2025-11-06', '06:00:00', '08:00:00'),
(27, '2025-11-07', '06:00:00', '08:00:00'),
(27, '2025-11-08', '06:00:00', '08:00:00'),
(27, '2025-11-10', '06:00:00', '08:00:00'),
(27, '2025-11-11', '06:00:00', '08:00:00'),
(27, '2025-11-12', '06:00:00', '08:00:00'),
(27, '2025-11-13', '06:00:00', '08:00:00'),
(27, '2025-11-14', '06:00:00', '08:00:00'),
(27, '2025-11-15', '06:00:00', '08:00:00'),
(27, '2025-11-17', '06:00:00', '08:00:00'),
(27, '2025-11-18', '06:00:00', '08:00:00'),
(27, '2025-11-19', '06:00:00', '08:00:00'),
(27, '2025-11-20', '06:00:00', '08:00:00'),
(27, '2025-11-21', '06:00:00', '08:00:00'),
(27, '2025-11-22', '06:00:00', '08:00:00'),
(27, '2025-11-24', '06:00:00', '08:00:00'),
(27, '2025-11-25', '06:00:00', '08:00:00'),
(27, '2025-11-26', '06:00:00', '08:00:00'),
(27, '2025-11-27', '06:00:00', '08:00:00'),
(27, '2025-11-28', '06:00:00', '08:00:00'),
(27, '2025-11-29', '06:00:00', '08:00:00'),
(28, '2025-11-03', '14:00:00', '16:00:00'),
(28, '2025-11-04', '14:00:00', '16:00:00'),
(28, '2025-11-05', '14:00:00', '16:00:00'),
(28, '2025-11-06', '14:00:00', '16:00:00'),
(28, '2025-11-07', '14:00:00', '16:00:00'),
(28, '2025-11-08', '14:00:00', '16:00:00'),
(28, '2025-11-10', '14:00:00', '16:00:00'),
(28, '2025-11-11', '14:00:00', '16:00:00'),
(28, '2025-11-12', '14:00:00', '16:00:00'),
(28, '2025-11-13', '14:00:00', '16:00:00'),
(28, '2025-11-14', '14:00:00', '16:00:00'),
(28, '2025-11-15', '14:00:00', '16:00:00'),
(28, '2025-11-17', '14:00:00', '16:00:00'),
(28, '2025-11-18', '14:00:00', '16:00:00'),
(28, '2025-11-19', '14:00:00', '16:00:00'),
(28, '2025-11-20', '14:00:00', '16:00:00'),
(28, '2025-11-21', '14:00:00', '16:00:00'),
(28, '2025-11-22', '14:00:00', '16:00:00'),
(28, '2025-11-24', '14:00:00', '16:00:00'),
(28, '2025-11-25', '14:00:00', '16:00:00'),
(28, '2025-11-26', '14:00:00', '16:00:00'),
(28, '2025-11-27', '14:00:00', '16:00:00'),
(28, '2025-11-28', '14:00:00', '16:00:00'),
(28, '2025-11-29', '14:00:00', '16:00:00'),
(29, '2025-11-03', '10:00:00', '12:00:00'),
(29, '2025-11-04', '10:00:00', '12:00:00'),
(29, '2025-11-05', '10:00:00', '12:00:00'),
(29, '2025-11-06', '10:00:00', '12:00:00'),
(29, '2025-11-07', '10:00:00', '12:00:00'),
(29, '2025-11-08', '10:00:00', '12:00:00'),
(29, '2025-11-10', '10:00:00', '12:00:00'),
(29, '2025-11-11', '10:00:00', '12:00:00'),
(29, '2025-11-12', '10:00:00', '12:00:00'),
(29, '2025-11-13', '10:00:00', '12:00:00'),
(29, '2025-11-14', '10:00:00', '12:00:00'),
(29, '2025-11-15', '10:00:00', '12:00:00'),
(29, '2025-11-17', '10:00:00', '12:00:00'),
(29, '2025-11-18', '10:00:00', '12:00:00'),
(29, '2025-11-19', '10:00:00', '12:00:00'),
(29, '2025-11-20', '10:00:00', '12:00:00'),
(29, '2025-11-21', '10:00:00', '12:00:00'),
(29, '2025-11-22', '10:00:00', '12:00:00'),
(29, '2025-11-24', '10:00:00', '12:00:00'),
(29, '2025-11-25', '10:00:00', '12:00:00'),
(29, '2025-11-26', '10:00:00', '12:00:00'),
(29, '2025-11-27', '10:00:00', '12:00:00'),
(29, '2025-11-28', '10:00:00', '12:00:00'),
(29, '2025-11-29', '10:00:00', '12:00:00'),
(30, '2025-11-03', '14:00:00', '16:00:00'),
(30, '2025-11-04', '14:00:00', '16:00:00'),
(30, '2025-11-05', '14:00:00', '16:00:00'),
(30, '2025-11-06', '14:00:00', '16:00:00'),
(30, '2025-11-07', '14:00:00', '16:00:00'),
(30, '2025-11-08', '14:00:00', '16:00:00'),
(30, '2025-11-10', '14:00:00', '16:00:00'),
(30, '2025-11-11', '14:00:00', '16:00:00'),
(30, '2025-11-12', '14:00:00', '16:00:00'),
(30, '2025-11-13', '14:00:00', '16:00:00'),
(30, '2025-11-14', '14:00:00', '16:00:00'),
(30, '2025-11-15', '14:00:00', '16:00:00'),
(30, '2025-11-17', '14:00:00', '16:00:00'),
(30, '2025-11-18', '14:00:00', '16:00:00'),
(30, '2025-11-19', '14:00:00', '16:00:00'),
(30, '2025-11-20', '14:00:00', '16:00:00'),
(30, '2025-11-21', '14:00:00', '16:00:00'),
(30, '2025-11-22', '14:00:00', '16:00:00'),
(30, '2025-11-24', '14:00:00', '16:00:00'),
(30, '2025-11-25', '14:00:00', '16:00:00'),
(30, '2025-11-26', '14:00:00', '16:00:00'),
(30, '2025-11-27', '14:00:00', '16:00:00'),
(30, '2025-11-28', '14:00:00', '16:00:00'),
(30, '2025-11-29', '14:00:00', '16:00:00'),
(31, '2025-12-01', '10:00:00', '12:00:00'),
(31, '2025-12-02', '10:00:00', '12:00:00'),
(31, '2025-12-03', '10:00:00', '12:00:00'),
(31, '2025-12-04', '10:00:00', '12:00:00'),
(31, '2025-12-05', '10:00:00', '12:00:00'),
(31, '2025-12-06', '10:00:00', '12:00:00'),
(31, '2025-12-08', '10:00:00', '12:00:00'),
(31, '2025-12-09', '10:00:00', '12:00:00'),
(31, '2025-12-10', '10:00:00', '12:00:00'),
(31, '2025-12-11', '10:00:00', '12:00:00'),
(31, '2025-12-12', '10:00:00', '12:00:00'),
(31, '2025-12-13', '10:00:00', '12:00:00'),
(31, '2025-12-15', '10:00:00', '12:00:00'),
(31, '2025-12-16', '10:00:00', '12:00:00'),
(31, '2025-12-17', '10:00:00', '12:00:00'),
(31, '2025-12-18', '10:00:00', '12:00:00'),
(31, '2025-12-19', '10:00:00', '12:00:00'),
(31, '2025-12-20', '10:00:00', '12:00:00'),
(31, '2025-12-22', '10:00:00', '12:00:00'),
(31, '2025-12-23', '10:00:00', '12:00:00'),
(31, '2025-12-24', '10:00:00', '12:00:00'),
(31, '2025-12-25', '10:00:00', '12:00:00'),
(31, '2025-12-26', '10:00:00', '12:00:00'),
(31, '2025-12-27', '10:00:00', '12:00:00'),
(32, '2025-12-01', '16:00:00', '18:00:00'),
(32, '2025-12-02', '16:00:00', '18:00:00'),
(32, '2025-12-03', '16:00:00', '18:00:00'),
(32, '2025-12-04', '16:00:00', '18:00:00'),
(32, '2025-12-05', '16:00:00', '18:00:00'),
(32, '2025-12-06', '16:00:00', '18:00:00'),
(32, '2025-12-08', '16:00:00', '18:00:00'),
(32, '2025-12-09', '16:00:00', '18:00:00'),
(32, '2025-12-10', '16:00:00', '18:00:00'),
(32, '2025-12-11', '16:00:00', '18:00:00'),
(32, '2025-12-12', '16:00:00', '18:00:00'),
(32, '2025-12-13', '16:00:00', '18:00:00'),
(32, '2025-12-15', '16:00:00', '18:00:00'),
(32, '2025-12-16', '16:00:00', '18:00:00'),
(32, '2025-12-17', '16:00:00', '18:00:00'),
(32, '2025-12-18', '16:00:00', '18:00:00'),
(32, '2025-12-19', '16:00:00', '18:00:00'),
(32, '2025-12-20', '16:00:00', '18:00:00'),
(32, '2025-12-22', '16:00:00', '18:00:00'),
(32, '2025-12-23', '16:00:00', '18:00:00'),
(32, '2025-12-24', '16:00:00', '18:00:00'),
(32, '2025-12-25', '16:00:00', '18:00:00'),
(32, '2025-12-26', '16:00:00', '18:00:00'),
(32, '2025-12-27', '16:00:00', '18:00:00'),
(33, '2025-12-01', '08:00:00', '10:00:00'),
(33, '2025-12-02', '08:00:00', '10:00:00'),
(33, '2025-12-03', '08:00:00', '10:00:00'),
(33, '2025-12-04', '08:00:00', '10:00:00'),
(33, '2025-12-05', '08:00:00', '10:00:00'),
(33, '2025-12-06', '08:00:00', '10:00:00'),
(33, '2025-12-08', '08:00:00', '10:00:00'),
(33, '2025-12-09', '08:00:00', '10:00:00'),
(33, '2025-12-10', '08:00:00', '10:00:00'),
(33, '2025-12-11', '08:00:00', '10:00:00'),
(33, '2025-12-12', '08:00:00', '10:00:00'),
(33, '2025-12-13', '08:00:00', '10:00:00'),
(33, '2025-12-15', '08:00:00', '10:00:00'),
(33, '2025-12-16', '08:00:00', '10:00:00'),
(33, '2025-12-17', '08:00:00', '10:00:00'),
(33, '2025-12-18', '08:00:00', '10:00:00'),
(33, '2025-12-19', '08:00:00', '10:00:00'),
(33, '2025-12-20', '08:00:00', '10:00:00'),
(33, '2025-12-22', '08:00:00', '10:00:00'),
(33, '2025-12-23', '08:00:00', '10:00:00'),
(33, '2025-12-24', '08:00:00', '10:00:00'),
(33, '2025-12-25', '08:00:00', '10:00:00'),
(33, '2025-12-26', '08:00:00', '10:00:00'),
(33, '2025-12-27', '08:00:00', '10:00:00'),
(34, '2025-12-01', '14:00:00', '16:00:00'),
(34, '2025-12-02', '14:00:00', '16:00:00'),
(34, '2025-12-03', '14:00:00', '16:00:00'),
(34, '2025-12-04', '14:00:00', '16:00:00'),
(34, '2025-12-05', '14:00:00', '16:00:00'),
(34, '2025-12-06', '14:00:00', '16:00:00'),
(34, '2025-12-08', '14:00:00', '16:00:00'),
(34, '2025-12-09', '14:00:00', '16:00:00'),
(34, '2025-12-10', '14:00:00', '16:00:00'),
(34, '2025-12-11', '14:00:00', '16:00:00'),
(34, '2025-12-12', '14:00:00', '16:00:00'),
(34, '2025-12-13', '14:00:00', '16:00:00'),
(34, '2025-12-15', '14:00:00', '16:00:00'),
(34, '2025-12-16', '14:00:00', '16:00:00'),
(34, '2025-12-17', '14:00:00', '16:00:00'),
(34, '2025-12-18', '14:00:00', '16:00:00'),
(34, '2025-12-19', '14:00:00', '16:00:00'),
(34, '2025-12-20', '14:00:00', '16:00:00'),
(34, '2025-12-22', '14:00:00', '16:00:00'),
(34, '2025-12-23', '14:00:00', '16:00:00'),
(34, '2025-12-24', '14:00:00', '16:00:00'),
(34, '2025-12-25', '14:00:00', '16:00:00'),
(34, '2025-12-26', '14:00:00', '16:00:00'),
(34, '2025-12-27', '14:00:00', '16:00:00'),
(35, '2025-12-01', '06:00:00', '08:00:00'),
(35, '2025-12-02', '06:00:00', '08:00:00'),
(35, '2025-12-03', '06:00:00', '08:00:00'),
(35, '2025-12-04', '06:00:00', '08:00:00'),
(35, '2025-12-05', '06:00:00', '08:00:00'),
(35, '2025-12-06', '06:00:00', '08:00:00'),
(35, '2025-12-08', '06:00:00', '08:00:00'),
(35, '2025-12-09', '06:00:00', '08:00:00'),
(35, '2025-12-10', '06:00:00', '08:00:00'),
(35, '2025-12-11', '06:00:00', '08:00:00'),
(35, '2025-12-12', '06:00:00', '08:00:00'),
(35, '2025-12-13', '06:00:00', '08:00:00'),
(35, '2025-12-15', '06:00:00', '08:00:00'),
(35, '2025-12-16', '06:00:00', '08:00:00'),
(35, '2025-12-17', '06:00:00', '08:00:00'),
(35, '2025-12-18', '06:00:00', '08:00:00'),
(35, '2025-12-19', '06:00:00', '08:00:00'),
(35, '2025-12-20', '06:00:00', '08:00:00'),
(35, '2025-12-22', '06:00:00', '08:00:00'),
(35, '2025-12-23', '06:00:00', '08:00:00'),
(35, '2025-12-24', '06:00:00', '08:00:00'),
(35, '2025-12-25', '06:00:00', '08:00:00'),
(35, '2025-12-26', '06:00:00', '08:00:00'),
(35, '2025-12-27', '06:00:00', '08:00:00'),
(36, '2025-12-01', '10:00:00', '12:00:00'),
(36, '2025-12-02', '10:00:00', '12:00:00'),
(36, '2025-12-03', '10:00:00', '12:00:00'),
(36, '2025-12-04', '10:00:00', '12:00:00'),
(36, '2025-12-05', '10:00:00', '12:00:00'),
(36, '2025-12-06', '10:00:00', '12:00:00'),
(36, '2025-12-08', '10:00:00', '12:00:00'),
(36, '2025-12-09', '10:00:00', '12:00:00'),
(36, '2025-12-10', '10:00:00', '12:00:00'),
(36, '2025-12-11', '10:00:00', '12:00:00'),
(36, '2025-12-12', '10:00:00', '12:00:00'),
(36, '2025-12-13', '10:00:00', '12:00:00'),
(36, '2025-12-15', '10:00:00', '12:00:00'),
(36, '2025-12-16', '10:00:00', '12:00:00'),
(36, '2025-12-17', '10:00:00', '12:00:00'),
(36, '2025-12-18', '10:00:00', '12:00:00'),
(36, '2025-12-19', '10:00:00', '12:00:00'),
(36, '2025-12-20', '10:00:00', '12:00:00'),
(36, '2025-12-22', '10:00:00', '12:00:00'),
(36, '2025-12-23', '10:00:00', '12:00:00'),
(36, '2025-12-24', '10:00:00', '12:00:00'),
(36, '2025-12-25', '10:00:00', '12:00:00'),
(36, '2025-12-26', '10:00:00', '12:00:00'),
(36, '2025-12-27', '10:00:00', '12:00:00'),
(37, '2025-12-01', '08:00:00', '10:00:00'),
(37, '2025-12-02', '08:00:00', '10:00:00'),
(37, '2025-12-03', '08:00:00', '10:00:00'),
(37, '2025-12-04', '08:00:00', '10:00:00'),
(37, '2025-12-05', '08:00:00', '10:00:00'),
(37, '2025-12-06', '08:00:00', '10:00:00'),
(37, '2025-12-08', '08:00:00', '10:00:00'),
(37, '2025-12-09', '08:00:00', '10:00:00'),
(37, '2025-12-10', '08:00:00', '10:00:00'),
(37, '2025-12-11', '08:00:00', '10:00:00'),
(37, '2025-12-12', '08:00:00', '10:00:00'),
(37, '2025-12-13', '08:00:00', '10:00:00'),
(37, '2025-12-15', '08:00:00', '10:00:00'),
(37, '2025-12-16', '08:00:00', '10:00:00'),
(37, '2025-12-17', '08:00:00', '10:00:00'),
(37, '2025-12-18', '08:00:00', '10:00:00'),
(37, '2025-12-19', '08:00:00', '10:00:00'),
(37, '2025-12-20', '08:00:00', '10:00:00'),
(37, '2025-12-22', '08:00:00', '10:00:00'),
(37, '2025-12-23', '08:00:00', '10:00:00'),
(37, '2025-12-24', '08:00:00', '10:00:00'),
(37, '2025-12-25', '08:00:00', '10:00:00'),
(37, '2025-12-26', '08:00:00', '10:00:00'),
(37, '2025-12-27', '08:00:00', '10:00:00'),
(38, '2025-12-01', '12:00:00', '14:00:00'),
(38, '2025-12-02', '12:00:00', '14:00:00'),
(38, '2025-12-03', '12:00:00', '14:00:00'),
(38, '2025-12-04', '12:00:00', '14:00:00'),
(38, '2025-12-05', '12:00:00', '14:00:00'),
(38, '2025-12-06', '12:00:00', '14:00:00'),
(38, '2025-12-08', '12:00:00', '14:00:00'),
(38, '2025-12-09', '12:00:00', '14:00:00'),
(38, '2025-12-10', '12:00:00', '14:00:00'),
(38, '2025-12-11', '12:00:00', '14:00:00'),
(38, '2025-12-12', '12:00:00', '14:00:00'),
(38, '2025-12-13', '12:00:00', '14:00:00'),
(38, '2025-12-15', '12:00:00', '14:00:00'),
(38, '2025-12-16', '12:00:00', '14:00:00'),
(38, '2025-12-17', '12:00:00', '14:00:00'),
(38, '2025-12-18', '12:00:00', '14:00:00'),
(38, '2025-12-19', '12:00:00', '14:00:00'),
(38, '2025-12-20', '12:00:00', '14:00:00'),
(38, '2025-12-22', '12:00:00', '14:00:00'),
(38, '2025-12-23', '12:00:00', '14:00:00'),
(38, '2025-12-24', '12:00:00', '14:00:00'),
(38, '2025-12-25', '12:00:00', '14:00:00'),
(38, '2025-12-26', '12:00:00', '14:00:00'),
(38, '2025-12-27', '12:00:00', '14:00:00'),
(39, '2025-12-01', '06:00:00', '08:00:00'),
(39, '2025-12-02', '06:00:00', '08:00:00'),
(39, '2025-12-03', '06:00:00', '08:00:00'),
(39, '2025-12-04', '06:00:00', '08:00:00'),
(39, '2025-12-05', '06:00:00', '08:00:00'),
(39, '2025-12-06', '06:00:00', '08:00:00'),
(39, '2025-12-08', '06:00:00', '08:00:00'),
(39, '2025-12-09', '06:00:00', '08:00:00'),
(39, '2025-12-10', '06:00:00', '08:00:00'),
(39, '2025-12-11', '06:00:00', '08:00:00'),
(39, '2025-12-12', '06:00:00', '08:00:00'),
(39, '2025-12-13', '06:00:00', '08:00:00'),
(39, '2025-12-15', '06:00:00', '08:00:00'),
(39, '2025-12-16', '06:00:00', '08:00:00'),
(39, '2025-12-17', '06:00:00', '08:00:00'),
(39, '2025-12-18', '06:00:00', '08:00:00'),
(39, '2025-12-19', '06:00:00', '08:00:00'),
(39, '2025-12-20', '06:00:00', '08:00:00'),
(39, '2025-12-22', '06:00:00', '08:00:00'),
(39, '2025-12-23', '06:00:00', '08:00:00'),
(39, '2025-12-24', '06:00:00', '08:00:00'),
(39, '2025-12-25', '06:00:00', '08:00:00'),
(39, '2025-12-26', '06:00:00', '08:00:00'),
(39, '2025-12-27', '06:00:00', '08:00:00'),
(40, '2025-12-01', '12:00:00', '14:00:00'),
(40, '2025-12-02', '12:00:00', '14:00:00'),
(40, '2025-12-03', '12:00:00', '14:00:00'),
(40, '2025-12-04', '12:00:00', '14:00:00'),
(40, '2025-12-05', '12:00:00', '14:00:00'),
(40, '2025-12-06', '12:00:00', '14:00:00'),
(40, '2025-12-08', '12:00:00', '14:00:00'),
(40, '2025-12-09', '12:00:00', '14:00:00'),
(40, '2025-12-10', '12:00:00', '14:00:00'),
(40, '2025-12-11', '12:00:00', '14:00:00'),
(40, '2025-12-12', '12:00:00', '14:00:00'),
(40, '2025-12-13', '12:00:00', '14:00:00'),
(40, '2025-12-15', '12:00:00', '14:00:00'),
(40, '2025-12-16', '12:00:00', '14:00:00'),
(40, '2025-12-17', '12:00:00', '14:00:00'),
(40, '2025-12-18', '12:00:00', '14:00:00'),
(40, '2025-12-19', '12:00:00', '14:00:00'),
(40, '2025-12-20', '12:00:00', '14:00:00'),
(40, '2025-12-22', '12:00:00', '14:00:00'),
(40, '2025-12-23', '12:00:00', '14:00:00'),
(40, '2025-12-24', '12:00:00', '14:00:00'),
(40, '2025-12-25', '12:00:00', '14:00:00'),
(40, '2025-12-26', '12:00:00', '14:00:00'),
(40, '2025-12-27', '12:00:00', '14:00:00'),
(41, '2026-01-05', '08:00:00', '10:00:00'),
(41, '2026-01-06', '08:00:00', '10:00:00'),
(41, '2026-01-07', '08:00:00', '10:00:00'),
(41, '2026-01-08', '08:00:00', '10:00:00'),
(41, '2026-01-09', '08:00:00', '10:00:00'),
(41, '2026-01-10', '08:00:00', '10:00:00'),
(41, '2026-01-12', '08:00:00', '10:00:00'),
(41, '2026-01-13', '08:00:00', '10:00:00'),
(41, '2026-01-14', '08:00:00', '10:00:00'),
(41, '2026-01-15', '08:00:00', '10:00:00'),
(41, '2026-01-16', '08:00:00', '10:00:00'),
(41, '2026-01-17', '08:00:00', '10:00:00'),
(41, '2026-01-19', '08:00:00', '10:00:00'),
(41, '2026-01-20', '08:00:00', '10:00:00'),
(41, '2026-01-21', '08:00:00', '10:00:00'),
(41, '2026-01-22', '08:00:00', '10:00:00'),
(41, '2026-01-23', '08:00:00', '10:00:00'),
(41, '2026-01-24', '08:00:00', '10:00:00'),
(41, '2026-01-26', '08:00:00', '10:00:00'),
(41, '2026-01-27', '08:00:00', '10:00:00'),
(41, '2026-01-28', '08:00:00', '10:00:00'),
(41, '2026-01-29', '08:00:00', '10:00:00'),
(41, '2026-01-30', '08:00:00', '10:00:00'),
(41, '2026-01-31', '08:00:00', '10:00:00'),
(42, '2026-01-05', '14:00:00', '16:00:00'),
(42, '2026-01-06', '14:00:00', '16:00:00'),
(42, '2026-01-07', '14:00:00', '16:00:00'),
(42, '2026-01-08', '14:00:00', '16:00:00'),
(42, '2026-01-09', '14:00:00', '16:00:00'),
(42, '2026-01-10', '14:00:00', '16:00:00'),
(42, '2026-01-12', '14:00:00', '16:00:00'),
(42, '2026-01-13', '14:00:00', '16:00:00'),
(42, '2026-01-14', '14:00:00', '16:00:00'),
(42, '2026-01-15', '14:00:00', '16:00:00'),
(42, '2026-01-16', '14:00:00', '16:00:00'),
(42, '2026-01-17', '14:00:00', '16:00:00'),
(42, '2026-01-19', '14:00:00', '16:00:00'),
(42, '2026-01-20', '14:00:00', '16:00:00'),
(42, '2026-01-21', '14:00:00', '16:00:00'),
(42, '2026-01-22', '14:00:00', '16:00:00'),
(42, '2026-01-23', '14:00:00', '16:00:00'),
(42, '2026-01-24', '14:00:00', '16:00:00'),
(42, '2026-01-26', '14:00:00', '16:00:00'),
(42, '2026-01-27', '14:00:00', '16:00:00'),
(42, '2026-01-28', '14:00:00', '16:00:00'),
(42, '2026-01-29', '14:00:00', '16:00:00'),
(42, '2026-01-30', '14:00:00', '16:00:00'),
(42, '2026-01-31', '14:00:00', '16:00:00'),
(43, '2026-01-05', '10:00:00', '12:00:00'),
(43, '2026-01-06', '10:00:00', '12:00:00'),
(43, '2026-01-07', '10:00:00', '12:00:00'),
(43, '2026-01-08', '10:00:00', '12:00:00'),
(43, '2026-01-09', '10:00:00', '12:00:00'),
(43, '2026-01-10', '10:00:00', '12:00:00'),
(43, '2026-01-12', '10:00:00', '12:00:00'),
(43, '2026-01-13', '10:00:00', '12:00:00'),
(43, '2026-01-14', '10:00:00', '12:00:00'),
(43, '2026-01-15', '10:00:00', '12:00:00'),
(43, '2026-01-16', '10:00:00', '12:00:00'),
(43, '2026-01-17', '10:00:00', '12:00:00'),
(43, '2026-01-19', '10:00:00', '12:00:00'),
(43, '2026-01-20', '10:00:00', '12:00:00'),
(43, '2026-01-21', '10:00:00', '12:00:00'),
(43, '2026-01-22', '10:00:00', '12:00:00'),
(43, '2026-01-23', '10:00:00', '12:00:00'),
(43, '2026-01-24', '10:00:00', '12:00:00'),
(43, '2026-01-26', '10:00:00', '12:00:00'),
(43, '2026-01-27', '10:00:00', '12:00:00'),
(43, '2026-01-28', '10:00:00', '12:00:00'),
(43, '2026-01-29', '10:00:00', '12:00:00'),
(43, '2026-01-30', '10:00:00', '12:00:00'),
(43, '2026-01-31', '10:00:00', '12:00:00'),
(44, '2026-01-05', '14:00:00', '16:00:00'),
(44, '2026-01-06', '14:00:00', '16:00:00'),
(44, '2026-01-07', '14:00:00', '16:00:00'),
(44, '2026-01-08', '14:00:00', '16:00:00'),
(44, '2026-01-09', '14:00:00', '16:00:00'),
(44, '2026-01-10', '14:00:00', '16:00:00'),
(44, '2026-01-12', '14:00:00', '16:00:00'),
(44, '2026-01-13', '14:00:00', '16:00:00'),
(44, '2026-01-14', '14:00:00', '16:00:00'),
(44, '2026-01-15', '14:00:00', '16:00:00'),
(44, '2026-01-16', '14:00:00', '16:00:00'),
(44, '2026-01-17', '14:00:00', '16:00:00'),
(44, '2026-01-19', '14:00:00', '16:00:00'),
(44, '2026-01-20', '14:00:00', '16:00:00'),
(44, '2026-01-21', '14:00:00', '16:00:00'),
(44, '2026-01-22', '14:00:00', '16:00:00'),
(44, '2026-01-23', '14:00:00', '16:00:00'),
(44, '2026-01-24', '14:00:00', '16:00:00'),
(44, '2026-01-26', '14:00:00', '16:00:00'),
(44, '2026-01-27', '14:00:00', '16:00:00'),
(44, '2026-01-28', '14:00:00', '16:00:00'),
(44, '2026-01-29', '14:00:00', '16:00:00'),
(44, '2026-01-30', '14:00:00', '16:00:00'),
(44, '2026-01-31', '14:00:00', '16:00:00'),
(45, '2026-01-05', '10:00:00', '12:00:00'),
(45, '2026-01-06', '10:00:00', '12:00:00'),
(45, '2026-01-07', '10:00:00', '12:00:00'),
(45, '2026-01-08', '10:00:00', '12:00:00'),
(45, '2026-01-09', '10:00:00', '12:00:00'),
(45, '2026-01-10', '10:00:00', '12:00:00'),
(45, '2026-01-12', '10:00:00', '12:00:00'),
(45, '2026-01-13', '10:00:00', '12:00:00'),
(45, '2026-01-14', '10:00:00', '12:00:00'),
(45, '2026-01-15', '10:00:00', '12:00:00'),
(45, '2026-01-16', '10:00:00', '12:00:00'),
(45, '2026-01-17', '10:00:00', '12:00:00'),
(45, '2026-01-19', '10:00:00', '12:00:00'),
(45, '2026-01-20', '10:00:00', '12:00:00'),
(45, '2026-01-21', '10:00:00', '12:00:00'),
(45, '2026-01-22', '10:00:00', '12:00:00'),
(45, '2026-01-23', '10:00:00', '12:00:00'),
(45, '2026-01-24', '10:00:00', '12:00:00'),
(45, '2026-01-26', '10:00:00', '12:00:00'),
(45, '2026-01-27', '10:00:00', '12:00:00'),
(45, '2026-01-28', '10:00:00', '12:00:00'),
(45, '2026-01-29', '10:00:00', '12:00:00'),
(45, '2026-01-30', '10:00:00', '12:00:00'),
(45, '2026-01-31', '10:00:00', '12:00:00'),
(46, '2026-01-05', '06:00:00', '08:00:00'),
(46, '2026-01-06', '06:00:00', '08:00:00'),
(46, '2026-01-07', '06:00:00', '08:00:00'),
(46, '2026-01-08', '06:00:00', '08:00:00'),
(46, '2026-01-09', '06:00:00', '08:00:00'),
(46, '2026-01-10', '06:00:00', '08:00:00'),
(46, '2026-01-12', '06:00:00', '08:00:00'),
(46, '2026-01-13', '06:00:00', '08:00:00'),
(46, '2026-01-14', '06:00:00', '08:00:00'),
(46, '2026-01-15', '06:00:00', '08:00:00'),
(46, '2026-01-16', '06:00:00', '08:00:00'),
(46, '2026-01-17', '06:00:00', '08:00:00'),
(46, '2026-01-19', '06:00:00', '08:00:00'),
(46, '2026-01-20', '06:00:00', '08:00:00'),
(46, '2026-01-21', '06:00:00', '08:00:00'),
(46, '2026-01-22', '06:00:00', '08:00:00'),
(46, '2026-01-23', '06:00:00', '08:00:00'),
(46, '2026-01-24', '06:00:00', '08:00:00'),
(46, '2026-01-26', '06:00:00', '08:00:00'),
(46, '2026-01-27', '06:00:00', '08:00:00'),
(46, '2026-01-28', '06:00:00', '08:00:00'),
(46, '2026-01-29', '06:00:00', '08:00:00'),
(46, '2026-01-30', '06:00:00', '08:00:00'),
(46, '2026-01-31', '06:00:00', '08:00:00'),
(47, '2026-01-05', '08:00:00', '10:00:00'),
(47, '2026-01-06', '08:00:00', '10:00:00'),
(47, '2026-01-07', '08:00:00', '10:00:00'),
(47, '2026-01-08', '08:00:00', '10:00:00'),
(47, '2026-01-09', '08:00:00', '10:00:00'),
(47, '2026-01-10', '08:00:00', '10:00:00'),
(47, '2026-01-12', '08:00:00', '10:00:00'),
(47, '2026-01-13', '08:00:00', '10:00:00'),
(47, '2026-01-14', '08:00:00', '10:00:00'),
(47, '2026-01-15', '08:00:00', '10:00:00'),
(47, '2026-01-16', '08:00:00', '10:00:00'),
(47, '2026-01-17', '08:00:00', '10:00:00'),
(47, '2026-01-19', '08:00:00', '10:00:00'),
(47, '2026-01-20', '08:00:00', '10:00:00'),
(47, '2026-01-21', '08:00:00', '10:00:00'),
(47, '2026-01-22', '08:00:00', '10:00:00'),
(47, '2026-01-23', '08:00:00', '10:00:00'),
(47, '2026-01-24', '08:00:00', '10:00:00'),
(47, '2026-01-26', '08:00:00', '10:00:00'),
(47, '2026-01-27', '08:00:00', '10:00:00'),
(47, '2026-01-28', '08:00:00', '10:00:00'),
(47, '2026-01-29', '08:00:00', '10:00:00'),
(47, '2026-01-30', '08:00:00', '10:00:00'),
(47, '2026-01-31', '08:00:00', '10:00:00'),
(48, '2026-01-05', '12:00:00', '14:00:00'),
(48, '2026-01-06', '12:00:00', '14:00:00'),
(48, '2026-01-07', '12:00:00', '14:00:00'),
(48, '2026-01-08', '12:00:00', '14:00:00'),
(48, '2026-01-09', '12:00:00', '14:00:00'),
(48, '2026-01-10', '12:00:00', '14:00:00'),
(48, '2026-01-12', '12:00:00', '14:00:00'),
(48, '2026-01-13', '12:00:00', '14:00:00'),
(48, '2026-01-14', '12:00:00', '14:00:00'),
(48, '2026-01-15', '12:00:00', '14:00:00'),
(48, '2026-01-16', '12:00:00', '14:00:00'),
(48, '2026-01-17', '12:00:00', '14:00:00'),
(48, '2026-01-19', '12:00:00', '14:00:00'),
(48, '2026-01-20', '12:00:00', '14:00:00'),
(48, '2026-01-21', '12:00:00', '14:00:00'),
(48, '2026-01-22', '12:00:00', '14:00:00'),
(48, '2026-01-23', '12:00:00', '14:00:00'),
(48, '2026-01-24', '12:00:00', '14:00:00'),
(48, '2026-01-26', '12:00:00', '14:00:00'),
(48, '2026-01-27', '12:00:00', '14:00:00'),
(48, '2026-01-28', '12:00:00', '14:00:00'),
(48, '2026-01-29', '12:00:00', '14:00:00'),
(48, '2026-01-30', '12:00:00', '14:00:00'),
(48, '2026-01-31', '12:00:00', '14:00:00'),
(49, '2026-01-05', '10:00:00', '12:00:00'),
(49, '2026-01-06', '10:00:00', '12:00:00'),
(49, '2026-01-07', '10:00:00', '12:00:00'),
(49, '2026-01-08', '10:00:00', '12:00:00'),
(49, '2026-01-09', '10:00:00', '12:00:00'),
(49, '2026-01-10', '10:00:00', '12:00:00'),
(49, '2026-01-12', '10:00:00', '12:00:00'),
(49, '2026-01-13', '10:00:00', '12:00:00'),
(49, '2026-01-14', '10:00:00', '12:00:00'),
(49, '2026-01-15', '10:00:00', '12:00:00'),
(49, '2026-01-16', '10:00:00', '12:00:00'),
(49, '2026-01-17', '10:00:00', '12:00:00'),
(49, '2026-01-19', '10:00:00', '12:00:00'),
(49, '2026-01-20', '10:00:00', '12:00:00'),
(49, '2026-01-21', '10:00:00', '12:00:00'),
(49, '2026-01-22', '10:00:00', '12:00:00'),
(49, '2026-01-23', '10:00:00', '12:00:00'),
(49, '2026-01-24', '10:00:00', '12:00:00'),
(49, '2026-01-26', '10:00:00', '12:00:00'),
(49, '2026-01-27', '10:00:00', '12:00:00'),
(49, '2026-01-28', '10:00:00', '12:00:00'),
(49, '2026-01-29', '10:00:00', '12:00:00'),
(49, '2026-01-30', '10:00:00', '12:00:00'),
(49, '2026-01-31', '10:00:00', '12:00:00'),
(50, '2026-01-05', '16:00:00', '18:00:00'),
(50, '2026-01-06', '16:00:00', '18:00:00'),
(50, '2026-01-07', '16:00:00', '18:00:00'),
(50, '2026-01-08', '16:00:00', '18:00:00'),
(50, '2026-01-09', '16:00:00', '18:00:00'),
(50, '2026-01-10', '16:00:00', '18:00:00'),
(50, '2026-01-12', '16:00:00', '18:00:00'),
(50, '2026-01-13', '16:00:00', '18:00:00'),
(50, '2026-01-14', '16:00:00', '18:00:00'),
(50, '2026-01-15', '16:00:00', '18:00:00'),
(50, '2026-01-16', '16:00:00', '18:00:00'),
(50, '2026-01-17', '16:00:00', '18:00:00'),
(50, '2026-01-19', '16:00:00', '18:00:00'),
(50, '2026-01-20', '16:00:00', '18:00:00'),
(50, '2026-01-21', '16:00:00', '18:00:00'),
(50, '2026-01-22', '16:00:00', '18:00:00'),
(50, '2026-01-23', '16:00:00', '18:00:00'),
(50, '2026-01-24', '16:00:00', '18:00:00'),
(50, '2026-01-26', '16:00:00', '18:00:00'),
(50, '2026-01-27', '16:00:00', '18:00:00'),
(50, '2026-01-28', '16:00:00', '18:00:00'),
(50, '2026-01-29', '16:00:00', '18:00:00'),
(50, '2026-01-30', '16:00:00', '18:00:00'),
(50, '2026-01-31', '16:00:00', '18:00:00'),
(51, '2026-02-02', '08:00:00', '10:00:00'),
(51, '2026-02-03', '08:00:00', '10:00:00'),
(51, '2026-02-04', '08:00:00', '10:00:00'),
(51, '2026-02-05', '08:00:00', '10:00:00'),
(51, '2026-02-06', '08:00:00', '10:00:00'),
(51, '2026-02-07', '08:00:00', '10:00:00'),
(51, '2026-02-09', '08:00:00', '10:00:00'),
(51, '2026-02-10', '08:00:00', '10:00:00'),
(51, '2026-02-11', '08:00:00', '10:00:00'),
(51, '2026-02-12', '08:00:00', '10:00:00'),
(51, '2026-02-13', '08:00:00', '10:00:00'),
(51, '2026-02-14', '08:00:00', '10:00:00'),
(51, '2026-02-16', '08:00:00', '10:00:00'),
(51, '2026-02-17', '08:00:00', '10:00:00'),
(51, '2026-02-18', '08:00:00', '10:00:00'),
(51, '2026-02-19', '08:00:00', '10:00:00'),
(51, '2026-02-20', '08:00:00', '10:00:00'),
(51, '2026-02-21', '08:00:00', '10:00:00'),
(51, '2026-02-23', '08:00:00', '10:00:00'),
(51, '2026-02-24', '08:00:00', '10:00:00'),
(51, '2026-02-25', '08:00:00', '10:00:00'),
(51, '2026-02-26', '08:00:00', '10:00:00'),
(51, '2026-02-27', '08:00:00', '10:00:00'),
(51, '2026-02-28', '08:00:00', '10:00:00'),
(52, '2026-02-02', '12:00:00', '14:00:00'),
(52, '2026-02-03', '12:00:00', '14:00:00'),
(52, '2026-02-04', '12:00:00', '14:00:00'),
(52, '2026-02-05', '12:00:00', '14:00:00'),
(52, '2026-02-06', '12:00:00', '14:00:00'),
(52, '2026-02-07', '12:00:00', '14:00:00'),
(52, '2026-02-09', '12:00:00', '14:00:00'),
(52, '2026-02-10', '12:00:00', '14:00:00'),
(52, '2026-02-11', '12:00:00', '14:00:00'),
(52, '2026-02-12', '12:00:00', '14:00:00'),
(52, '2026-02-13', '12:00:00', '14:00:00'),
(52, '2026-02-14', '12:00:00', '14:00:00'),
(52, '2026-02-16', '12:00:00', '14:00:00'),
(52, '2026-02-17', '12:00:00', '14:00:00'),
(52, '2026-02-18', '12:00:00', '14:00:00'),
(52, '2026-02-19', '12:00:00', '14:00:00'),
(52, '2026-02-20', '12:00:00', '14:00:00'),
(52, '2026-02-21', '12:00:00', '14:00:00'),
(52, '2026-02-23', '12:00:00', '14:00:00'),
(52, '2026-02-24', '12:00:00', '14:00:00'),
(52, '2026-02-25', '12:00:00', '14:00:00'),
(52, '2026-02-26', '12:00:00', '14:00:00'),
(52, '2026-02-27', '12:00:00', '14:00:00'),
(52, '2026-02-28', '12:00:00', '14:00:00'),
(53, '2026-02-02', '10:00:00', '12:00:00'),
(53, '2026-02-03', '10:00:00', '12:00:00'),
(53, '2026-02-04', '10:00:00', '12:00:00'),
(53, '2026-02-05', '10:00:00', '12:00:00'),
(53, '2026-02-06', '10:00:00', '12:00:00'),
(53, '2026-02-07', '10:00:00', '12:00:00'),
(53, '2026-02-09', '10:00:00', '12:00:00'),
(53, '2026-02-10', '10:00:00', '12:00:00'),
(53, '2026-02-11', '10:00:00', '12:00:00'),
(53, '2026-02-12', '10:00:00', '12:00:00'),
(53, '2026-02-13', '10:00:00', '12:00:00'),
(53, '2026-02-14', '10:00:00', '12:00:00'),
(53, '2026-02-16', '10:00:00', '12:00:00'),
(53, '2026-02-17', '10:00:00', '12:00:00'),
(53, '2026-02-18', '10:00:00', '12:00:00'),
(53, '2026-02-19', '10:00:00', '12:00:00'),
(53, '2026-02-20', '10:00:00', '12:00:00'),
(53, '2026-02-21', '10:00:00', '12:00:00'),
(53, '2026-02-23', '10:00:00', '12:00:00'),
(53, '2026-02-24', '10:00:00', '12:00:00'),
(53, '2026-02-25', '10:00:00', '12:00:00'),
(53, '2026-02-26', '10:00:00', '12:00:00'),
(53, '2026-02-27', '10:00:00', '12:00:00'),
(53, '2026-02-28', '10:00:00', '12:00:00'),
(54, '2026-02-02', '14:00:00', '16:00:00'),
(54, '2026-02-03', '14:00:00', '16:00:00'),
(54, '2026-02-04', '14:00:00', '16:00:00'),
(54, '2026-02-05', '14:00:00', '16:00:00'),
(54, '2026-02-06', '14:00:00', '16:00:00'),
(54, '2026-02-07', '14:00:00', '16:00:00'),
(54, '2026-02-09', '14:00:00', '16:00:00'),
(54, '2026-02-10', '14:00:00', '16:00:00'),
(54, '2026-02-11', '14:00:00', '16:00:00'),
(54, '2026-02-12', '14:00:00', '16:00:00'),
(54, '2026-02-13', '14:00:00', '16:00:00'),
(54, '2026-02-14', '14:00:00', '16:00:00'),
(54, '2026-02-16', '14:00:00', '16:00:00'),
(54, '2026-02-17', '14:00:00', '16:00:00'),
(54, '2026-02-18', '14:00:00', '16:00:00'),
(54, '2026-02-19', '14:00:00', '16:00:00'),
(54, '2026-02-20', '14:00:00', '16:00:00'),
(54, '2026-02-21', '14:00:00', '16:00:00'),
(54, '2026-02-23', '14:00:00', '16:00:00'),
(54, '2026-02-24', '14:00:00', '16:00:00'),
(54, '2026-02-25', '14:00:00', '16:00:00'),
(54, '2026-02-26', '14:00:00', '16:00:00'),
(54, '2026-02-27', '14:00:00', '16:00:00'),
(54, '2026-02-28', '14:00:00', '16:00:00'),
(55, '2026-02-02', '10:00:00', '12:00:00'),
(55, '2026-02-03', '10:00:00', '12:00:00'),
(55, '2026-02-04', '10:00:00', '12:00:00'),
(55, '2026-02-05', '10:00:00', '12:00:00'),
(55, '2026-02-06', '10:00:00', '12:00:00'),
(55, '2026-02-07', '10:00:00', '12:00:00'),
(55, '2026-02-09', '10:00:00', '12:00:00'),
(55, '2026-02-10', '10:00:00', '12:00:00'),
(55, '2026-02-11', '10:00:00', '12:00:00'),
(55, '2026-02-12', '10:00:00', '12:00:00'),
(55, '2026-02-13', '10:00:00', '12:00:00'),
(55, '2026-02-14', '10:00:00', '12:00:00'),
(55, '2026-02-16', '10:00:00', '12:00:00'),
(55, '2026-02-17', '10:00:00', '12:00:00'),
(55, '2026-02-18', '10:00:00', '12:00:00'),
(55, '2026-02-19', '10:00:00', '12:00:00'),
(55, '2026-02-20', '10:00:00', '12:00:00'),
(55, '2026-02-21', '10:00:00', '12:00:00'),
(55, '2026-02-23', '10:00:00', '12:00:00'),
(55, '2026-02-24', '10:00:00', '12:00:00'),
(55, '2026-02-25', '10:00:00', '12:00:00'),
(55, '2026-02-26', '10:00:00', '12:00:00'),
(55, '2026-02-27', '10:00:00', '12:00:00'),
(55, '2026-02-28', '10:00:00', '12:00:00'),
(56, '2026-02-02', '06:00:00', '08:00:00'),
(56, '2026-02-03', '06:00:00', '08:00:00'),
(56, '2026-02-04', '06:00:00', '08:00:00'),
(56, '2026-02-05', '06:00:00', '08:00:00'),
(56, '2026-02-06', '06:00:00', '08:00:00'),
(56, '2026-02-07', '06:00:00', '08:00:00'),
(56, '2026-02-09', '06:00:00', '08:00:00'),
(56, '2026-02-10', '06:00:00', '08:00:00'),
(56, '2026-02-11', '06:00:00', '08:00:00'),
(56, '2026-02-12', '06:00:00', '08:00:00'),
(56, '2026-02-13', '06:00:00', '08:00:00'),
(56, '2026-02-14', '06:00:00', '08:00:00'),
(56, '2026-02-16', '06:00:00', '08:00:00'),
(56, '2026-02-17', '06:00:00', '08:00:00'),
(56, '2026-02-18', '06:00:00', '08:00:00'),
(56, '2026-02-19', '06:00:00', '08:00:00'),
(56, '2026-02-20', '06:00:00', '08:00:00'),
(56, '2026-02-21', '06:00:00', '08:00:00'),
(56, '2026-02-23', '06:00:00', '08:00:00'),
(56, '2026-02-24', '06:00:00', '08:00:00'),
(56, '2026-02-25', '06:00:00', '08:00:00'),
(56, '2026-02-26', '06:00:00', '08:00:00'),
(56, '2026-02-27', '06:00:00', '08:00:00'),
(56, '2026-02-28', '06:00:00', '08:00:00'),
(57, '2026-02-02', '06:00:00', '08:00:00'),
(57, '2026-02-03', '06:00:00', '08:00:00'),
(57, '2026-02-04', '06:00:00', '08:00:00'),
(57, '2026-02-05', '06:00:00', '08:00:00'),
(57, '2026-02-06', '06:00:00', '08:00:00'),
(57, '2026-02-07', '06:00:00', '08:00:00'),
(57, '2026-02-09', '06:00:00', '08:00:00'),
(57, '2026-02-10', '06:00:00', '08:00:00'),
(57, '2026-02-11', '06:00:00', '08:00:00'),
(57, '2026-02-12', '06:00:00', '08:00:00'),
(57, '2026-02-13', '06:00:00', '08:00:00'),
(57, '2026-02-14', '06:00:00', '08:00:00'),
(57, '2026-02-16', '06:00:00', '08:00:00'),
(57, '2026-02-17', '06:00:00', '08:00:00'),
(57, '2026-02-18', '06:00:00', '08:00:00'),
(57, '2026-02-19', '06:00:00', '08:00:00'),
(57, '2026-02-20', '06:00:00', '08:00:00'),
(57, '2026-02-21', '06:00:00', '08:00:00'),
(57, '2026-02-23', '06:00:00', '08:00:00'),
(57, '2026-02-24', '06:00:00', '08:00:00'),
(57, '2026-02-25', '06:00:00', '08:00:00'),
(57, '2026-02-26', '06:00:00', '08:00:00'),
(57, '2026-02-27', '06:00:00', '08:00:00'),
(57, '2026-02-28', '06:00:00', '08:00:00'),
(58, '2026-02-02', '12:00:00', '14:00:00'),
(58, '2026-02-03', '12:00:00', '14:00:00'),
(58, '2026-02-04', '12:00:00', '14:00:00'),
(58, '2026-02-05', '12:00:00', '14:00:00'),
(58, '2026-02-06', '12:00:00', '14:00:00'),
(58, '2026-02-07', '12:00:00', '14:00:00'),
(58, '2026-02-09', '12:00:00', '14:00:00'),
(58, '2026-02-10', '12:00:00', '14:00:00'),
(58, '2026-02-11', '12:00:00', '14:00:00'),
(58, '2026-02-12', '12:00:00', '14:00:00'),
(58, '2026-02-13', '12:00:00', '14:00:00'),
(58, '2026-02-14', '12:00:00', '14:00:00'),
(58, '2026-02-16', '12:00:00', '14:00:00'),
(58, '2026-02-17', '12:00:00', '14:00:00'),
(58, '2026-02-18', '12:00:00', '14:00:00'),
(58, '2026-02-19', '12:00:00', '14:00:00'),
(58, '2026-02-20', '12:00:00', '14:00:00'),
(58, '2026-02-21', '12:00:00', '14:00:00'),
(58, '2026-02-23', '12:00:00', '14:00:00'),
(58, '2026-02-24', '12:00:00', '14:00:00'),
(58, '2026-02-25', '12:00:00', '14:00:00'),
(58, '2026-02-26', '12:00:00', '14:00:00'),
(58, '2026-02-27', '12:00:00', '14:00:00'),
(58, '2026-02-28', '12:00:00', '14:00:00'),
(59, '2026-02-02', '06:00:00', '08:00:00'),
(59, '2026-02-03', '06:00:00', '08:00:00'),
(59, '2026-02-04', '06:00:00', '08:00:00'),
(59, '2026-02-05', '06:00:00', '08:00:00'),
(59, '2026-02-06', '06:00:00', '08:00:00'),
(59, '2026-02-07', '06:00:00', '08:00:00'),
(59, '2026-02-09', '06:00:00', '08:00:00'),
(59, '2026-02-10', '06:00:00', '08:00:00'),
(59, '2026-02-11', '06:00:00', '08:00:00'),
(59, '2026-02-12', '06:00:00', '08:00:00'),
(59, '2026-02-13', '06:00:00', '08:00:00'),
(59, '2026-02-14', '06:00:00', '08:00:00'),
(59, '2026-02-16', '06:00:00', '08:00:00'),
(59, '2026-02-17', '06:00:00', '08:00:00'),
(59, '2026-02-18', '06:00:00', '08:00:00'),
(59, '2026-02-19', '06:00:00', '08:00:00'),
(59, '2026-02-20', '06:00:00', '08:00:00'),
(59, '2026-02-21', '06:00:00', '08:00:00'),
(59, '2026-02-23', '06:00:00', '08:00:00'),
(59, '2026-02-24', '06:00:00', '08:00:00'),
(59, '2026-02-25', '06:00:00', '08:00:00'),
(59, '2026-02-26', '06:00:00', '08:00:00'),
(59, '2026-02-27', '06:00:00', '08:00:00'),
(59, '2026-02-28', '06:00:00', '08:00:00'),
(60, '2026-02-02', '16:00:00', '18:00:00'),
(60, '2026-02-03', '16:00:00', '18:00:00'),
(60, '2026-02-04', '16:00:00', '18:00:00'),
(60, '2026-02-05', '16:00:00', '18:00:00'),
(60, '2026-02-06', '16:00:00', '18:00:00'),
(60, '2026-02-07', '16:00:00', '18:00:00'),
(60, '2026-02-09', '16:00:00', '18:00:00'),
(60, '2026-02-10', '16:00:00', '18:00:00'),
(60, '2026-02-11', '16:00:00', '18:00:00'),
(60, '2026-02-12', '16:00:00', '18:00:00'),
(60, '2026-02-13', '16:00:00', '18:00:00'),
(60, '2026-02-14', '16:00:00', '18:00:00'),
(60, '2026-02-16', '16:00:00', '18:00:00'),
(60, '2026-02-17', '16:00:00', '18:00:00'),
(60, '2026-02-18', '16:00:00', '18:00:00'),
(60, '2026-02-19', '16:00:00', '18:00:00'),
(60, '2026-02-20', '16:00:00', '18:00:00'),
(60, '2026-02-21', '16:00:00', '18:00:00'),
(60, '2026-02-23', '16:00:00', '18:00:00'),
(60, '2026-02-24', '16:00:00', '18:00:00'),
(60, '2026-02-25', '16:00:00', '18:00:00'),
(60, '2026-02-26', '16:00:00', '18:00:00'),
(60, '2026-02-27', '16:00:00', '18:00:00'),
(60, '2026-02-28', '16:00:00', '18:00:00'),
(61, '2026-03-02', '06:00:00', '08:00:00'),
(61, '2026-03-03', '06:00:00', '08:00:00'),
(61, '2026-03-04', '06:00:00', '08:00:00'),
(61, '2026-03-05', '06:00:00', '08:00:00'),
(61, '2026-03-06', '06:00:00', '08:00:00'),
(61, '2026-03-07', '06:00:00', '08:00:00'),
(61, '2026-03-09', '06:00:00', '08:00:00'),
(61, '2026-03-10', '06:00:00', '08:00:00'),
(61, '2026-03-11', '06:00:00', '08:00:00'),
(61, '2026-03-12', '06:00:00', '08:00:00'),
(61, '2026-03-13', '06:00:00', '08:00:00'),
(61, '2026-03-14', '06:00:00', '08:00:00'),
(61, '2026-03-16', '06:00:00', '08:00:00'),
(61, '2026-03-17', '06:00:00', '08:00:00'),
(61, '2026-03-18', '06:00:00', '08:00:00'),
(61, '2026-03-19', '06:00:00', '08:00:00'),
(61, '2026-03-20', '06:00:00', '08:00:00'),
(61, '2026-03-21', '06:00:00', '08:00:00'),
(61, '2026-03-23', '06:00:00', '08:00:00'),
(61, '2026-03-24', '06:00:00', '08:00:00'),
(61, '2026-03-25', '06:00:00', '08:00:00'),
(61, '2026-03-26', '06:00:00', '08:00:00'),
(61, '2026-03-27', '06:00:00', '08:00:00'),
(61, '2026-03-28', '06:00:00', '08:00:00'),
(62, '2026-03-02', '08:00:00', '10:00:00'),
(62, '2026-03-03', '08:00:00', '10:00:00'),
(62, '2026-03-04', '08:00:00', '10:00:00'),
(62, '2026-03-05', '08:00:00', '10:00:00'),
(62, '2026-03-06', '08:00:00', '10:00:00'),
(62, '2026-03-07', '08:00:00', '10:00:00'),
(62, '2026-03-09', '08:00:00', '10:00:00'),
(62, '2026-03-10', '08:00:00', '10:00:00'),
(62, '2026-03-11', '08:00:00', '10:00:00'),
(62, '2026-03-12', '08:00:00', '10:00:00'),
(62, '2026-03-13', '08:00:00', '10:00:00'),
(62, '2026-03-14', '08:00:00', '10:00:00'),
(62, '2026-03-16', '08:00:00', '10:00:00'),
(62, '2026-03-17', '08:00:00', '10:00:00'),
(62, '2026-03-18', '08:00:00', '10:00:00'),
(62, '2026-03-19', '08:00:00', '10:00:00'),
(62, '2026-03-20', '08:00:00', '10:00:00'),
(62, '2026-03-21', '08:00:00', '10:00:00'),
(62, '2026-03-23', '08:00:00', '10:00:00'),
(62, '2026-03-24', '08:00:00', '10:00:00'),
(62, '2026-03-25', '08:00:00', '10:00:00'),
(62, '2026-03-26', '08:00:00', '10:00:00'),
(62, '2026-03-27', '08:00:00', '10:00:00'),
(62, '2026-03-28', '08:00:00', '10:00:00'),
(63, '2026-03-02', '10:00:00', '12:00:00'),
(63, '2026-03-03', '10:00:00', '12:00:00'),
(63, '2026-03-04', '10:00:00', '12:00:00'),
(63, '2026-03-05', '10:00:00', '12:00:00'),
(63, '2026-03-06', '10:00:00', '12:00:00'),
(63, '2026-03-07', '10:00:00', '12:00:00'),
(63, '2026-03-09', '10:00:00', '12:00:00'),
(63, '2026-03-10', '10:00:00', '12:00:00'),
(63, '2026-03-11', '10:00:00', '12:00:00'),
(63, '2026-03-12', '10:00:00', '12:00:00'),
(63, '2026-03-13', '10:00:00', '12:00:00'),
(63, '2026-03-14', '10:00:00', '12:00:00'),
(63, '2026-03-16', '10:00:00', '12:00:00'),
(63, '2026-03-17', '10:00:00', '12:00:00'),
(63, '2026-03-18', '10:00:00', '12:00:00'),
(63, '2026-03-19', '10:00:00', '12:00:00'),
(63, '2026-03-20', '10:00:00', '12:00:00'),
(63, '2026-03-21', '10:00:00', '12:00:00'),
(63, '2026-03-23', '10:00:00', '12:00:00'),
(63, '2026-03-24', '10:00:00', '12:00:00'),
(63, '2026-03-25', '10:00:00', '12:00:00'),
(63, '2026-03-26', '10:00:00', '12:00:00'),
(63, '2026-03-27', '10:00:00', '12:00:00'),
(63, '2026-03-28', '10:00:00', '12:00:00'),
(64, '2026-03-02', '12:00:00', '14:00:00'),
(64, '2026-03-03', '12:00:00', '14:00:00'),
(64, '2026-03-04', '12:00:00', '14:00:00'),
(64, '2026-03-05', '12:00:00', '14:00:00'),
(64, '2026-03-06', '12:00:00', '14:00:00'),
(64, '2026-03-07', '12:00:00', '14:00:00'),
(64, '2026-03-09', '12:00:00', '14:00:00'),
(64, '2026-03-10', '12:00:00', '14:00:00'),
(64, '2026-03-11', '12:00:00', '14:00:00'),
(64, '2026-03-12', '12:00:00', '14:00:00'),
(64, '2026-03-13', '12:00:00', '14:00:00'),
(64, '2026-03-14', '12:00:00', '14:00:00'),
(64, '2026-03-16', '12:00:00', '14:00:00'),
(64, '2026-03-17', '12:00:00', '14:00:00'),
(64, '2026-03-18', '12:00:00', '14:00:00'),
(64, '2026-03-19', '12:00:00', '14:00:00'),
(64, '2026-03-20', '12:00:00', '14:00:00'),
(64, '2026-03-21', '12:00:00', '14:00:00'),
(64, '2026-03-23', '12:00:00', '14:00:00'),
(64, '2026-03-24', '12:00:00', '14:00:00'),
(64, '2026-03-25', '12:00:00', '14:00:00'),
(64, '2026-03-26', '12:00:00', '14:00:00'),
(64, '2026-03-27', '12:00:00', '14:00:00'),
(64, '2026-03-28', '12:00:00', '14:00:00'),
(65, '2026-03-02', '14:00:00', '16:00:00'),
(65, '2026-03-03', '14:00:00', '16:00:00'),
(65, '2026-03-04', '14:00:00', '16:00:00'),
(65, '2026-03-05', '14:00:00', '16:00:00'),
(65, '2026-03-06', '14:00:00', '16:00:00'),
(65, '2026-03-07', '14:00:00', '16:00:00'),
(65, '2026-03-09', '14:00:00', '16:00:00'),
(65, '2026-03-10', '14:00:00', '16:00:00'),
(65, '2026-03-11', '14:00:00', '16:00:00'),
(65, '2026-03-12', '14:00:00', '16:00:00'),
(65, '2026-03-13', '14:00:00', '16:00:00'),
(65, '2026-03-14', '14:00:00', '16:00:00'),
(65, '2026-03-16', '14:00:00', '16:00:00'),
(65, '2026-03-17', '14:00:00', '16:00:00'),
(65, '2026-03-18', '14:00:00', '16:00:00'),
(65, '2026-03-19', '14:00:00', '16:00:00'),
(65, '2026-03-20', '14:00:00', '16:00:00'),
(65, '2026-03-21', '14:00:00', '16:00:00'),
(65, '2026-03-23', '14:00:00', '16:00:00'),
(65, '2026-03-24', '14:00:00', '16:00:00'),
(65, '2026-03-25', '14:00:00', '16:00:00'),
(65, '2026-03-26', '14:00:00', '16:00:00'),
(65, '2026-03-27', '14:00:00', '16:00:00'),
(65, '2026-03-28', '14:00:00', '16:00:00'),
(66, '2026-03-02', '18:00:00', '20:00:00'),
(66, '2026-03-03', '18:00:00', '20:00:00'),
(66, '2026-03-04', '18:00:00', '20:00:00'),
(66, '2026-03-05', '18:00:00', '20:00:00'),
(66, '2026-03-06', '18:00:00', '20:00:00'),
(66, '2026-03-07', '18:00:00', '20:00:00'),
(66, '2026-03-09', '18:00:00', '20:00:00'),
(66, '2026-03-10', '18:00:00', '20:00:00'),
(66, '2026-03-11', '18:00:00', '20:00:00'),
(66, '2026-03-12', '18:00:00', '20:00:00'),
(66, '2026-03-13', '18:00:00', '20:00:00'),
(66, '2026-03-14', '18:00:00', '20:00:00'),
(66, '2026-03-16', '18:00:00', '20:00:00'),
(66, '2026-03-17', '18:00:00', '20:00:00'),
(66, '2026-03-18', '18:00:00', '20:00:00'),
(66, '2026-03-19', '18:00:00', '20:00:00'),
(66, '2026-03-20', '18:00:00', '20:00:00'),
(66, '2026-03-21', '18:00:00', '20:00:00'),
(66, '2026-03-23', '18:00:00', '20:00:00'),
(66, '2026-03-24', '18:00:00', '20:00:00'),
(66, '2026-03-25', '18:00:00', '20:00:00'),
(66, '2026-03-26', '18:00:00', '20:00:00'),
(66, '2026-03-27', '18:00:00', '20:00:00'),
(66, '2026-03-28', '18:00:00', '20:00:00'),
(67, '2026-03-02', '08:00:00', '10:00:00'),
(67, '2026-03-03', '08:00:00', '10:00:00'),
(67, '2026-03-04', '08:00:00', '10:00:00'),
(67, '2026-03-05', '08:00:00', '10:00:00'),
(67, '2026-03-06', '08:00:00', '10:00:00'),
(67, '2026-03-07', '08:00:00', '10:00:00'),
(67, '2026-03-09', '08:00:00', '10:00:00'),
(67, '2026-03-10', '08:00:00', '10:00:00'),
(67, '2026-03-11', '08:00:00', '10:00:00'),
(67, '2026-03-12', '08:00:00', '10:00:00'),
(67, '2026-03-13', '08:00:00', '10:00:00'),
(67, '2026-03-14', '08:00:00', '10:00:00'),
(67, '2026-03-16', '08:00:00', '10:00:00'),
(67, '2026-03-17', '08:00:00', '10:00:00'),
(67, '2026-03-18', '08:00:00', '10:00:00'),
(67, '2026-03-19', '08:00:00', '10:00:00'),
(67, '2026-03-20', '08:00:00', '10:00:00'),
(67, '2026-03-21', '08:00:00', '10:00:00'),
(67, '2026-03-23', '08:00:00', '10:00:00'),
(67, '2026-03-24', '08:00:00', '10:00:00'),
(67, '2026-03-25', '08:00:00', '10:00:00'),
(67, '2026-03-26', '08:00:00', '10:00:00'),
(67, '2026-03-27', '08:00:00', '10:00:00'),
(67, '2026-03-28', '08:00:00', '10:00:00'),
(68, '2026-03-02', '06:00:00', '08:00:00'),
(68, '2026-03-03', '06:00:00', '08:00:00'),
(68, '2026-03-04', '06:00:00', '08:00:00'),
(68, '2026-03-05', '06:00:00', '08:00:00'),
(68, '2026-03-06', '06:00:00', '08:00:00'),
(68, '2026-03-07', '06:00:00', '08:00:00'),
(68, '2026-03-09', '06:00:00', '08:00:00'),
(68, '2026-03-10', '06:00:00', '08:00:00'),
(68, '2026-03-11', '06:00:00', '08:00:00'),
(68, '2026-03-12', '06:00:00', '08:00:00'),
(68, '2026-03-13', '06:00:00', '08:00:00'),
(68, '2026-03-14', '06:00:00', '08:00:00'),
(68, '2026-03-16', '06:00:00', '08:00:00'),
(68, '2026-03-17', '06:00:00', '08:00:00'),
(68, '2026-03-18', '06:00:00', '08:00:00'),
(68, '2026-03-19', '06:00:00', '08:00:00'),
(68, '2026-03-20', '06:00:00', '08:00:00'),
(68, '2026-03-21', '06:00:00', '08:00:00'),
(68, '2026-03-23', '06:00:00', '08:00:00'),
(68, '2026-03-24', '06:00:00', '08:00:00'),
(68, '2026-03-25', '06:00:00', '08:00:00'),
(68, '2026-03-26', '06:00:00', '08:00:00'),
(68, '2026-03-27', '06:00:00', '08:00:00'),
(68, '2026-03-28', '06:00:00', '08:00:00'),
(69, '2026-03-02', '14:00:00', '16:00:00'),
(69, '2026-03-03', '14:00:00', '16:00:00'),
(69, '2026-03-04', '14:00:00', '16:00:00'),
(69, '2026-03-05', '14:00:00', '16:00:00'),
(69, '2026-03-06', '14:00:00', '16:00:00'),
(69, '2026-03-07', '14:00:00', '16:00:00'),
(69, '2026-03-09', '14:00:00', '16:00:00'),
(69, '2026-03-10', '14:00:00', '16:00:00'),
(69, '2026-03-11', '14:00:00', '16:00:00'),
(69, '2026-03-12', '14:00:00', '16:00:00'),
(69, '2026-03-13', '14:00:00', '16:00:00'),
(69, '2026-03-14', '14:00:00', '16:00:00'),
(69, '2026-03-16', '14:00:00', '16:00:00'),
(69, '2026-03-17', '14:00:00', '16:00:00'),
(69, '2026-03-18', '14:00:00', '16:00:00'),
(69, '2026-03-19', '14:00:00', '16:00:00'),
(69, '2026-03-20', '14:00:00', '16:00:00'),
(69, '2026-03-21', '14:00:00', '16:00:00'),
(69, '2026-03-23', '14:00:00', '16:00:00'),
(69, '2026-03-24', '14:00:00', '16:00:00'),
(69, '2026-03-25', '14:00:00', '16:00:00'),
(69, '2026-03-26', '14:00:00', '16:00:00'),
(69, '2026-03-27', '14:00:00', '16:00:00'),
(69, '2026-03-28', '14:00:00', '16:00:00'),
(70, '2026-03-02', '18:00:00', '20:00:00'),
(70, '2026-03-03', '18:00:00', '20:00:00'),
(70, '2026-03-04', '18:00:00', '20:00:00'),
(70, '2026-03-05', '18:00:00', '20:00:00'),
(70, '2026-03-06', '18:00:00', '20:00:00'),
(70, '2026-03-07', '18:00:00', '20:00:00'),
(70, '2026-03-09', '18:00:00', '20:00:00'),
(70, '2026-03-10', '18:00:00', '20:00:00'),
(70, '2026-03-11', '18:00:00', '20:00:00'),
(70, '2026-03-12', '18:00:00', '20:00:00'),
(70, '2026-03-13', '18:00:00', '20:00:00'),
(70, '2026-03-14', '18:00:00', '20:00:00'),
(70, '2026-03-16', '18:00:00', '20:00:00'),
(70, '2026-03-17', '18:00:00', '20:00:00'),
(70, '2026-03-18', '18:00:00', '20:00:00'),
(70, '2026-03-19', '18:00:00', '20:00:00'),
(70, '2026-03-20', '18:00:00', '20:00:00'),
(70, '2026-03-21', '18:00:00', '20:00:00'),
(70, '2026-03-23', '18:00:00', '20:00:00'),
(70, '2026-03-24', '18:00:00', '20:00:00'),
(70, '2026-03-25', '18:00:00', '20:00:00'),
(70, '2026-03-26', '18:00:00', '20:00:00'),
(70, '2026-03-27', '18:00:00', '20:00:00'),
(70, '2026-03-28', '18:00:00', '20:00:00'),
(71, '2026-03-02', '14:00:00', '16:00:00'),
(71, '2026-03-03', '14:00:00', '16:00:00'),
(71, '2026-03-04', '14:00:00', '16:00:00'),
(71, '2026-03-05', '14:00:00', '16:00:00'),
(71, '2026-03-06', '14:00:00', '16:00:00'),
(71, '2026-03-07', '14:00:00', '16:00:00'),
(71, '2026-03-09', '14:00:00', '16:00:00'),
(71, '2026-03-10', '14:00:00', '16:00:00'),
(71, '2026-03-11', '14:00:00', '16:00:00'),
(71, '2026-03-12', '14:00:00', '16:00:00'),
(71, '2026-03-13', '14:00:00', '16:00:00'),
(71, '2026-03-14', '14:00:00', '16:00:00'),
(71, '2026-03-16', '14:00:00', '16:00:00'),
(71, '2026-03-17', '14:00:00', '16:00:00'),
(71, '2026-03-18', '14:00:00', '16:00:00'),
(71, '2026-03-19', '14:00:00', '16:00:00'),
(71, '2026-03-20', '14:00:00', '16:00:00'),
(71, '2026-03-21', '14:00:00', '16:00:00'),
(71, '2026-03-23', '14:00:00', '16:00:00'),
(71, '2026-03-24', '14:00:00', '16:00:00'),
(71, '2026-03-25', '14:00:00', '16:00:00'),
(71, '2026-03-26', '14:00:00', '16:00:00'),
(71, '2026-03-27', '14:00:00', '16:00:00'),
(71, '2026-03-28', '14:00:00', '16:00:00'),
(72, '2026-03-02', '20:00:00', '22:00:00'),
(72, '2026-03-03', '20:00:00', '22:00:00'),
(72, '2026-03-04', '20:00:00', '22:00:00'),
(72, '2026-03-05', '20:00:00', '22:00:00'),
(72, '2026-03-06', '20:00:00', '22:00:00'),
(72, '2026-03-07', '20:00:00', '22:00:00'),
(72, '2026-03-09', '20:00:00', '22:00:00'),
(72, '2026-03-10', '20:00:00', '22:00:00'),
(72, '2026-03-11', '20:00:00', '22:00:00'),
(72, '2026-03-12', '20:00:00', '22:00:00'),
(72, '2026-03-13', '20:00:00', '22:00:00'),
(72, '2026-03-14', '20:00:00', '22:00:00'),
(72, '2026-03-16', '20:00:00', '22:00:00'),
(72, '2026-03-17', '20:00:00', '22:00:00'),
(72, '2026-03-18', '20:00:00', '22:00:00'),
(72, '2026-03-19', '20:00:00', '22:00:00'),
(72, '2026-03-20', '20:00:00', '22:00:00'),
(72, '2026-03-21', '20:00:00', '22:00:00'),
(72, '2026-03-23', '20:00:00', '22:00:00'),
(72, '2026-03-24', '20:00:00', '22:00:00'),
(72, '2026-03-25', '20:00:00', '22:00:00'),
(72, '2026-03-26', '20:00:00', '22:00:00'),
(72, '2026-03-27', '20:00:00', '22:00:00'),
(72, '2026-03-28', '20:00:00', '22:00:00'),
(73, '2026-03-02', '08:00:00', '10:00:00'),
(73, '2026-03-03', '08:00:00', '10:00:00'),
(73, '2026-03-04', '08:00:00', '10:00:00'),
(73, '2026-03-05', '08:00:00', '10:00:00'),
(73, '2026-03-06', '08:00:00', '10:00:00'),
(73, '2026-03-07', '08:00:00', '10:00:00'),
(73, '2026-03-09', '08:00:00', '10:00:00'),
(73, '2026-03-10', '08:00:00', '10:00:00'),
(73, '2026-03-11', '08:00:00', '10:00:00'),
(73, '2026-03-12', '08:00:00', '10:00:00'),
(73, '2026-03-13', '08:00:00', '10:00:00'),
(73, '2026-03-14', '08:00:00', '10:00:00'),
(73, '2026-03-16', '08:00:00', '10:00:00'),
(73, '2026-03-17', '08:00:00', '10:00:00'),
(73, '2026-03-18', '08:00:00', '10:00:00'),
(73, '2026-03-19', '08:00:00', '10:00:00'),
(73, '2026-03-20', '08:00:00', '10:00:00'),
(73, '2026-03-21', '08:00:00', '10:00:00'),
(73, '2026-03-23', '08:00:00', '10:00:00'),
(73, '2026-03-24', '08:00:00', '10:00:00'),
(73, '2026-03-25', '08:00:00', '10:00:00'),
(73, '2026-03-26', '08:00:00', '10:00:00'),
(73, '2026-03-27', '08:00:00', '10:00:00'),
(73, '2026-03-28', '08:00:00', '10:00:00'),
(74, '2026-03-02', '18:00:00', '20:00:00'),
(74, '2026-03-03', '18:00:00', '20:00:00'),
(74, '2026-03-04', '18:00:00', '20:00:00'),
(74, '2026-03-05', '18:00:00', '20:00:00'),
(74, '2026-03-06', '18:00:00', '20:00:00'),
(74, '2026-03-07', '18:00:00', '20:00:00'),
(74, '2026-03-09', '18:00:00', '20:00:00'),
(74, '2026-03-10', '18:00:00', '20:00:00'),
(74, '2026-03-11', '18:00:00', '20:00:00'),
(74, '2026-03-12', '18:00:00', '20:00:00'),
(74, '2026-03-13', '18:00:00', '20:00:00'),
(74, '2026-03-14', '18:00:00', '20:00:00'),
(74, '2026-03-16', '18:00:00', '20:00:00'),
(74, '2026-03-17', '18:00:00', '20:00:00'),
(74, '2026-03-18', '18:00:00', '20:00:00'),
(74, '2026-03-19', '18:00:00', '20:00:00'),
(74, '2026-03-20', '18:00:00', '20:00:00'),
(74, '2026-03-21', '18:00:00', '20:00:00'),
(74, '2026-03-23', '18:00:00', '20:00:00'),
(74, '2026-03-24', '18:00:00', '20:00:00'),
(74, '2026-03-25', '18:00:00', '20:00:00'),
(74, '2026-03-26', '18:00:00', '20:00:00'),
(74, '2026-03-27', '18:00:00', '20:00:00'),
(74, '2026-03-28', '18:00:00', '20:00:00'),
(75, '2026-03-02', '08:00:00', '10:00:00'),
(75, '2026-03-03', '08:00:00', '10:00:00'),
(75, '2026-03-04', '08:00:00', '10:00:00'),
(75, '2026-03-05', '08:00:00', '10:00:00'),
(75, '2026-03-06', '08:00:00', '10:00:00'),
(75, '2026-03-07', '08:00:00', '10:00:00'),
(75, '2026-03-09', '08:00:00', '10:00:00'),
(75, '2026-03-10', '08:00:00', '10:00:00'),
(75, '2026-03-11', '08:00:00', '10:00:00'),
(75, '2026-03-12', '08:00:00', '10:00:00'),
(75, '2026-03-13', '08:00:00', '10:00:00'),
(75, '2026-03-14', '08:00:00', '10:00:00'),
(75, '2026-03-16', '08:00:00', '10:00:00'),
(75, '2026-03-17', '08:00:00', '10:00:00'),
(75, '2026-03-18', '08:00:00', '10:00:00'),
(75, '2026-03-19', '08:00:00', '10:00:00'),
(75, '2026-03-20', '08:00:00', '10:00:00'),
(75, '2026-03-21', '08:00:00', '10:00:00'),
(75, '2026-03-23', '08:00:00', '10:00:00'),
(75, '2026-03-24', '08:00:00', '10:00:00'),
(75, '2026-03-25', '08:00:00', '10:00:00'),
(75, '2026-03-26', '08:00:00', '10:00:00'),
(75, '2026-03-27', '08:00:00', '10:00:00'),
(75, '2026-03-28', '08:00:00', '10:00:00'),
(76, '2026-03-02', '20:00:00', '22:00:00'),
(76, '2026-03-03', '20:00:00', '22:00:00'),
(76, '2026-03-04', '20:00:00', '22:00:00'),
(76, '2026-03-05', '20:00:00', '22:00:00'),
(76, '2026-03-06', '20:00:00', '22:00:00'),
(76, '2026-03-07', '20:00:00', '22:00:00'),
(76, '2026-03-09', '20:00:00', '22:00:00'),
(76, '2026-03-10', '20:00:00', '22:00:00'),
(76, '2026-03-11', '20:00:00', '22:00:00'),
(76, '2026-03-12', '20:00:00', '22:00:00'),
(76, '2026-03-13', '20:00:00', '22:00:00'),
(76, '2026-03-14', '20:00:00', '22:00:00'),
(76, '2026-03-16', '20:00:00', '22:00:00'),
(76, '2026-03-17', '20:00:00', '22:00:00'),
(76, '2026-03-18', '20:00:00', '22:00:00'),
(76, '2026-03-19', '20:00:00', '22:00:00'),
(76, '2026-03-20', '20:00:00', '22:00:00'),
(76, '2026-03-21', '20:00:00', '22:00:00'),
(76, '2026-03-23', '20:00:00', '22:00:00'),
(76, '2026-03-24', '20:00:00', '22:00:00'),
(76, '2026-03-25', '20:00:00', '22:00:00'),
(76, '2026-03-26', '20:00:00', '22:00:00'),
(76, '2026-03-27', '20:00:00', '22:00:00'),
(76, '2026-03-28', '20:00:00', '22:00:00'),
(77, '2026-03-02', '06:00:00', '08:00:00'),
(77, '2026-03-03', '06:00:00', '08:00:00'),
(77, '2026-03-04', '06:00:00', '08:00:00'),
(77, '2026-03-05', '06:00:00', '08:00:00'),
(77, '2026-03-06', '06:00:00', '08:00:00'),
(77, '2026-03-07', '06:00:00', '08:00:00'),
(77, '2026-03-09', '06:00:00', '08:00:00'),
(77, '2026-03-10', '06:00:00', '08:00:00'),
(77, '2026-03-11', '06:00:00', '08:00:00'),
(77, '2026-03-12', '06:00:00', '08:00:00'),
(77, '2026-03-13', '06:00:00', '08:00:00'),
(77, '2026-03-14', '06:00:00', '08:00:00'),
(77, '2026-03-16', '06:00:00', '08:00:00'),
(77, '2026-03-17', '06:00:00', '08:00:00'),
(77, '2026-03-18', '06:00:00', '08:00:00'),
(77, '2026-03-19', '06:00:00', '08:00:00'),
(77, '2026-03-20', '06:00:00', '08:00:00'),
(77, '2026-03-21', '06:00:00', '08:00:00'),
(77, '2026-03-23', '06:00:00', '08:00:00'),
(77, '2026-03-24', '06:00:00', '08:00:00'),
(77, '2026-03-25', '06:00:00', '08:00:00'),
(77, '2026-03-26', '06:00:00', '08:00:00'),
(77, '2026-03-27', '06:00:00', '08:00:00'),
(77, '2026-03-28', '06:00:00', '08:00:00'),
(78, '2026-03-02', '12:00:00', '14:00:00'),
(78, '2026-03-03', '12:00:00', '14:00:00'),
(78, '2026-03-04', '12:00:00', '14:00:00'),
(78, '2026-03-05', '12:00:00', '14:00:00'),
(78, '2026-03-06', '12:00:00', '14:00:00'),
(78, '2026-03-07', '12:00:00', '14:00:00'),
(78, '2026-03-09', '12:00:00', '14:00:00'),
(78, '2026-03-10', '12:00:00', '14:00:00'),
(78, '2026-03-11', '12:00:00', '14:00:00'),
(78, '2026-03-12', '12:00:00', '14:00:00'),
(78, '2026-03-13', '12:00:00', '14:00:00'),
(78, '2026-03-14', '12:00:00', '14:00:00'),
(78, '2026-03-16', '12:00:00', '14:00:00'),
(78, '2026-03-17', '12:00:00', '14:00:00'),
(78, '2026-03-18', '12:00:00', '14:00:00'),
(78, '2026-03-19', '12:00:00', '14:00:00'),
(78, '2026-03-20', '12:00:00', '14:00:00'),
(78, '2026-03-21', '12:00:00', '14:00:00'),
(78, '2026-03-23', '12:00:00', '14:00:00'),
(78, '2026-03-24', '12:00:00', '14:00:00'),
(78, '2026-03-25', '12:00:00', '14:00:00'),
(78, '2026-03-26', '12:00:00', '14:00:00'),
(78, '2026-03-27', '12:00:00', '14:00:00'),
(78, '2026-03-28', '12:00:00', '14:00:00'),
(79, '2026-03-02', '06:00:00', '08:00:00'),
(79, '2026-03-03', '06:00:00', '08:00:00'),
(79, '2026-03-04', '06:00:00', '08:00:00'),
(79, '2026-03-05', '06:00:00', '08:00:00'),
(79, '2026-03-06', '06:00:00', '08:00:00'),
(79, '2026-03-07', '06:00:00', '08:00:00'),
(79, '2026-03-09', '06:00:00', '08:00:00'),
(79, '2026-03-10', '06:00:00', '08:00:00'),
(79, '2026-03-11', '06:00:00', '08:00:00'),
(79, '2026-03-12', '06:00:00', '08:00:00'),
(79, '2026-03-13', '06:00:00', '08:00:00'),
(79, '2026-03-14', '06:00:00', '08:00:00'),
(79, '2026-03-16', '06:00:00', '08:00:00'),
(79, '2026-03-17', '06:00:00', '08:00:00'),
(79, '2026-03-18', '06:00:00', '08:00:00'),
(79, '2026-03-19', '06:00:00', '08:00:00'),
(79, '2026-03-20', '06:00:00', '08:00:00'),
(79, '2026-03-21', '06:00:00', '08:00:00'),
(79, '2026-03-23', '06:00:00', '08:00:00'),
(79, '2026-03-24', '06:00:00', '08:00:00'),
(79, '2026-03-25', '06:00:00', '08:00:00'),
(79, '2026-03-26', '06:00:00', '08:00:00'),
(79, '2026-03-27', '06:00:00', '08:00:00'),
(79, '2026-03-28', '06:00:00', '08:00:00'),
(80, '2026-03-02', '14:00:00', '16:00:00'),
(80, '2026-03-03', '14:00:00', '16:00:00'),
(80, '2026-03-04', '14:00:00', '16:00:00'),
(80, '2026-03-05', '14:00:00', '16:00:00'),
(80, '2026-03-06', '14:00:00', '16:00:00'),
(80, '2026-03-07', '14:00:00', '16:00:00'),
(80, '2026-03-09', '14:00:00', '16:00:00'),
(80, '2026-03-10', '14:00:00', '16:00:00'),
(80, '2026-03-11', '14:00:00', '16:00:00'),
(80, '2026-03-12', '14:00:00', '16:00:00'),
(80, '2026-03-13', '14:00:00', '16:00:00'),
(80, '2026-03-14', '14:00:00', '16:00:00'),
(80, '2026-03-16', '14:00:00', '16:00:00'),
(80, '2026-03-17', '14:00:00', '16:00:00'),
(80, '2026-03-18', '14:00:00', '16:00:00'),
(80, '2026-03-19', '14:00:00', '16:00:00'),
(80, '2026-03-20', '14:00:00', '16:00:00'),
(80, '2026-03-21', '14:00:00', '16:00:00'),
(80, '2026-03-23', '14:00:00', '16:00:00'),
(80, '2026-03-24', '14:00:00', '16:00:00'),
(80, '2026-03-25', '14:00:00', '16:00:00'),
(80, '2026-03-26', '14:00:00', '16:00:00'),
(80, '2026-03-27', '14:00:00', '16:00:00'),
(80, '2026-03-28', '14:00:00', '16:00:00'),
(81, '2026-03-02', '06:00:00', '08:00:00'),
(81, '2026-03-03', '06:00:00', '08:00:00'),
(81, '2026-03-04', '06:00:00', '08:00:00'),
(81, '2026-03-05', '06:00:00', '08:00:00'),
(81, '2026-03-06', '06:00:00', '08:00:00'),
(81, '2026-03-07', '06:00:00', '08:00:00'),
(81, '2026-03-09', '06:00:00', '08:00:00'),
(81, '2026-03-10', '06:00:00', '08:00:00'),
(81, '2026-03-11', '06:00:00', '08:00:00'),
(81, '2026-03-12', '06:00:00', '08:00:00'),
(81, '2026-03-13', '06:00:00', '08:00:00'),
(81, '2026-03-14', '06:00:00', '08:00:00'),
(81, '2026-03-16', '06:00:00', '08:00:00'),
(81, '2026-03-17', '06:00:00', '08:00:00'),
(81, '2026-03-18', '06:00:00', '08:00:00'),
(81, '2026-03-19', '06:00:00', '08:00:00'),
(81, '2026-03-20', '06:00:00', '08:00:00'),
(81, '2026-03-21', '06:00:00', '08:00:00'),
(81, '2026-03-23', '06:00:00', '08:00:00'),
(81, '2026-03-24', '06:00:00', '08:00:00'),
(81, '2026-03-25', '06:00:00', '08:00:00'),
(81, '2026-03-26', '06:00:00', '08:00:00'),
(81, '2026-03-27', '06:00:00', '08:00:00'),
(81, '2026-03-28', '06:00:00', '08:00:00'),
(82, '2026-03-02', '12:00:00', '14:00:00'),
(82, '2026-03-03', '12:00:00', '14:00:00'),
(82, '2026-03-04', '12:00:00', '14:00:00'),
(82, '2026-03-05', '12:00:00', '14:00:00'),
(82, '2026-03-06', '12:00:00', '14:00:00'),
(82, '2026-03-07', '12:00:00', '14:00:00'),
(82, '2026-03-09', '12:00:00', '14:00:00'),
(82, '2026-03-10', '12:00:00', '14:00:00'),
(82, '2026-03-11', '12:00:00', '14:00:00'),
(82, '2026-03-12', '12:00:00', '14:00:00'),
(82, '2026-03-13', '12:00:00', '14:00:00'),
(82, '2026-03-14', '12:00:00', '14:00:00'),
(82, '2026-03-16', '12:00:00', '14:00:00'),
(82, '2026-03-17', '12:00:00', '14:00:00'),
(82, '2026-03-18', '12:00:00', '14:00:00'),
(82, '2026-03-19', '12:00:00', '14:00:00'),
(82, '2026-03-20', '12:00:00', '14:00:00'),
(82, '2026-03-21', '12:00:00', '14:00:00'),
(82, '2026-03-23', '12:00:00', '14:00:00'),
(82, '2026-03-24', '12:00:00', '14:00:00'),
(82, '2026-03-25', '12:00:00', '14:00:00'),
(82, '2026-03-26', '12:00:00', '14:00:00'),
(82, '2026-03-27', '12:00:00', '14:00:00'),
(82, '2026-03-28', '12:00:00', '14:00:00'),
(83, '2026-03-02', '14:00:00', '16:00:00'),
(83, '2026-03-03', '14:00:00', '16:00:00'),
(83, '2026-03-04', '14:00:00', '16:00:00'),
(83, '2026-03-05', '14:00:00', '16:00:00'),
(83, '2026-03-06', '14:00:00', '16:00:00'),
(83, '2026-03-07', '14:00:00', '16:00:00'),
(83, '2026-03-09', '14:00:00', '16:00:00'),
(83, '2026-03-10', '14:00:00', '16:00:00'),
(83, '2026-03-11', '14:00:00', '16:00:00'),
(83, '2026-03-12', '14:00:00', '16:00:00'),
(83, '2026-03-13', '14:00:00', '16:00:00'),
(83, '2026-03-14', '14:00:00', '16:00:00'),
(83, '2026-03-16', '14:00:00', '16:00:00'),
(83, '2026-03-17', '14:00:00', '16:00:00'),
(83, '2026-03-18', '14:00:00', '16:00:00'),
(83, '2026-03-19', '14:00:00', '16:00:00'),
(83, '2026-03-20', '14:00:00', '16:00:00'),
(83, '2026-03-21', '14:00:00', '16:00:00'),
(83, '2026-03-23', '14:00:00', '16:00:00'),
(83, '2026-03-24', '14:00:00', '16:00:00'),
(83, '2026-03-25', '14:00:00', '16:00:00'),
(83, '2026-03-26', '14:00:00', '16:00:00'),
(83, '2026-03-27', '14:00:00', '16:00:00'),
(83, '2026-03-28', '14:00:00', '16:00:00'),
(84, '2026-03-02', '10:00:00', '12:00:00'),
(84, '2026-03-03', '10:00:00', '12:00:00'),
(84, '2026-03-04', '10:00:00', '12:00:00'),
(84, '2026-03-05', '10:00:00', '12:00:00'),
(84, '2026-03-06', '10:00:00', '12:00:00'),
(84, '2026-03-07', '10:00:00', '12:00:00'),
(84, '2026-03-09', '10:00:00', '12:00:00'),
(84, '2026-03-10', '10:00:00', '12:00:00'),
(84, '2026-03-11', '10:00:00', '12:00:00'),
(84, '2026-03-12', '10:00:00', '12:00:00'),
(84, '2026-03-13', '10:00:00', '12:00:00'),
(84, '2026-03-14', '10:00:00', '12:00:00'),
(84, '2026-03-16', '10:00:00', '12:00:00'),
(84, '2026-03-17', '10:00:00', '12:00:00'),
(84, '2026-03-18', '10:00:00', '12:00:00'),
(84, '2026-03-19', '10:00:00', '12:00:00'),
(84, '2026-03-20', '10:00:00', '12:00:00'),
(84, '2026-03-21', '10:00:00', '12:00:00'),
(84, '2026-03-23', '10:00:00', '12:00:00'),
(84, '2026-03-24', '10:00:00', '12:00:00'),
(84, '2026-03-25', '10:00:00', '12:00:00'),
(84, '2026-03-26', '10:00:00', '12:00:00'),
(84, '2026-03-27', '10:00:00', '12:00:00'),
(84, '2026-03-28', '10:00:00', '12:00:00'),
(85, '2026-03-02', '12:00:00', '14:00:00'),
(85, '2026-03-03', '12:00:00', '14:00:00'),
(85, '2026-03-04', '12:00:00', '14:00:00'),
(85, '2026-03-05', '12:00:00', '14:00:00'),
(85, '2026-03-06', '12:00:00', '14:00:00'),
(85, '2026-03-07', '12:00:00', '14:00:00'),
(85, '2026-03-09', '12:00:00', '14:00:00'),
(85, '2026-03-10', '12:00:00', '14:00:00'),
(85, '2026-03-11', '12:00:00', '14:00:00'),
(85, '2026-03-12', '12:00:00', '14:00:00'),
(85, '2026-03-13', '12:00:00', '14:00:00'),
(85, '2026-03-14', '12:00:00', '14:00:00'),
(85, '2026-03-16', '12:00:00', '14:00:00'),
(85, '2026-03-17', '12:00:00', '14:00:00'),
(85, '2026-03-18', '12:00:00', '14:00:00'),
(85, '2026-03-19', '12:00:00', '14:00:00'),
(85, '2026-03-20', '12:00:00', '14:00:00'),
(85, '2026-03-21', '12:00:00', '14:00:00'),
(85, '2026-03-23', '12:00:00', '14:00:00'),
(85, '2026-03-24', '12:00:00', '14:00:00'),
(85, '2026-03-25', '12:00:00', '14:00:00'),
(85, '2026-03-26', '12:00:00', '14:00:00'),
(85, '2026-03-27', '12:00:00', '14:00:00'),
(85, '2026-03-28', '12:00:00', '14:00:00'),
(86, '2026-04-06', '10:00:00', '12:00:00'),
(86, '2026-04-07', '10:00:00', '12:00:00'),
(86, '2026-04-08', '10:00:00', '12:00:00'),
(86, '2026-04-09', '10:00:00', '12:00:00'),
(86, '2026-04-10', '10:00:00', '12:00:00'),
(86, '2026-04-11', '10:00:00', '12:00:00'),
(86, '2026-04-13', '10:00:00', '12:00:00'),
(86, '2026-04-14', '10:00:00', '12:00:00'),
(86, '2026-04-15', '10:00:00', '12:00:00'),
(86, '2026-04-16', '10:00:00', '12:00:00'),
(86, '2026-04-17', '10:00:00', '12:00:00'),
(86, '2026-04-18', '10:00:00', '12:00:00'),
(86, '2026-04-20', '10:00:00', '12:00:00'),
(86, '2026-04-21', '10:00:00', '12:00:00'),
(86, '2026-04-22', '10:00:00', '12:00:00'),
(86, '2026-04-23', '10:00:00', '12:00:00'),
(86, '2026-04-24', '10:00:00', '12:00:00'),
(86, '2026-04-25', '10:00:00', '12:00:00'),
(86, '2026-04-27', '10:00:00', '12:00:00'),
(86, '2026-04-28', '10:00:00', '12:00:00'),
(86, '2026-04-29', '10:00:00', '12:00:00'),
(86, '2026-04-30', '10:00:00', '12:00:00'),
(86, '2026-05-01', '10:00:00', '12:00:00'),
(86, '2026-05-02', '10:00:00', '12:00:00'),
(87, '2026-04-06', '14:00:00', '16:00:00'),
(87, '2026-04-07', '14:00:00', '16:00:00'),
(87, '2026-04-08', '14:00:00', '16:00:00'),
(87, '2026-04-09', '14:00:00', '16:00:00'),
(87, '2026-04-10', '14:00:00', '16:00:00'),
(87, '2026-04-11', '14:00:00', '16:00:00'),
(87, '2026-04-13', '14:00:00', '16:00:00'),
(87, '2026-04-14', '14:00:00', '16:00:00'),
(87, '2026-04-15', '14:00:00', '16:00:00'),
(87, '2026-04-16', '14:00:00', '16:00:00'),
(87, '2026-04-17', '14:00:00', '16:00:00'),
(87, '2026-04-18', '14:00:00', '16:00:00'),
(87, '2026-04-20', '14:00:00', '16:00:00'),
(87, '2026-04-21', '14:00:00', '16:00:00'),
(87, '2026-04-22', '14:00:00', '16:00:00'),
(87, '2026-04-23', '14:00:00', '16:00:00'),
(87, '2026-04-24', '14:00:00', '16:00:00'),
(87, '2026-04-25', '14:00:00', '16:00:00'),
(87, '2026-04-27', '14:00:00', '16:00:00'),
(87, '2026-04-28', '14:00:00', '16:00:00'),
(87, '2026-04-29', '14:00:00', '16:00:00'),
(87, '2026-04-30', '14:00:00', '16:00:00'),
(87, '2026-05-01', '14:00:00', '16:00:00'),
(87, '2026-05-02', '14:00:00', '16:00:00'),
(88, '2026-04-06', '18:00:00', '20:00:00'),
(88, '2026-04-07', '18:00:00', '20:00:00'),
(88, '2026-04-08', '18:00:00', '20:00:00'),
(88, '2026-04-09', '18:00:00', '20:00:00'),
(88, '2026-04-10', '18:00:00', '20:00:00'),
(88, '2026-04-11', '18:00:00', '20:00:00'),
(88, '2026-04-13', '18:00:00', '20:00:00'),
(88, '2026-04-14', '18:00:00', '20:00:00'),
(88, '2026-04-15', '18:00:00', '20:00:00'),
(88, '2026-04-16', '18:00:00', '20:00:00'),
(88, '2026-04-17', '18:00:00', '20:00:00'),
(88, '2026-04-18', '18:00:00', '20:00:00'),
(88, '2026-04-20', '18:00:00', '20:00:00'),
(88, '2026-04-21', '18:00:00', '20:00:00'),
(88, '2026-04-22', '18:00:00', '20:00:00'),
(88, '2026-04-23', '18:00:00', '20:00:00'),
(88, '2026-04-24', '18:00:00', '20:00:00'),
(88, '2026-04-25', '18:00:00', '20:00:00'),
(88, '2026-04-27', '18:00:00', '20:00:00'),
(88, '2026-04-28', '18:00:00', '20:00:00'),
(88, '2026-04-29', '18:00:00', '20:00:00'),
(88, '2026-04-30', '18:00:00', '20:00:00'),
(88, '2026-05-01', '18:00:00', '20:00:00'),
(88, '2026-05-02', '18:00:00', '20:00:00'),
(89, '2026-04-06', '06:00:00', '08:00:00'),
(89, '2026-04-07', '06:00:00', '08:00:00'),
(89, '2026-04-08', '06:00:00', '08:00:00'),
(89, '2026-04-09', '06:00:00', '08:00:00'),
(89, '2026-04-10', '06:00:00', '08:00:00'),
(89, '2026-04-11', '06:00:00', '08:00:00'),
(89, '2026-04-13', '06:00:00', '08:00:00'),
(89, '2026-04-14', '06:00:00', '08:00:00'),
(89, '2026-04-15', '06:00:00', '08:00:00'),
(89, '2026-04-16', '06:00:00', '08:00:00'),
(89, '2026-04-17', '06:00:00', '08:00:00'),
(89, '2026-04-18', '06:00:00', '08:00:00'),
(89, '2026-04-20', '06:00:00', '08:00:00'),
(89, '2026-04-21', '06:00:00', '08:00:00'),
(89, '2026-04-22', '06:00:00', '08:00:00'),
(89, '2026-04-23', '06:00:00', '08:00:00'),
(89, '2026-04-24', '06:00:00', '08:00:00'),
(89, '2026-04-25', '06:00:00', '08:00:00'),
(89, '2026-04-27', '06:00:00', '08:00:00'),
(89, '2026-04-28', '06:00:00', '08:00:00'),
(89, '2026-04-29', '06:00:00', '08:00:00'),
(89, '2026-04-30', '06:00:00', '08:00:00'),
(89, '2026-05-01', '06:00:00', '08:00:00'),
(89, '2026-05-02', '06:00:00', '08:00:00'),
(90, '2026-04-06', '10:00:00', '12:00:00'),
(90, '2026-04-07', '10:00:00', '12:00:00'),
(90, '2026-04-08', '10:00:00', '12:00:00'),
(90, '2026-04-09', '10:00:00', '12:00:00'),
(90, '2026-04-10', '10:00:00', '12:00:00'),
(90, '2026-04-11', '10:00:00', '12:00:00'),
(90, '2026-04-13', '10:00:00', '12:00:00'),
(90, '2026-04-14', '10:00:00', '12:00:00'),
(90, '2026-04-15', '10:00:00', '12:00:00'),
(90, '2026-04-16', '10:00:00', '12:00:00'),
(90, '2026-04-17', '10:00:00', '12:00:00'),
(90, '2026-04-18', '10:00:00', '12:00:00'),
(90, '2026-04-20', '10:00:00', '12:00:00'),
(90, '2026-04-21', '10:00:00', '12:00:00'),
(90, '2026-04-22', '10:00:00', '12:00:00'),
(90, '2026-04-23', '10:00:00', '12:00:00'),
(90, '2026-04-24', '10:00:00', '12:00:00'),
(90, '2026-04-25', '10:00:00', '12:00:00'),
(90, '2026-04-27', '10:00:00', '12:00:00'),
(90, '2026-04-28', '10:00:00', '12:00:00'),
(90, '2026-04-29', '10:00:00', '12:00:00'),
(90, '2026-04-30', '10:00:00', '12:00:00'),
(90, '2026-05-01', '10:00:00', '12:00:00'),
(90, '2026-05-02', '10:00:00', '12:00:00'),
(91, '2026-04-06', '12:00:00', '14:00:00'),
(91, '2026-04-07', '12:00:00', '14:00:00'),
(91, '2026-04-08', '12:00:00', '14:00:00'),
(91, '2026-04-09', '12:00:00', '14:00:00'),
(91, '2026-04-10', '12:00:00', '14:00:00'),
(91, '2026-04-11', '12:00:00', '14:00:00'),
(91, '2026-04-13', '12:00:00', '14:00:00'),
(91, '2026-04-14', '12:00:00', '14:00:00'),
(91, '2026-04-15', '12:00:00', '14:00:00'),
(91, '2026-04-16', '12:00:00', '14:00:00'),
(91, '2026-04-17', '12:00:00', '14:00:00'),
(91, '2026-04-18', '12:00:00', '14:00:00'),
(91, '2026-04-20', '12:00:00', '14:00:00'),
(91, '2026-04-21', '12:00:00', '14:00:00'),
(91, '2026-04-22', '12:00:00', '14:00:00'),
(91, '2026-04-23', '12:00:00', '14:00:00'),
(91, '2026-04-24', '12:00:00', '14:00:00'),
(91, '2026-04-25', '12:00:00', '14:00:00'),
(91, '2026-04-27', '12:00:00', '14:00:00'),
(91, '2026-04-28', '12:00:00', '14:00:00'),
(91, '2026-04-29', '12:00:00', '14:00:00'),
(91, '2026-04-30', '12:00:00', '14:00:00'),
(91, '2026-05-01', '12:00:00', '14:00:00'),
(91, '2026-05-02', '12:00:00', '14:00:00'),
(92, '2026-04-06', '10:00:00', '12:00:00'),
(92, '2026-04-07', '10:00:00', '12:00:00'),
(92, '2026-04-08', '10:00:00', '12:00:00'),
(92, '2026-04-09', '10:00:00', '12:00:00'),
(92, '2026-04-10', '10:00:00', '12:00:00'),
(92, '2026-04-11', '10:00:00', '12:00:00'),
(92, '2026-04-13', '10:00:00', '12:00:00'),
(92, '2026-04-14', '10:00:00', '12:00:00'),
(92, '2026-04-15', '10:00:00', '12:00:00'),
(92, '2026-04-16', '10:00:00', '12:00:00'),
(92, '2026-04-17', '10:00:00', '12:00:00'),
(92, '2026-04-18', '10:00:00', '12:00:00'),
(92, '2026-04-20', '10:00:00', '12:00:00'),
(92, '2026-04-21', '10:00:00', '12:00:00'),
(92, '2026-04-22', '10:00:00', '12:00:00'),
(92, '2026-04-23', '10:00:00', '12:00:00'),
(92, '2026-04-24', '10:00:00', '12:00:00'),
(92, '2026-04-25', '10:00:00', '12:00:00'),
(92, '2026-04-27', '10:00:00', '12:00:00'),
(92, '2026-04-28', '10:00:00', '12:00:00'),
(92, '2026-04-29', '10:00:00', '12:00:00'),
(92, '2026-04-30', '10:00:00', '12:00:00'),
(92, '2026-05-01', '10:00:00', '12:00:00'),
(92, '2026-05-02', '10:00:00', '12:00:00'),
(93, '2026-04-06', '08:00:00', '10:00:00'),
(93, '2026-04-07', '08:00:00', '10:00:00'),
(93, '2026-04-08', '08:00:00', '10:00:00'),
(93, '2026-04-09', '08:00:00', '10:00:00'),
(93, '2026-04-10', '08:00:00', '10:00:00'),
(93, '2026-04-11', '08:00:00', '10:00:00'),
(93, '2026-04-13', '08:00:00', '10:00:00'),
(93, '2026-04-14', '08:00:00', '10:00:00'),
(93, '2026-04-15', '08:00:00', '10:00:00'),
(93, '2026-04-16', '08:00:00', '10:00:00'),
(93, '2026-04-17', '08:00:00', '10:00:00'),
(93, '2026-04-18', '08:00:00', '10:00:00'),
(93, '2026-04-20', '08:00:00', '10:00:00'),
(93, '2026-04-21', '08:00:00', '10:00:00'),
(93, '2026-04-22', '08:00:00', '10:00:00'),
(93, '2026-04-23', '08:00:00', '10:00:00'),
(93, '2026-04-24', '08:00:00', '10:00:00'),
(93, '2026-04-25', '08:00:00', '10:00:00'),
(93, '2026-04-27', '08:00:00', '10:00:00'),
(93, '2026-04-28', '08:00:00', '10:00:00'),
(93, '2026-04-29', '08:00:00', '10:00:00'),
(93, '2026-04-30', '08:00:00', '10:00:00'),
(93, '2026-05-01', '08:00:00', '10:00:00'),
(93, '2026-05-02', '08:00:00', '10:00:00'),
(94, '2026-04-06', '18:00:00', '20:00:00'),
(94, '2026-04-07', '18:00:00', '20:00:00'),
(94, '2026-04-08', '18:00:00', '20:00:00'),
(94, '2026-04-09', '18:00:00', '20:00:00'),
(94, '2026-04-10', '18:00:00', '20:00:00'),
(94, '2026-04-11', '18:00:00', '20:00:00'),
(94, '2026-04-13', '18:00:00', '20:00:00'),
(94, '2026-04-14', '18:00:00', '20:00:00'),
(94, '2026-04-15', '18:00:00', '20:00:00'),
(94, '2026-04-16', '18:00:00', '20:00:00'),
(94, '2026-04-17', '18:00:00', '20:00:00'),
(94, '2026-04-18', '18:00:00', '20:00:00'),
(94, '2026-04-20', '18:00:00', '20:00:00'),
(94, '2026-04-21', '18:00:00', '20:00:00'),
(94, '2026-04-22', '18:00:00', '20:00:00'),
(94, '2026-04-23', '18:00:00', '20:00:00'),
(94, '2026-04-24', '18:00:00', '20:00:00'),
(94, '2026-04-25', '18:00:00', '20:00:00'),
(94, '2026-04-27', '18:00:00', '20:00:00'),
(94, '2026-04-28', '18:00:00', '20:00:00'),
(94, '2026-04-29', '18:00:00', '20:00:00'),
(94, '2026-04-30', '18:00:00', '20:00:00'),
(94, '2026-05-01', '18:00:00', '20:00:00'),
(94, '2026-05-02', '18:00:00', '20:00:00'),
(95, '2026-04-06', '06:00:00', '08:00:00'),
(95, '2026-04-07', '06:00:00', '08:00:00'),
(95, '2026-04-08', '06:00:00', '08:00:00'),
(95, '2026-04-09', '06:00:00', '08:00:00'),
(95, '2026-04-10', '06:00:00', '08:00:00'),
(95, '2026-04-11', '06:00:00', '08:00:00'),
(95, '2026-04-13', '06:00:00', '08:00:00'),
(95, '2026-04-14', '06:00:00', '08:00:00'),
(95, '2026-04-15', '06:00:00', '08:00:00'),
(95, '2026-04-16', '06:00:00', '08:00:00'),
(95, '2026-04-17', '06:00:00', '08:00:00'),
(95, '2026-04-18', '06:00:00', '08:00:00'),
(95, '2026-04-20', '06:00:00', '08:00:00'),
(95, '2026-04-21', '06:00:00', '08:00:00'),
(95, '2026-04-22', '06:00:00', '08:00:00'),
(95, '2026-04-23', '06:00:00', '08:00:00'),
(95, '2026-04-24', '06:00:00', '08:00:00'),
(95, '2026-04-25', '06:00:00', '08:00:00'),
(95, '2026-04-27', '06:00:00', '08:00:00'),
(95, '2026-04-28', '06:00:00', '08:00:00'),
(95, '2026-04-29', '06:00:00', '08:00:00'),
(95, '2026-04-30', '06:00:00', '08:00:00'),
(95, '2026-05-01', '06:00:00', '08:00:00'),
(95, '2026-05-02', '06:00:00', '08:00:00'),
(96, '2026-04-06', '16:00:00', '18:00:00'),
(96, '2026-04-07', '16:00:00', '18:00:00'),
(96, '2026-04-08', '16:00:00', '18:00:00'),
(96, '2026-04-09', '16:00:00', '18:00:00'),
(96, '2026-04-10', '16:00:00', '18:00:00'),
(96, '2026-04-11', '16:00:00', '18:00:00'),
(96, '2026-04-13', '16:00:00', '18:00:00'),
(96, '2026-04-14', '16:00:00', '18:00:00'),
(96, '2026-04-15', '16:00:00', '18:00:00'),
(96, '2026-04-16', '16:00:00', '18:00:00'),
(96, '2026-04-17', '16:00:00', '18:00:00'),
(96, '2026-04-18', '16:00:00', '18:00:00'),
(96, '2026-04-20', '16:00:00', '18:00:00'),
(96, '2026-04-21', '16:00:00', '18:00:00'),
(96, '2026-04-22', '16:00:00', '18:00:00'),
(96, '2026-04-23', '16:00:00', '18:00:00'),
(96, '2026-04-24', '16:00:00', '18:00:00'),
(96, '2026-04-25', '16:00:00', '18:00:00'),
(96, '2026-04-27', '16:00:00', '18:00:00'),
(96, '2026-04-28', '16:00:00', '18:00:00'),
(96, '2026-04-29', '16:00:00', '18:00:00'),
(96, '2026-04-30', '16:00:00', '18:00:00'),
(96, '2026-05-01', '16:00:00', '18:00:00'),
(96, '2026-05-02', '16:00:00', '18:00:00'),
(97, '2026-04-06', '20:00:00', '22:00:00'),
(97, '2026-04-07', '20:00:00', '22:00:00'),
(97, '2026-04-08', '20:00:00', '22:00:00'),
(97, '2026-04-09', '20:00:00', '22:00:00'),
(97, '2026-04-10', '20:00:00', '22:00:00'),
(97, '2026-04-11', '20:00:00', '22:00:00'),
(97, '2026-04-13', '20:00:00', '22:00:00'),
(97, '2026-04-14', '20:00:00', '22:00:00'),
(97, '2026-04-15', '20:00:00', '22:00:00'),
(97, '2026-04-16', '20:00:00', '22:00:00'),
(97, '2026-04-17', '20:00:00', '22:00:00'),
(97, '2026-04-18', '20:00:00', '22:00:00'),
(97, '2026-04-20', '20:00:00', '22:00:00'),
(97, '2026-04-21', '20:00:00', '22:00:00'),
(97, '2026-04-22', '20:00:00', '22:00:00'),
(97, '2026-04-23', '20:00:00', '22:00:00'),
(97, '2026-04-24', '20:00:00', '22:00:00'),
(97, '2026-04-25', '20:00:00', '22:00:00'),
(97, '2026-04-27', '20:00:00', '22:00:00'),
(97, '2026-04-28', '20:00:00', '22:00:00'),
(97, '2026-04-29', '20:00:00', '22:00:00'),
(97, '2026-04-30', '20:00:00', '22:00:00'),
(97, '2026-05-01', '20:00:00', '22:00:00'),
(97, '2026-05-02', '20:00:00', '22:00:00'),
(98, '2026-04-06', '10:00:00', '12:00:00'),
(98, '2026-04-07', '10:00:00', '12:00:00'),
(98, '2026-04-08', '10:00:00', '12:00:00'),
(98, '2026-04-09', '10:00:00', '12:00:00'),
(98, '2026-04-10', '10:00:00', '12:00:00'),
(98, '2026-04-11', '10:00:00', '12:00:00'),
(98, '2026-04-13', '10:00:00', '12:00:00'),
(98, '2026-04-14', '10:00:00', '12:00:00'),
(98, '2026-04-15', '10:00:00', '12:00:00'),
(98, '2026-04-16', '10:00:00', '12:00:00'),
(98, '2026-04-17', '10:00:00', '12:00:00'),
(98, '2026-04-18', '10:00:00', '12:00:00'),
(98, '2026-04-20', '10:00:00', '12:00:00'),
(98, '2026-04-21', '10:00:00', '12:00:00'),
(98, '2026-04-22', '10:00:00', '12:00:00'),
(98, '2026-04-23', '10:00:00', '12:00:00'),
(98, '2026-04-24', '10:00:00', '12:00:00'),
(98, '2026-04-25', '10:00:00', '12:00:00'),
(98, '2026-04-27', '10:00:00', '12:00:00'),
(98, '2026-04-28', '10:00:00', '12:00:00'),
(98, '2026-04-29', '10:00:00', '12:00:00'),
(98, '2026-04-30', '10:00:00', '12:00:00'),
(98, '2026-05-01', '10:00:00', '12:00:00'),
(98, '2026-05-02', '10:00:00', '12:00:00'),
(99, '2026-04-06', '20:00:00', '22:00:00'),
(99, '2026-04-07', '20:00:00', '22:00:00'),
(99, '2026-04-08', '20:00:00', '22:00:00'),
(99, '2026-04-09', '20:00:00', '22:00:00'),
(99, '2026-04-10', '20:00:00', '22:00:00'),
(99, '2026-04-11', '20:00:00', '22:00:00'),
(99, '2026-04-13', '20:00:00', '22:00:00'),
(99, '2026-04-14', '20:00:00', '22:00:00'),
(99, '2026-04-15', '20:00:00', '22:00:00'),
(99, '2026-04-16', '20:00:00', '22:00:00'),
(99, '2026-04-17', '20:00:00', '22:00:00'),
(99, '2026-04-18', '20:00:00', '22:00:00'),
(99, '2026-04-20', '20:00:00', '22:00:00'),
(99, '2026-04-21', '20:00:00', '22:00:00'),
(99, '2026-04-22', '20:00:00', '22:00:00'),
(99, '2026-04-23', '20:00:00', '22:00:00'),
(99, '2026-04-24', '20:00:00', '22:00:00'),
(99, '2026-04-25', '20:00:00', '22:00:00'),
(99, '2026-04-27', '20:00:00', '22:00:00'),
(99, '2026-04-28', '20:00:00', '22:00:00'),
(99, '2026-04-29', '20:00:00', '22:00:00'),
(99, '2026-04-30', '20:00:00', '22:00:00'),
(99, '2026-05-01', '20:00:00', '22:00:00'),
(99, '2026-05-02', '20:00:00', '22:00:00'),
(100, '2026-04-06', '10:00:00', '12:00:00'),
(100, '2026-04-07', '10:00:00', '12:00:00'),
(100, '2026-04-08', '10:00:00', '12:00:00'),
(100, '2026-04-09', '10:00:00', '12:00:00'),
(100, '2026-04-10', '10:00:00', '12:00:00'),
(100, '2026-04-11', '10:00:00', '12:00:00'),
(100, '2026-04-13', '10:00:00', '12:00:00'),
(100, '2026-04-14', '10:00:00', '12:00:00'),
(100, '2026-04-15', '10:00:00', '12:00:00'),
(100, '2026-04-16', '10:00:00', '12:00:00'),
(100, '2026-04-17', '10:00:00', '12:00:00'),
(100, '2026-04-18', '10:00:00', '12:00:00'),
(100, '2026-04-20', '10:00:00', '12:00:00'),
(100, '2026-04-21', '10:00:00', '12:00:00'),
(100, '2026-04-22', '10:00:00', '12:00:00'),
(100, '2026-04-23', '10:00:00', '12:00:00'),
(100, '2026-04-24', '10:00:00', '12:00:00'),
(100, '2026-04-25', '10:00:00', '12:00:00'),
(100, '2026-04-27', '10:00:00', '12:00:00'),
(100, '2026-04-28', '10:00:00', '12:00:00'),
(100, '2026-04-29', '10:00:00', '12:00:00'),
(100, '2026-04-30', '10:00:00', '12:00:00'),
(100, '2026-05-01', '10:00:00', '12:00:00'),
(100, '2026-05-02', '10:00:00', '12:00:00'),
(101, '2026-04-06', '18:00:00', '20:00:00'),
(101, '2026-04-07', '18:00:00', '20:00:00'),
(101, '2026-04-08', '18:00:00', '20:00:00'),
(101, '2026-04-09', '18:00:00', '20:00:00'),
(101, '2026-04-10', '18:00:00', '20:00:00'),
(101, '2026-04-11', '18:00:00', '20:00:00'),
(101, '2026-04-13', '18:00:00', '20:00:00'),
(101, '2026-04-14', '18:00:00', '20:00:00'),
(101, '2026-04-15', '18:00:00', '20:00:00'),
(101, '2026-04-16', '18:00:00', '20:00:00'),
(101, '2026-04-17', '18:00:00', '20:00:00'),
(101, '2026-04-18', '18:00:00', '20:00:00'),
(101, '2026-04-20', '18:00:00', '20:00:00'),
(101, '2026-04-21', '18:00:00', '20:00:00'),
(101, '2026-04-22', '18:00:00', '20:00:00'),
(101, '2026-04-23', '18:00:00', '20:00:00'),
(101, '2026-04-24', '18:00:00', '20:00:00'),
(101, '2026-04-25', '18:00:00', '20:00:00'),
(101, '2026-04-27', '18:00:00', '20:00:00'),
(101, '2026-04-28', '18:00:00', '20:00:00'),
(101, '2026-04-29', '18:00:00', '20:00:00'),
(101, '2026-04-30', '18:00:00', '20:00:00'),
(101, '2026-05-01', '18:00:00', '20:00:00'),
(101, '2026-05-02', '18:00:00', '20:00:00'),
(102, '2026-04-06', '06:00:00', '08:00:00'),
(102, '2026-04-07', '06:00:00', '08:00:00'),
(102, '2026-04-08', '06:00:00', '08:00:00'),
(102, '2026-04-09', '06:00:00', '08:00:00'),
(102, '2026-04-10', '06:00:00', '08:00:00'),
(102, '2026-04-11', '06:00:00', '08:00:00'),
(102, '2026-04-13', '06:00:00', '08:00:00'),
(102, '2026-04-14', '06:00:00', '08:00:00'),
(102, '2026-04-15', '06:00:00', '08:00:00'),
(102, '2026-04-16', '06:00:00', '08:00:00'),
(102, '2026-04-17', '06:00:00', '08:00:00'),
(102, '2026-04-18', '06:00:00', '08:00:00'),
(102, '2026-04-20', '06:00:00', '08:00:00'),
(102, '2026-04-21', '06:00:00', '08:00:00'),
(102, '2026-04-22', '06:00:00', '08:00:00'),
(102, '2026-04-23', '06:00:00', '08:00:00'),
(102, '2026-04-24', '06:00:00', '08:00:00'),
(102, '2026-04-25', '06:00:00', '08:00:00'),
(102, '2026-04-27', '06:00:00', '08:00:00'),
(102, '2026-04-28', '06:00:00', '08:00:00'),
(102, '2026-04-29', '06:00:00', '08:00:00'),
(102, '2026-04-30', '06:00:00', '08:00:00'),
(102, '2026-05-01', '06:00:00', '08:00:00'),
(102, '2026-05-02', '06:00:00', '08:00:00'),
(103, '2026-04-06', '14:00:00', '16:00:00'),
(103, '2026-04-07', '14:00:00', '16:00:00'),
(103, '2026-04-08', '14:00:00', '16:00:00'),
(103, '2026-04-09', '14:00:00', '16:00:00'),
(103, '2026-04-10', '14:00:00', '16:00:00'),
(103, '2026-04-11', '14:00:00', '16:00:00'),
(103, '2026-04-13', '14:00:00', '16:00:00'),
(103, '2026-04-14', '14:00:00', '16:00:00'),
(103, '2026-04-15', '14:00:00', '16:00:00'),
(103, '2026-04-16', '14:00:00', '16:00:00'),
(103, '2026-04-17', '14:00:00', '16:00:00'),
(103, '2026-04-18', '14:00:00', '16:00:00'),
(103, '2026-04-20', '14:00:00', '16:00:00'),
(103, '2026-04-21', '14:00:00', '16:00:00'),
(103, '2026-04-22', '14:00:00', '16:00:00'),
(103, '2026-04-23', '14:00:00', '16:00:00'),
(103, '2026-04-24', '14:00:00', '16:00:00'),
(103, '2026-04-25', '14:00:00', '16:00:00'),
(103, '2026-04-27', '14:00:00', '16:00:00'),
(103, '2026-04-28', '14:00:00', '16:00:00'),
(103, '2026-04-29', '14:00:00', '16:00:00'),
(103, '2026-04-30', '14:00:00', '16:00:00'),
(103, '2026-05-01', '14:00:00', '16:00:00'),
(103, '2026-05-02', '14:00:00', '16:00:00'),
(104, '2026-04-06', '10:00:00', '12:00:00'),
(104, '2026-04-07', '10:00:00', '12:00:00'),
(104, '2026-04-08', '10:00:00', '12:00:00'),
(104, '2026-04-09', '10:00:00', '12:00:00'),
(104, '2026-04-10', '10:00:00', '12:00:00'),
(104, '2026-04-11', '10:00:00', '12:00:00'),
(104, '2026-04-13', '10:00:00', '12:00:00'),
(104, '2026-04-14', '10:00:00', '12:00:00'),
(104, '2026-04-15', '10:00:00', '12:00:00'),
(104, '2026-04-16', '10:00:00', '12:00:00'),
(104, '2026-04-17', '10:00:00', '12:00:00'),
(104, '2026-04-18', '10:00:00', '12:00:00'),
(104, '2026-04-20', '10:00:00', '12:00:00'),
(104, '2026-04-21', '10:00:00', '12:00:00'),
(104, '2026-04-22', '10:00:00', '12:00:00'),
(104, '2026-04-23', '10:00:00', '12:00:00'),
(104, '2026-04-24', '10:00:00', '12:00:00'),
(104, '2026-04-25', '10:00:00', '12:00:00'),
(104, '2026-04-27', '10:00:00', '12:00:00'),
(104, '2026-04-28', '10:00:00', '12:00:00'),
(104, '2026-04-29', '10:00:00', '12:00:00'),
(104, '2026-04-30', '10:00:00', '12:00:00'),
(104, '2026-05-01', '10:00:00', '12:00:00'),
(104, '2026-05-02', '10:00:00', '12:00:00'),
(105, '2026-04-06', '16:00:00', '18:00:00'),
(105, '2026-04-07', '16:00:00', '18:00:00'),
(105, '2026-04-08', '16:00:00', '18:00:00'),
(105, '2026-04-09', '16:00:00', '18:00:00'),
(105, '2026-04-10', '16:00:00', '18:00:00'),
(105, '2026-04-11', '16:00:00', '18:00:00'),
(105, '2026-04-13', '16:00:00', '18:00:00'),
(105, '2026-04-14', '16:00:00', '18:00:00'),
(105, '2026-04-15', '16:00:00', '18:00:00'),
(105, '2026-04-16', '16:00:00', '18:00:00'),
(105, '2026-04-17', '16:00:00', '18:00:00'),
(105, '2026-04-18', '16:00:00', '18:00:00'),
(105, '2026-04-20', '16:00:00', '18:00:00'),
(105, '2026-04-21', '16:00:00', '18:00:00'),
(105, '2026-04-22', '16:00:00', '18:00:00'),
(105, '2026-04-23', '16:00:00', '18:00:00'),
(105, '2026-04-24', '16:00:00', '18:00:00'),
(105, '2026-04-25', '16:00:00', '18:00:00'),
(105, '2026-04-27', '16:00:00', '18:00:00'),
(105, '2026-04-28', '16:00:00', '18:00:00'),
(105, '2026-04-29', '16:00:00', '18:00:00'),
(105, '2026-04-30', '16:00:00', '18:00:00'),
(105, '2026-05-01', '16:00:00', '18:00:00'),
(105, '2026-05-02', '16:00:00', '18:00:00'),
(106, '2026-04-06', '20:00:00', '22:00:00'),
(106, '2026-04-07', '20:00:00', '22:00:00'),
(106, '2026-04-08', '20:00:00', '22:00:00'),
(106, '2026-04-09', '20:00:00', '22:00:00'),
(106, '2026-04-10', '20:00:00', '22:00:00'),
(106, '2026-04-11', '20:00:00', '22:00:00'),
(106, '2026-04-13', '20:00:00', '22:00:00'),
(106, '2026-04-14', '20:00:00', '22:00:00'),
(106, '2026-04-15', '20:00:00', '22:00:00'),
(106, '2026-04-16', '20:00:00', '22:00:00'),
(106, '2026-04-17', '20:00:00', '22:00:00'),
(106, '2026-04-18', '20:00:00', '22:00:00'),
(106, '2026-04-20', '20:00:00', '22:00:00'),
(106, '2026-04-21', '20:00:00', '22:00:00'),
(106, '2026-04-22', '20:00:00', '22:00:00'),
(106, '2026-04-23', '20:00:00', '22:00:00'),
(106, '2026-04-24', '20:00:00', '22:00:00'),
(106, '2026-04-25', '20:00:00', '22:00:00'),
(106, '2026-04-27', '20:00:00', '22:00:00'),
(106, '2026-04-28', '20:00:00', '22:00:00'),
(106, '2026-04-29', '20:00:00', '22:00:00'),
(106, '2026-04-30', '20:00:00', '22:00:00'),
(106, '2026-05-01', '20:00:00', '22:00:00'),
(106, '2026-05-02', '20:00:00', '22:00:00'),
(107, '2026-04-06', '08:00:00', '10:00:00'),
(107, '2026-04-07', '08:00:00', '10:00:00'),
(107, '2026-04-08', '08:00:00', '10:00:00'),
(107, '2026-04-09', '08:00:00', '10:00:00'),
(107, '2026-04-10', '08:00:00', '10:00:00'),
(107, '2026-04-11', '08:00:00', '10:00:00'),
(107, '2026-04-13', '08:00:00', '10:00:00'),
(107, '2026-04-14', '08:00:00', '10:00:00'),
(107, '2026-04-15', '08:00:00', '10:00:00'),
(107, '2026-04-16', '08:00:00', '10:00:00'),
(107, '2026-04-17', '08:00:00', '10:00:00'),
(107, '2026-04-18', '08:00:00', '10:00:00'),
(107, '2026-04-20', '08:00:00', '10:00:00'),
(107, '2026-04-21', '08:00:00', '10:00:00'),
(107, '2026-04-22', '08:00:00', '10:00:00'),
(107, '2026-04-23', '08:00:00', '10:00:00'),
(107, '2026-04-24', '08:00:00', '10:00:00'),
(107, '2026-04-25', '08:00:00', '10:00:00'),
(107, '2026-04-27', '08:00:00', '10:00:00'),
(107, '2026-04-28', '08:00:00', '10:00:00'),
(107, '2026-04-29', '08:00:00', '10:00:00'),
(107, '2026-04-30', '08:00:00', '10:00:00'),
(107, '2026-05-01', '08:00:00', '10:00:00'),
(107, '2026-05-02', '08:00:00', '10:00:00'),
(108, '2026-04-06', '14:00:00', '16:00:00'),
(108, '2026-04-07', '14:00:00', '16:00:00'),
(108, '2026-04-08', '14:00:00', '16:00:00'),
(108, '2026-04-09', '14:00:00', '16:00:00'),
(108, '2026-04-10', '14:00:00', '16:00:00'),
(108, '2026-04-11', '14:00:00', '16:00:00'),
(108, '2026-04-13', '14:00:00', '16:00:00'),
(108, '2026-04-14', '14:00:00', '16:00:00'),
(108, '2026-04-15', '14:00:00', '16:00:00'),
(108, '2026-04-16', '14:00:00', '16:00:00'),
(108, '2026-04-17', '14:00:00', '16:00:00'),
(108, '2026-04-18', '14:00:00', '16:00:00'),
(108, '2026-04-20', '14:00:00', '16:00:00'),
(108, '2026-04-21', '14:00:00', '16:00:00'),
(108, '2026-04-22', '14:00:00', '16:00:00'),
(108, '2026-04-23', '14:00:00', '16:00:00'),
(108, '2026-04-24', '14:00:00', '16:00:00'),
(108, '2026-04-25', '14:00:00', '16:00:00'),
(108, '2026-04-27', '14:00:00', '16:00:00'),
(108, '2026-04-28', '14:00:00', '16:00:00'),
(108, '2026-04-29', '14:00:00', '16:00:00'),
(108, '2026-04-30', '14:00:00', '16:00:00'),
(108, '2026-05-01', '14:00:00', '16:00:00'),
(108, '2026-05-02', '14:00:00', '16:00:00'),
(109, '2026-04-06', '10:00:00', '12:00:00'),
(109, '2026-04-07', '10:00:00', '12:00:00'),
(109, '2026-04-08', '10:00:00', '12:00:00'),
(109, '2026-04-09', '10:00:00', '12:00:00'),
(109, '2026-04-10', '10:00:00', '12:00:00'),
(109, '2026-04-11', '10:00:00', '12:00:00'),
(109, '2026-04-13', '10:00:00', '12:00:00'),
(109, '2026-04-14', '10:00:00', '12:00:00'),
(109, '2026-04-15', '10:00:00', '12:00:00'),
(109, '2026-04-16', '10:00:00', '12:00:00'),
(109, '2026-04-17', '10:00:00', '12:00:00'),
(109, '2026-04-18', '10:00:00', '12:00:00'),
(109, '2026-04-20', '10:00:00', '12:00:00'),
(109, '2026-04-21', '10:00:00', '12:00:00'),
(109, '2026-04-22', '10:00:00', '12:00:00'),
(109, '2026-04-23', '10:00:00', '12:00:00'),
(109, '2026-04-24', '10:00:00', '12:00:00'),
(109, '2026-04-25', '10:00:00', '12:00:00'),
(109, '2026-04-27', '10:00:00', '12:00:00'),
(109, '2026-04-28', '10:00:00', '12:00:00'),
(109, '2026-04-29', '10:00:00', '12:00:00'),
(109, '2026-04-30', '10:00:00', '12:00:00'),
(109, '2026-05-01', '10:00:00', '12:00:00'),
(109, '2026-05-02', '10:00:00', '12:00:00'),
(110, '2026-04-06', '12:00:00', '14:00:00'),
(110, '2026-04-07', '12:00:00', '14:00:00'),
(110, '2026-04-08', '12:00:00', '14:00:00'),
(110, '2026-04-09', '12:00:00', '14:00:00'),
(110, '2026-04-10', '12:00:00', '14:00:00'),
(110, '2026-04-11', '12:00:00', '14:00:00'),
(110, '2026-04-13', '12:00:00', '14:00:00'),
(110, '2026-04-14', '12:00:00', '14:00:00'),
(110, '2026-04-15', '12:00:00', '14:00:00'),
(110, '2026-04-16', '12:00:00', '14:00:00'),
(110, '2026-04-17', '12:00:00', '14:00:00'),
(110, '2026-04-18', '12:00:00', '14:00:00'),
(110, '2026-04-20', '12:00:00', '14:00:00'),
(110, '2026-04-21', '12:00:00', '14:00:00'),
(110, '2026-04-22', '12:00:00', '14:00:00'),
(110, '2026-04-23', '12:00:00', '14:00:00'),
(110, '2026-04-24', '12:00:00', '14:00:00'),
(110, '2026-04-25', '12:00:00', '14:00:00'),
(110, '2026-04-27', '12:00:00', '14:00:00'),
(110, '2026-04-28', '12:00:00', '14:00:00'),
(110, '2026-04-29', '12:00:00', '14:00:00'),
(110, '2026-04-30', '12:00:00', '14:00:00'),
(110, '2026-05-01', '12:00:00', '14:00:00'),
(110, '2026-05-02', '12:00:00', '14:00:00'),
(111, '2026-05-04', '06:00:00', '08:00:00'),
(111, '2026-05-05', '06:00:00', '08:00:00'),
(111, '2026-05-06', '06:00:00', '08:00:00'),
(111, '2026-05-07', '06:00:00', '08:00:00'),
(111, '2026-05-08', '06:00:00', '08:00:00'),
(111, '2026-05-09', '06:00:00', '08:00:00'),
(111, '2026-05-11', '06:00:00', '08:00:00'),
(111, '2026-05-12', '06:00:00', '08:00:00'),
(111, '2026-05-13', '06:00:00', '08:00:00'),
(111, '2026-05-14', '06:00:00', '08:00:00'),
(111, '2026-05-15', '06:00:00', '08:00:00'),
(111, '2026-05-16', '06:00:00', '08:00:00'),
(111, '2026-05-18', '06:00:00', '08:00:00'),
(111, '2026-05-19', '06:00:00', '08:00:00'),
(111, '2026-05-20', '06:00:00', '08:00:00'),
(111, '2026-05-21', '06:00:00', '08:00:00'),
(111, '2026-05-22', '06:00:00', '08:00:00'),
(111, '2026-05-23', '06:00:00', '08:00:00'),
(111, '2026-05-25', '06:00:00', '08:00:00'),
(111, '2026-05-26', '06:00:00', '08:00:00'),
(111, '2026-05-27', '06:00:00', '08:00:00'),
(111, '2026-05-28', '06:00:00', '08:00:00'),
(111, '2026-05-29', '06:00:00', '08:00:00'),
(111, '2026-05-30', '06:00:00', '08:00:00'),
(112, '2026-05-04', '14:00:00', '16:00:00'),
(112, '2026-05-05', '14:00:00', '16:00:00'),
(112, '2026-05-06', '14:00:00', '16:00:00'),
(112, '2026-05-07', '14:00:00', '16:00:00'),
(112, '2026-05-08', '14:00:00', '16:00:00'),
(112, '2026-05-09', '14:00:00', '16:00:00'),
(112, '2026-05-11', '14:00:00', '16:00:00'),
(112, '2026-05-12', '14:00:00', '16:00:00'),
(112, '2026-05-13', '14:00:00', '16:00:00'),
(112, '2026-05-14', '14:00:00', '16:00:00'),
(112, '2026-05-15', '14:00:00', '16:00:00'),
(112, '2026-05-16', '14:00:00', '16:00:00'),
(112, '2026-05-18', '14:00:00', '16:00:00'),
(112, '2026-05-19', '14:00:00', '16:00:00'),
(112, '2026-05-20', '14:00:00', '16:00:00'),
(112, '2026-05-21', '14:00:00', '16:00:00'),
(112, '2026-05-22', '14:00:00', '16:00:00'),
(112, '2026-05-23', '14:00:00', '16:00:00'),
(112, '2026-05-25', '14:00:00', '16:00:00'),
(112, '2026-05-26', '14:00:00', '16:00:00'),
(112, '2026-05-27', '14:00:00', '16:00:00'),
(112, '2026-05-28', '14:00:00', '16:00:00'),
(112, '2026-05-29', '14:00:00', '16:00:00'),
(112, '2026-05-30', '14:00:00', '16:00:00'),
(113, '2026-05-04', '20:00:00', '22:00:00'),
(113, '2026-05-05', '20:00:00', '22:00:00'),
(113, '2026-05-06', '20:00:00', '22:00:00'),
(113, '2026-05-07', '20:00:00', '22:00:00'),
(113, '2026-05-08', '20:00:00', '22:00:00'),
(113, '2026-05-09', '20:00:00', '22:00:00'),
(113, '2026-05-11', '20:00:00', '22:00:00'),
(113, '2026-05-12', '20:00:00', '22:00:00'),
(113, '2026-05-13', '20:00:00', '22:00:00'),
(113, '2026-05-14', '20:00:00', '22:00:00'),
(113, '2026-05-15', '20:00:00', '22:00:00'),
(113, '2026-05-16', '20:00:00', '22:00:00'),
(113, '2026-05-18', '20:00:00', '22:00:00'),
(113, '2026-05-19', '20:00:00', '22:00:00'),
(113, '2026-05-20', '20:00:00', '22:00:00'),
(113, '2026-05-21', '20:00:00', '22:00:00'),
(113, '2026-05-22', '20:00:00', '22:00:00'),
(113, '2026-05-23', '20:00:00', '22:00:00'),
(113, '2026-05-25', '20:00:00', '22:00:00'),
(113, '2026-05-26', '20:00:00', '22:00:00'),
(113, '2026-05-27', '20:00:00', '22:00:00'),
(113, '2026-05-28', '20:00:00', '22:00:00'),
(113, '2026-05-29', '20:00:00', '22:00:00'),
(113, '2026-05-30', '20:00:00', '22:00:00'),
(114, '2026-05-04', '12:00:00', '14:00:00'),
(114, '2026-05-05', '12:00:00', '14:00:00'),
(114, '2026-05-06', '12:00:00', '14:00:00'),
(114, '2026-05-07', '12:00:00', '14:00:00'),
(114, '2026-05-08', '12:00:00', '14:00:00'),
(114, '2026-05-09', '12:00:00', '14:00:00'),
(114, '2026-05-11', '12:00:00', '14:00:00'),
(114, '2026-05-12', '12:00:00', '14:00:00'),
(114, '2026-05-13', '12:00:00', '14:00:00'),
(114, '2026-05-14', '12:00:00', '14:00:00'),
(114, '2026-05-15', '12:00:00', '14:00:00'),
(114, '2026-05-16', '12:00:00', '14:00:00'),
(114, '2026-05-18', '12:00:00', '14:00:00'),
(114, '2026-05-19', '12:00:00', '14:00:00'),
(114, '2026-05-20', '12:00:00', '14:00:00'),
(114, '2026-05-21', '12:00:00', '14:00:00'),
(114, '2026-05-22', '12:00:00', '14:00:00'),
(114, '2026-05-23', '12:00:00', '14:00:00'),
(114, '2026-05-25', '12:00:00', '14:00:00'),
(114, '2026-05-26', '12:00:00', '14:00:00'),
(114, '2026-05-27', '12:00:00', '14:00:00'),
(114, '2026-05-28', '12:00:00', '14:00:00'),
(114, '2026-05-29', '12:00:00', '14:00:00'),
(114, '2026-05-30', '12:00:00', '14:00:00'),
(115, '2026-05-04', '08:00:00', '10:00:00'),
(115, '2026-05-05', '08:00:00', '10:00:00'),
(115, '2026-05-06', '08:00:00', '10:00:00'),
(115, '2026-05-07', '08:00:00', '10:00:00'),
(115, '2026-05-08', '08:00:00', '10:00:00'),
(115, '2026-05-09', '08:00:00', '10:00:00'),
(115, '2026-05-11', '08:00:00', '10:00:00'),
(115, '2026-05-12', '08:00:00', '10:00:00'),
(115, '2026-05-13', '08:00:00', '10:00:00'),
(115, '2026-05-14', '08:00:00', '10:00:00'),
(115, '2026-05-15', '08:00:00', '10:00:00'),
(115, '2026-05-16', '08:00:00', '10:00:00'),
(115, '2026-05-18', '08:00:00', '10:00:00'),
(115, '2026-05-19', '08:00:00', '10:00:00'),
(115, '2026-05-20', '08:00:00', '10:00:00'),
(115, '2026-05-21', '08:00:00', '10:00:00'),
(115, '2026-05-22', '08:00:00', '10:00:00'),
(115, '2026-05-23', '08:00:00', '10:00:00'),
(115, '2026-05-25', '08:00:00', '10:00:00'),
(115, '2026-05-26', '08:00:00', '10:00:00'),
(115, '2026-05-27', '08:00:00', '10:00:00'),
(115, '2026-05-28', '08:00:00', '10:00:00'),
(115, '2026-05-29', '08:00:00', '10:00:00'),
(115, '2026-05-30', '08:00:00', '10:00:00'),
(116, '2026-05-04', '12:00:00', '14:00:00'),
(116, '2026-05-05', '12:00:00', '14:00:00'),
(116, '2026-05-06', '12:00:00', '14:00:00'),
(116, '2026-05-07', '12:00:00', '14:00:00'),
(116, '2026-05-08', '12:00:00', '14:00:00'),
(116, '2026-05-09', '12:00:00', '14:00:00'),
(116, '2026-05-11', '12:00:00', '14:00:00'),
(116, '2026-05-12', '12:00:00', '14:00:00'),
(116, '2026-05-13', '12:00:00', '14:00:00'),
(116, '2026-05-14', '12:00:00', '14:00:00'),
(116, '2026-05-15', '12:00:00', '14:00:00'),
(116, '2026-05-16', '12:00:00', '14:00:00'),
(116, '2026-05-18', '12:00:00', '14:00:00'),
(116, '2026-05-19', '12:00:00', '14:00:00'),
(116, '2026-05-20', '12:00:00', '14:00:00'),
(116, '2026-05-21', '12:00:00', '14:00:00'),
(116, '2026-05-22', '12:00:00', '14:00:00'),
(116, '2026-05-23', '12:00:00', '14:00:00'),
(116, '2026-05-25', '12:00:00', '14:00:00'),
(116, '2026-05-26', '12:00:00', '14:00:00'),
(116, '2026-05-27', '12:00:00', '14:00:00'),
(116, '2026-05-28', '12:00:00', '14:00:00'),
(116, '2026-05-29', '12:00:00', '14:00:00'),
(116, '2026-05-30', '12:00:00', '14:00:00'),
(117, '2026-05-04', '06:00:00', '08:00:00'),
(117, '2026-05-05', '06:00:00', '08:00:00'),
(117, '2026-05-06', '06:00:00', '08:00:00'),
(117, '2026-05-07', '06:00:00', '08:00:00'),
(117, '2026-05-08', '06:00:00', '08:00:00'),
(117, '2026-05-09', '06:00:00', '08:00:00'),
(117, '2026-05-11', '06:00:00', '08:00:00'),
(117, '2026-05-12', '06:00:00', '08:00:00'),
(117, '2026-05-13', '06:00:00', '08:00:00'),
(117, '2026-05-14', '06:00:00', '08:00:00'),
(117, '2026-05-15', '06:00:00', '08:00:00'),
(117, '2026-05-16', '06:00:00', '08:00:00'),
(117, '2026-05-18', '06:00:00', '08:00:00'),
(117, '2026-05-19', '06:00:00', '08:00:00'),
(117, '2026-05-20', '06:00:00', '08:00:00'),
(117, '2026-05-21', '06:00:00', '08:00:00'),
(117, '2026-05-22', '06:00:00', '08:00:00'),
(117, '2026-05-23', '06:00:00', '08:00:00'),
(117, '2026-05-25', '06:00:00', '08:00:00'),
(117, '2026-05-26', '06:00:00', '08:00:00'),
(117, '2026-05-27', '06:00:00', '08:00:00'),
(117, '2026-05-28', '06:00:00', '08:00:00'),
(117, '2026-05-29', '06:00:00', '08:00:00'),
(117, '2026-05-30', '06:00:00', '08:00:00'),
(118, '2026-05-04', '16:00:00', '18:00:00'),
(118, '2026-05-05', '16:00:00', '18:00:00'),
(118, '2026-05-06', '16:00:00', '18:00:00'),
(118, '2026-05-07', '16:00:00', '18:00:00'),
(118, '2026-05-08', '16:00:00', '18:00:00'),
(118, '2026-05-09', '16:00:00', '18:00:00'),
(118, '2026-05-11', '16:00:00', '18:00:00'),
(118, '2026-05-12', '16:00:00', '18:00:00'),
(118, '2026-05-13', '16:00:00', '18:00:00'),
(118, '2026-05-14', '16:00:00', '18:00:00'),
(118, '2026-05-15', '16:00:00', '18:00:00'),
(118, '2026-05-16', '16:00:00', '18:00:00'),
(118, '2026-05-18', '16:00:00', '18:00:00'),
(118, '2026-05-19', '16:00:00', '18:00:00'),
(118, '2026-05-20', '16:00:00', '18:00:00'),
(118, '2026-05-21', '16:00:00', '18:00:00'),
(118, '2026-05-22', '16:00:00', '18:00:00'),
(118, '2026-05-23', '16:00:00', '18:00:00'),
(118, '2026-05-25', '16:00:00', '18:00:00'),
(118, '2026-05-26', '16:00:00', '18:00:00'),
(118, '2026-05-27', '16:00:00', '18:00:00'),
(118, '2026-05-28', '16:00:00', '18:00:00'),
(118, '2026-05-29', '16:00:00', '18:00:00'),
(118, '2026-05-30', '16:00:00', '18:00:00'),
(119, '2026-05-04', '18:00:00', '20:00:00'),
(119, '2026-05-05', '18:00:00', '20:00:00'),
(119, '2026-05-06', '18:00:00', '20:00:00'),
(119, '2026-05-07', '18:00:00', '20:00:00'),
(119, '2026-05-08', '18:00:00', '20:00:00'),
(119, '2026-05-09', '18:00:00', '20:00:00'),
(119, '2026-05-11', '18:00:00', '20:00:00'),
(119, '2026-05-12', '18:00:00', '20:00:00'),
(119, '2026-05-13', '18:00:00', '20:00:00'),
(119, '2026-05-14', '18:00:00', '20:00:00'),
(119, '2026-05-15', '18:00:00', '20:00:00'),
(119, '2026-05-16', '18:00:00', '20:00:00'),
(119, '2026-05-18', '18:00:00', '20:00:00'),
(119, '2026-05-19', '18:00:00', '20:00:00'),
(119, '2026-05-20', '18:00:00', '20:00:00'),
(119, '2026-05-21', '18:00:00', '20:00:00'),
(119, '2026-05-22', '18:00:00', '20:00:00'),
(119, '2026-05-23', '18:00:00', '20:00:00'),
(119, '2026-05-25', '18:00:00', '20:00:00'),
(119, '2026-05-26', '18:00:00', '20:00:00'),
(119, '2026-05-27', '18:00:00', '20:00:00'),
(119, '2026-05-28', '18:00:00', '20:00:00'),
(119, '2026-05-29', '18:00:00', '20:00:00'),
(119, '2026-05-30', '18:00:00', '20:00:00'),
(120, '2026-05-04', '06:00:00', '08:00:00'),
(120, '2026-05-05', '06:00:00', '08:00:00'),
(120, '2026-05-06', '06:00:00', '08:00:00'),
(120, '2026-05-07', '06:00:00', '08:00:00'),
(120, '2026-05-08', '06:00:00', '08:00:00'),
(120, '2026-05-09', '06:00:00', '08:00:00'),
(120, '2026-05-11', '06:00:00', '08:00:00'),
(120, '2026-05-12', '06:00:00', '08:00:00'),
(120, '2026-05-13', '06:00:00', '08:00:00'),
(120, '2026-05-14', '06:00:00', '08:00:00'),
(120, '2026-05-15', '06:00:00', '08:00:00'),
(120, '2026-05-16', '06:00:00', '08:00:00'),
(120, '2026-05-18', '06:00:00', '08:00:00'),
(120, '2026-05-19', '06:00:00', '08:00:00'),
(120, '2026-05-20', '06:00:00', '08:00:00'),
(120, '2026-05-21', '06:00:00', '08:00:00'),
(120, '2026-05-22', '06:00:00', '08:00:00'),
(120, '2026-05-23', '06:00:00', '08:00:00'),
(120, '2026-05-25', '06:00:00', '08:00:00'),
(120, '2026-05-26', '06:00:00', '08:00:00'),
(120, '2026-05-27', '06:00:00', '08:00:00'),
(120, '2026-05-28', '06:00:00', '08:00:00'),
(120, '2026-05-29', '06:00:00', '08:00:00'),
(120, '2026-05-30', '06:00:00', '08:00:00'),
(121, '2026-05-04', '14:00:00', '16:00:00'),
(121, '2026-05-05', '14:00:00', '16:00:00'),
(121, '2026-05-06', '14:00:00', '16:00:00'),
(121, '2026-05-07', '14:00:00', '16:00:00'),
(121, '2026-05-08', '14:00:00', '16:00:00'),
(121, '2026-05-09', '14:00:00', '16:00:00'),
(121, '2026-05-11', '14:00:00', '16:00:00'),
(121, '2026-05-12', '14:00:00', '16:00:00'),
(121, '2026-05-13', '14:00:00', '16:00:00'),
(121, '2026-05-14', '14:00:00', '16:00:00'),
(121, '2026-05-15', '14:00:00', '16:00:00'),
(121, '2026-05-16', '14:00:00', '16:00:00'),
(121, '2026-05-18', '14:00:00', '16:00:00'),
(121, '2026-05-19', '14:00:00', '16:00:00'),
(121, '2026-05-20', '14:00:00', '16:00:00'),
(121, '2026-05-21', '14:00:00', '16:00:00'),
(121, '2026-05-22', '14:00:00', '16:00:00'),
(121, '2026-05-23', '14:00:00', '16:00:00'),
(121, '2026-05-25', '14:00:00', '16:00:00'),
(121, '2026-05-26', '14:00:00', '16:00:00'),
(121, '2026-05-27', '14:00:00', '16:00:00'),
(121, '2026-05-28', '14:00:00', '16:00:00'),
(121, '2026-05-29', '14:00:00', '16:00:00'),
(121, '2026-05-30', '14:00:00', '16:00:00'),
(122, '2026-05-04', '18:00:00', '20:00:00'),
(122, '2026-05-05', '18:00:00', '20:00:00'),
(122, '2026-05-06', '18:00:00', '20:00:00'),
(122, '2026-05-07', '18:00:00', '20:00:00'),
(122, '2026-05-08', '18:00:00', '20:00:00'),
(122, '2026-05-09', '18:00:00', '20:00:00'),
(122, '2026-05-11', '18:00:00', '20:00:00'),
(122, '2026-05-12', '18:00:00', '20:00:00'),
(122, '2026-05-13', '18:00:00', '20:00:00'),
(122, '2026-05-14', '18:00:00', '20:00:00'),
(122, '2026-05-15', '18:00:00', '20:00:00'),
(122, '2026-05-16', '18:00:00', '20:00:00'),
(122, '2026-05-18', '18:00:00', '20:00:00'),
(122, '2026-05-19', '18:00:00', '20:00:00'),
(122, '2026-05-20', '18:00:00', '20:00:00'),
(122, '2026-05-21', '18:00:00', '20:00:00'),
(122, '2026-05-22', '18:00:00', '20:00:00'),
(122, '2026-05-23', '18:00:00', '20:00:00'),
(122, '2026-05-25', '18:00:00', '20:00:00'),
(122, '2026-05-26', '18:00:00', '20:00:00'),
(122, '2026-05-27', '18:00:00', '20:00:00'),
(122, '2026-05-28', '18:00:00', '20:00:00'),
(122, '2026-05-29', '18:00:00', '20:00:00'),
(122, '2026-05-30', '18:00:00', '20:00:00'),
(123, '2026-05-04', '10:00:00', '12:00:00'),
(123, '2026-05-05', '10:00:00', '12:00:00'),
(123, '2026-05-06', '10:00:00', '12:00:00'),
(123, '2026-05-07', '10:00:00', '12:00:00'),
(123, '2026-05-08', '10:00:00', '12:00:00'),
(123, '2026-05-09', '10:00:00', '12:00:00'),
(123, '2026-05-11', '10:00:00', '12:00:00'),
(123, '2026-05-12', '10:00:00', '12:00:00'),
(123, '2026-05-13', '10:00:00', '12:00:00'),
(123, '2026-05-14', '10:00:00', '12:00:00'),
(123, '2026-05-15', '10:00:00', '12:00:00'),
(123, '2026-05-16', '10:00:00', '12:00:00'),
(123, '2026-05-18', '10:00:00', '12:00:00'),
(123, '2026-05-19', '10:00:00', '12:00:00'),
(123, '2026-05-20', '10:00:00', '12:00:00'),
(123, '2026-05-21', '10:00:00', '12:00:00'),
(123, '2026-05-22', '10:00:00', '12:00:00'),
(123, '2026-05-23', '10:00:00', '12:00:00'),
(123, '2026-05-25', '10:00:00', '12:00:00'),
(123, '2026-05-26', '10:00:00', '12:00:00'),
(123, '2026-05-27', '10:00:00', '12:00:00'),
(123, '2026-05-28', '10:00:00', '12:00:00'),
(123, '2026-05-29', '10:00:00', '12:00:00'),
(123, '2026-05-30', '10:00:00', '12:00:00'),
(124, '2026-05-04', '18:00:00', '20:00:00'),
(124, '2026-05-05', '18:00:00', '20:00:00'),
(124, '2026-05-06', '18:00:00', '20:00:00'),
(124, '2026-05-07', '18:00:00', '20:00:00'),
(124, '2026-05-08', '18:00:00', '20:00:00'),
(124, '2026-05-09', '18:00:00', '20:00:00'),
(124, '2026-05-11', '18:00:00', '20:00:00'),
(124, '2026-05-12', '18:00:00', '20:00:00'),
(124, '2026-05-13', '18:00:00', '20:00:00'),
(124, '2026-05-14', '18:00:00', '20:00:00'),
(124, '2026-05-15', '18:00:00', '20:00:00'),
(124, '2026-05-16', '18:00:00', '20:00:00'),
(124, '2026-05-18', '18:00:00', '20:00:00'),
(124, '2026-05-19', '18:00:00', '20:00:00'),
(124, '2026-05-20', '18:00:00', '20:00:00'),
(124, '2026-05-21', '18:00:00', '20:00:00'),
(124, '2026-05-22', '18:00:00', '20:00:00'),
(124, '2026-05-23', '18:00:00', '20:00:00'),
(124, '2026-05-25', '18:00:00', '20:00:00'),
(124, '2026-05-26', '18:00:00', '20:00:00'),
(124, '2026-05-27', '18:00:00', '20:00:00'),
(124, '2026-05-28', '18:00:00', '20:00:00'),
(124, '2026-05-29', '18:00:00', '20:00:00'),
(124, '2026-05-30', '18:00:00', '20:00:00'),
(125, '2026-05-04', '08:00:00', '10:00:00'),
(125, '2026-05-05', '08:00:00', '10:00:00'),
(125, '2026-05-06', '08:00:00', '10:00:00'),
(125, '2026-05-07', '08:00:00', '10:00:00'),
(125, '2026-05-08', '08:00:00', '10:00:00'),
(125, '2026-05-09', '08:00:00', '10:00:00'),
(125, '2026-05-11', '08:00:00', '10:00:00'),
(125, '2026-05-12', '08:00:00', '10:00:00'),
(125, '2026-05-13', '08:00:00', '10:00:00'),
(125, '2026-05-14', '08:00:00', '10:00:00'),
(125, '2026-05-15', '08:00:00', '10:00:00'),
(125, '2026-05-16', '08:00:00', '10:00:00'),
(125, '2026-05-18', '08:00:00', '10:00:00'),
(125, '2026-05-19', '08:00:00', '10:00:00'),
(125, '2026-05-20', '08:00:00', '10:00:00'),
(125, '2026-05-21', '08:00:00', '10:00:00'),
(125, '2026-05-22', '08:00:00', '10:00:00'),
(125, '2026-05-23', '08:00:00', '10:00:00'),
(125, '2026-05-25', '08:00:00', '10:00:00'),
(125, '2026-05-26', '08:00:00', '10:00:00'),
(125, '2026-05-27', '08:00:00', '10:00:00'),
(125, '2026-05-28', '08:00:00', '10:00:00'),
(125, '2026-05-29', '08:00:00', '10:00:00'),
(125, '2026-05-30', '08:00:00', '10:00:00'),
(126, '2026-05-04', '20:00:00', '22:00:00'),
(126, '2026-05-05', '20:00:00', '22:00:00'),
(126, '2026-05-06', '20:00:00', '22:00:00'),
(126, '2026-05-07', '20:00:00', '22:00:00'),
(126, '2026-05-08', '20:00:00', '22:00:00'),
(126, '2026-05-09', '20:00:00', '22:00:00'),
(126, '2026-05-11', '20:00:00', '22:00:00'),
(126, '2026-05-12', '20:00:00', '22:00:00'),
(126, '2026-05-13', '20:00:00', '22:00:00'),
(126, '2026-05-14', '20:00:00', '22:00:00'),
(126, '2026-05-15', '20:00:00', '22:00:00'),
(126, '2026-05-16', '20:00:00', '22:00:00'),
(126, '2026-05-18', '20:00:00', '22:00:00'),
(126, '2026-05-19', '20:00:00', '22:00:00'),
(126, '2026-05-20', '20:00:00', '22:00:00'),
(126, '2026-05-21', '20:00:00', '22:00:00'),
(126, '2026-05-22', '20:00:00', '22:00:00'),
(126, '2026-05-23', '20:00:00', '22:00:00'),
(126, '2026-05-25', '20:00:00', '22:00:00'),
(126, '2026-05-26', '20:00:00', '22:00:00'),
(126, '2026-05-27', '20:00:00', '22:00:00'),
(126, '2026-05-28', '20:00:00', '22:00:00'),
(126, '2026-05-29', '20:00:00', '22:00:00'),
(126, '2026-05-30', '20:00:00', '22:00:00'),
(127, '2026-05-04', '18:00:00', '20:00:00'),
(127, '2026-05-05', '18:00:00', '20:00:00'),
(127, '2026-05-06', '18:00:00', '20:00:00'),
(127, '2026-05-07', '18:00:00', '20:00:00'),
(127, '2026-05-08', '18:00:00', '20:00:00'),
(127, '2026-05-09', '18:00:00', '20:00:00'),
(127, '2026-05-11', '18:00:00', '20:00:00'),
(127, '2026-05-12', '18:00:00', '20:00:00'),
(127, '2026-05-13', '18:00:00', '20:00:00'),
(127, '2026-05-14', '18:00:00', '20:00:00'),
(127, '2026-05-15', '18:00:00', '20:00:00'),
(127, '2026-05-16', '18:00:00', '20:00:00'),
(127, '2026-05-18', '18:00:00', '20:00:00'),
(127, '2026-05-19', '18:00:00', '20:00:00'),
(127, '2026-05-20', '18:00:00', '20:00:00'),
(127, '2026-05-21', '18:00:00', '20:00:00'),
(127, '2026-05-22', '18:00:00', '20:00:00'),
(127, '2026-05-23', '18:00:00', '20:00:00'),
(127, '2026-05-25', '18:00:00', '20:00:00'),
(127, '2026-05-26', '18:00:00', '20:00:00'),
(127, '2026-05-27', '18:00:00', '20:00:00'),
(127, '2026-05-28', '18:00:00', '20:00:00'),
(127, '2026-05-29', '18:00:00', '20:00:00'),
(127, '2026-05-30', '18:00:00', '20:00:00'),
(128, '2026-05-04', '14:00:00', '16:00:00'),
(128, '2026-05-05', '14:00:00', '16:00:00'),
(128, '2026-05-06', '14:00:00', '16:00:00'),
(128, '2026-05-07', '14:00:00', '16:00:00'),
(128, '2026-05-08', '14:00:00', '16:00:00'),
(128, '2026-05-09', '14:00:00', '16:00:00'),
(128, '2026-05-11', '14:00:00', '16:00:00'),
(128, '2026-05-12', '14:00:00', '16:00:00'),
(128, '2026-05-13', '14:00:00', '16:00:00'),
(128, '2026-05-14', '14:00:00', '16:00:00'),
(128, '2026-05-15', '14:00:00', '16:00:00'),
(128, '2026-05-16', '14:00:00', '16:00:00'),
(128, '2026-05-18', '14:00:00', '16:00:00'),
(128, '2026-05-19', '14:00:00', '16:00:00'),
(128, '2026-05-20', '14:00:00', '16:00:00'),
(128, '2026-05-21', '14:00:00', '16:00:00'),
(128, '2026-05-22', '14:00:00', '16:00:00'),
(128, '2026-05-23', '14:00:00', '16:00:00'),
(128, '2026-05-25', '14:00:00', '16:00:00'),
(128, '2026-05-26', '14:00:00', '16:00:00'),
(128, '2026-05-27', '14:00:00', '16:00:00'),
(128, '2026-05-28', '14:00:00', '16:00:00'),
(128, '2026-05-29', '14:00:00', '16:00:00'),
(128, '2026-05-30', '14:00:00', '16:00:00'),
(129, '2026-05-04', '10:00:00', '12:00:00'),
(129, '2026-05-05', '10:00:00', '12:00:00'),
(129, '2026-05-06', '10:00:00', '12:00:00'),
(129, '2026-05-07', '10:00:00', '12:00:00'),
(129, '2026-05-08', '10:00:00', '12:00:00'),
(129, '2026-05-09', '10:00:00', '12:00:00'),
(129, '2026-05-11', '10:00:00', '12:00:00'),
(129, '2026-05-12', '10:00:00', '12:00:00'),
(129, '2026-05-13', '10:00:00', '12:00:00'),
(129, '2026-05-14', '10:00:00', '12:00:00'),
(129, '2026-05-15', '10:00:00', '12:00:00'),
(129, '2026-05-16', '10:00:00', '12:00:00'),
(129, '2026-05-18', '10:00:00', '12:00:00'),
(129, '2026-05-19', '10:00:00', '12:00:00'),
(129, '2026-05-20', '10:00:00', '12:00:00'),
(129, '2026-05-21', '10:00:00', '12:00:00'),
(129, '2026-05-22', '10:00:00', '12:00:00'),
(129, '2026-05-23', '10:00:00', '12:00:00'),
(129, '2026-05-25', '10:00:00', '12:00:00'),
(129, '2026-05-26', '10:00:00', '12:00:00'),
(129, '2026-05-27', '10:00:00', '12:00:00'),
(129, '2026-05-28', '10:00:00', '12:00:00'),
(129, '2026-05-29', '10:00:00', '12:00:00'),
(129, '2026-05-30', '10:00:00', '12:00:00'),
(130, '2026-05-04', '12:00:00', '14:00:00'),
(130, '2026-05-05', '12:00:00', '14:00:00'),
(130, '2026-05-06', '12:00:00', '14:00:00'),
(130, '2026-05-07', '12:00:00', '14:00:00'),
(130, '2026-05-08', '12:00:00', '14:00:00'),
(130, '2026-05-09', '12:00:00', '14:00:00'),
(130, '2026-05-11', '12:00:00', '14:00:00'),
(130, '2026-05-12', '12:00:00', '14:00:00'),
(130, '2026-05-13', '12:00:00', '14:00:00'),
(130, '2026-05-14', '12:00:00', '14:00:00'),
(130, '2026-05-15', '12:00:00', '14:00:00'),
(130, '2026-05-16', '12:00:00', '14:00:00'),
(130, '2026-05-18', '12:00:00', '14:00:00'),
(130, '2026-05-19', '12:00:00', '14:00:00'),
(130, '2026-05-20', '12:00:00', '14:00:00'),
(130, '2026-05-21', '12:00:00', '14:00:00'),
(130, '2026-05-22', '12:00:00', '14:00:00'),
(130, '2026-05-23', '12:00:00', '14:00:00'),
(130, '2026-05-25', '12:00:00', '14:00:00'),
(130, '2026-05-26', '12:00:00', '14:00:00'),
(130, '2026-05-27', '12:00:00', '14:00:00'),
(130, '2026-05-28', '12:00:00', '14:00:00'),
(130, '2026-05-29', '12:00:00', '14:00:00'),
(130, '2026-05-30', '12:00:00', '14:00:00'),
(131, '2026-05-04', '10:00:00', '12:00:00'),
(131, '2026-05-05', '10:00:00', '12:00:00'),
(131, '2026-05-06', '10:00:00', '12:00:00'),
(131, '2026-05-07', '10:00:00', '12:00:00'),
(131, '2026-05-08', '10:00:00', '12:00:00'),
(131, '2026-05-09', '10:00:00', '12:00:00'),
(131, '2026-05-11', '10:00:00', '12:00:00'),
(131, '2026-05-12', '10:00:00', '12:00:00'),
(131, '2026-05-13', '10:00:00', '12:00:00'),
(131, '2026-05-14', '10:00:00', '12:00:00'),
(131, '2026-05-15', '10:00:00', '12:00:00'),
(131, '2026-05-16', '10:00:00', '12:00:00'),
(131, '2026-05-18', '10:00:00', '12:00:00'),
(131, '2026-05-19', '10:00:00', '12:00:00'),
(131, '2026-05-20', '10:00:00', '12:00:00'),
(131, '2026-05-21', '10:00:00', '12:00:00'),
(131, '2026-05-22', '10:00:00', '12:00:00'),
(131, '2026-05-23', '10:00:00', '12:00:00'),
(131, '2026-05-25', '10:00:00', '12:00:00'),
(131, '2026-05-26', '10:00:00', '12:00:00'),
(131, '2026-05-27', '10:00:00', '12:00:00'),
(131, '2026-05-28', '10:00:00', '12:00:00'),
(131, '2026-05-29', '10:00:00', '12:00:00'),
(131, '2026-05-30', '10:00:00', '12:00:00'),
(132, '2026-05-04', '08:00:00', '10:00:00'),
(132, '2026-05-05', '08:00:00', '10:00:00'),
(132, '2026-05-06', '08:00:00', '10:00:00'),
(132, '2026-05-07', '08:00:00', '10:00:00'),
(132, '2026-05-08', '08:00:00', '10:00:00'),
(132, '2026-05-09', '08:00:00', '10:00:00'),
(132, '2026-05-11', '08:00:00', '10:00:00'),
(132, '2026-05-12', '08:00:00', '10:00:00'),
(132, '2026-05-13', '08:00:00', '10:00:00'),
(132, '2026-05-14', '08:00:00', '10:00:00'),
(132, '2026-05-15', '08:00:00', '10:00:00'),
(132, '2026-05-16', '08:00:00', '10:00:00'),
(132, '2026-05-18', '08:00:00', '10:00:00'),
(132, '2026-05-19', '08:00:00', '10:00:00'),
(132, '2026-05-20', '08:00:00', '10:00:00'),
(132, '2026-05-21', '08:00:00', '10:00:00'),
(132, '2026-05-22', '08:00:00', '10:00:00'),
(132, '2026-05-23', '08:00:00', '10:00:00'),
(132, '2026-05-25', '08:00:00', '10:00:00'),
(132, '2026-05-26', '08:00:00', '10:00:00'),
(132, '2026-05-27', '08:00:00', '10:00:00'),
(132, '2026-05-28', '08:00:00', '10:00:00'),
(132, '2026-05-29', '08:00:00', '10:00:00'),
(132, '2026-05-30', '08:00:00', '10:00:00'),
(133, '2026-05-04', '16:00:00', '18:00:00'),
(133, '2026-05-05', '16:00:00', '18:00:00'),
(133, '2026-05-06', '16:00:00', '18:00:00'),
(133, '2026-05-07', '16:00:00', '18:00:00'),
(133, '2026-05-08', '16:00:00', '18:00:00'),
(133, '2026-05-09', '16:00:00', '18:00:00'),
(133, '2026-05-11', '16:00:00', '18:00:00'),
(133, '2026-05-12', '16:00:00', '18:00:00'),
(133, '2026-05-13', '16:00:00', '18:00:00'),
(133, '2026-05-14', '16:00:00', '18:00:00'),
(133, '2026-05-15', '16:00:00', '18:00:00'),
(133, '2026-05-16', '16:00:00', '18:00:00'),
(133, '2026-05-18', '16:00:00', '18:00:00'),
(133, '2026-05-19', '16:00:00', '18:00:00'),
(133, '2026-05-20', '16:00:00', '18:00:00'),
(133, '2026-05-21', '16:00:00', '18:00:00'),
(133, '2026-05-22', '16:00:00', '18:00:00'),
(133, '2026-05-23', '16:00:00', '18:00:00'),
(133, '2026-05-25', '16:00:00', '18:00:00'),
(133, '2026-05-26', '16:00:00', '18:00:00'),
(133, '2026-05-27', '16:00:00', '18:00:00'),
(133, '2026-05-28', '16:00:00', '18:00:00'),
(133, '2026-05-29', '16:00:00', '18:00:00'),
(133, '2026-05-30', '16:00:00', '18:00:00'),
(134, '2026-05-04', '10:00:00', '12:00:00'),
(134, '2026-05-05', '10:00:00', '12:00:00'),
(134, '2026-05-06', '10:00:00', '12:00:00'),
(134, '2026-05-07', '10:00:00', '12:00:00'),
(134, '2026-05-08', '10:00:00', '12:00:00'),
(134, '2026-05-09', '10:00:00', '12:00:00'),
(134, '2026-05-11', '10:00:00', '12:00:00'),
(134, '2026-05-12', '10:00:00', '12:00:00'),
(134, '2026-05-13', '10:00:00', '12:00:00'),
(134, '2026-05-14', '10:00:00', '12:00:00'),
(134, '2026-05-15', '10:00:00', '12:00:00'),
(134, '2026-05-16', '10:00:00', '12:00:00'),
(134, '2026-05-18', '10:00:00', '12:00:00'),
(134, '2026-05-19', '10:00:00', '12:00:00'),
(134, '2026-05-20', '10:00:00', '12:00:00'),
(134, '2026-05-21', '10:00:00', '12:00:00'),
(134, '2026-05-22', '10:00:00', '12:00:00'),
(134, '2026-05-23', '10:00:00', '12:00:00'),
(134, '2026-05-25', '10:00:00', '12:00:00'),
(134, '2026-05-26', '10:00:00', '12:00:00'),
(134, '2026-05-27', '10:00:00', '12:00:00'),
(134, '2026-05-28', '10:00:00', '12:00:00'),
(134, '2026-05-29', '10:00:00', '12:00:00'),
(134, '2026-05-30', '10:00:00', '12:00:00'),
(135, '2026-05-04', '14:00:00', '16:00:00'),
(135, '2026-05-05', '14:00:00', '16:00:00'),
(135, '2026-05-06', '14:00:00', '16:00:00'),
(135, '2026-05-07', '14:00:00', '16:00:00'),
(135, '2026-05-08', '14:00:00', '16:00:00'),
(135, '2026-05-09', '14:00:00', '16:00:00'),
(135, '2026-05-11', '14:00:00', '16:00:00'),
(135, '2026-05-12', '14:00:00', '16:00:00'),
(135, '2026-05-13', '14:00:00', '16:00:00'),
(135, '2026-05-14', '14:00:00', '16:00:00'),
(135, '2026-05-15', '14:00:00', '16:00:00'),
(135, '2026-05-16', '14:00:00', '16:00:00'),
(135, '2026-05-18', '14:00:00', '16:00:00'),
(135, '2026-05-19', '14:00:00', '16:00:00'),
(135, '2026-05-20', '14:00:00', '16:00:00'),
(135, '2026-05-21', '14:00:00', '16:00:00'),
(135, '2026-05-22', '14:00:00', '16:00:00'),
(135, '2026-05-23', '14:00:00', '16:00:00'),
(135, '2026-05-25', '14:00:00', '16:00:00'),
(135, '2026-05-26', '14:00:00', '16:00:00'),
(135, '2026-05-27', '14:00:00', '16:00:00'),
(135, '2026-05-28', '14:00:00', '16:00:00'),
(135, '2026-05-29', '14:00:00', '16:00:00'),
(135, '2026-05-30', '14:00:00', '16:00:00');

-- FIN DEL SCRIPT DE DATOS
